<?xml version="1.0"?>
<!-- $Id$ -->
<!-- Give all the module names here the configurations will be populated based on the order given -->
<modules>
    <Module moduleorder="10" modulename="Persistence" />
    <Module moduleorder="30" modulename="SQNS" />
    <Module moduleorder="40" modulename="Audit" />
    <Module moduleorder="50" modulename="Authentication" />
    <Module moduleorder="60" modulename="Authorization" />
    <Module moduleorder="70" modulename="CustomView" />
    <Module moduleorder="75" modulename="TaskEngine" />
    <Module moduleorder="80" modulename="WorkEngine" />
    <Module moduleorder="90" modulename="Tomcat" />
    <Module moduleorder="100" modulename="ClientFramework" />
    <Module moduleorder="110" modulename="ClientComponents" />
    <Module moduleorder="115" modulename="UidToolKit" />
	<Module moduleorder="120" modulename="adsf" />
    <Module moduleorder="130" modulename="rmpdb" />
</modules>
