<?xml version="1.0" encoding="ISO-8859-1" ?>
<!--     
$Id: TrayIconManager.xml,v 1.5 2016/02/15 08:38:07 tomjose.m Exp $
--> 
<TrayIconManager parentProductName="ManageEngine AD360" parentProduct="AD360" trayiconName="ADS" trayiconBat="\startTrayIcon.bat" trayiconLibrary="TrayIcon12"> 

	   <Process name="TrayIcon">
			<classpath>\resources</classpath>
			<classpath>\lib\ManageEngineADSFramework.jar</classpath>
			<classpath>\lib\ManageEngineADSFStartup.jar</classpath>
			<classpath>\lib\trayicon.jar</classpath>
			<classpath>\lib\AdventNetUpdateManagerInstaller.jar</classpath>
			<classpath>\lib\AdvPersistence.jar</classpath>
			<classpath>\bin\run.jar</classpath>
			<classpath>\lib\AdvAuthentication.jar</classpath>
			<classpath>\lib\AdvMicroFramework.jar</classpath>
			<classpath>\lib\mysql_connector.jar</classpath>
			<classpath>\lib\jtds-1.2.4.jar</classpath>
			<classpath>\lib\mickey3.jar</classpath>
                        <classpath>\lib\cp.jar</classpath>
			<classpath>\lib\concurrent.jar</classpath>
			<classpath>\lib\jboss-common-jdbc-wrapper.jar</classpath>
			<classpath>\lib\jboss-compressed.jar</classpath>
			<classpath>\lib\jboss-jca.jar</classpath>
			<classpath>\lib\jboss-j2ee.jar</classpath>
			<classpath>\lib\jboss-transaction.jar</classpath>
			<classpath>\lib\tomcat\servlet-api.jar</classpath>
			<classpath>\lib\json.jar</classpath>
			<classpath>\lib\AdvAuthorization.jar</classpath>
			<classpath>\lib\wrapper.jar</classpath>
			<classpath>\lib\Mail.jar</classpath>
			<classpath>\lib\tomcat\tomcat-juli.jar</classpath>
			<classpath>\lib\framework-tools.jar</classpath>
			<classpath>\lib\postgresql_jdbc4.jar</classpath>
			<classpath>\lib\AdvTaskEngine.jar</classpath>
			<classpath>\lib\jcifs-krb5-1.2.13.jar</classpath>
			<classpath>\lib\commons-io-2.2.jar</classpath>
			<classpath>\lib\cp.jar</classpath>
	 </Process>

</TrayIconManager>
