<?xml version="1.0" encoding="ISO-8859-1"?>

<!--     
$Id$
-->

<PROCESS-INFO>

	<PROCESS-PROPS ApplicationName="RMP"/>

	<PROCESS Name="StartServer" ExitOnCompletion="false" MainProcess="true">
	
		<COMMAND Name="RoboUpdate" Type="InvokeClass">
			<![CDATA[com.manageengine.ads.startup.actions.RoboUpdateManager]]>
		</COMMAND>
	
		<COMMAND Name="startServer" Type="InvokeClass">
			<![CDATA[com.manageengine.ads.startup.trayicon.process.ProductStarter]]>
			<ADDITIONALPARAMS ParamName="ProductName" ParamValue="ManageEngine RecoveryManager Plus"/>
			<ADDITIONALPARAMS ParamName="SplashImageFileName" ParamValue="../images/splash.png"/>
			<ADDITIONALPARAMS ParamName="BackgroundColor" ParamValue="255-255-255"/>
			<ADDITIONALPARAMS ParamName="ForegroundColor" ParamValue="107-210-73"/>
			<ADDITIONALPARAMS ParamName="WebServerPortFileName" ParamValue="../conf/server.xml"/>
			<ADDITIONALPARAMS ParamName="StartupMsgsFileName" ParamValue="../conf/startupmsgs.txt"/>
			<ADDITIONALPARAMS ParamName="client_startup_settings_filename" ParamValue="../conf/client_params.conf"/>
		</COMMAND>
					
					
		<COMMAND Name="startTrayIcon" Type="InvokeClass">
			<![CDATA[com.manageengine.ads.startup.trayicon.TrayIconManager]]>
			<ADDITIONALPARAMS ParamName="trayInfoFileName" ParamValue="conf/TrayIcon.xml"/>
			<ADDITIONALPARAMS ParamName="processInfoFileName" ParamValue="conf/ProcessInfo.xml"/>
			<ADDITIONALPARAMS ParamName="WebServerPortFileName" ParamValue="/conf/server.xml"/>
		</COMMAND>
		
		
		<COMMAND Name="startWebClient" Type="InvokeClass">
		<![CDATA[com.manageengine.ads.startup.trayicon.process.StartWebClient]]>
		<ADDITIONALPARAMS ParamName="command" ParamValue="rundll32 url.dll,FileProtocolHandler "/>
		<ADDITIONALPARAMS ParamName="WebServerPortFileName" ParamValue="../conf/server.xml"/>
		<ADDITIONALPARAMS ParamName="ProductName" ParamValue="RecoveryManager Plus"/>
	    <ADDITIONALPARAMS ParamName="client_startup_settings_filename" ParamValue="../conf/client_params.conf"/>
		</COMMAND>
		
	</PROCESS>
	
	   <PROCESS Name="StartTrayIcon">
 	                 <COMMAND Name="startTrayIcon" Type="InvokeClass">
 	                         <![CDATA[com.manageengine.ads.startup.trayicon.TrayIconManager]]>
 	                         <ADDITIONALPARAMS ParamName="trayInfoFileName" ParamValue="conf/TrayIcon.xml"/>
 	                         <ADDITIONALPARAMS ParamName="processInfoFileName" ParamValue="conf/ProcessInfo.xml"/>
 	                         <ADDITIONALPARAMS ParamName="WebServerPortFileName" ParamValue="/conf/server.xml"/>
 	                 </COMMAND>
 	         </PROCESS>

	<PROCESS Name="StartService">
		<COMMAND Name="startAsService" ExecutionDecider="com.manageengine.ads.startup.trayicon.process.StartupDecider">
			<![CDATA[RunAsAdmin.exe runAsAdmin.bat -t]]>
			<ADDITIONALPARAMS ParamName="WebServerPortFileName" ParamValue="../conf/server.xml"/>
		</COMMAND>
		
		
		
	</PROCESS>

	<PROCESS Name="StartConsole" ExitOnCompletion="false">
		<COMMAND Name="startAsConsole" ExecutionDecider="com.manageengine.ads.startup.trayicon.process.StartupDecider" AlternateProcess="StartWebClient">
			<![CDATA[RunAsAdmin.exe runAsAdmin.bat -c]]>
			<ADDITIONALPARAMS ParamName="WebServerPortFileName" ParamValue="../conf/server.xml"/>
		</COMMAND>
		
	</PROCESS>

	<PROCESS Name="ShowServerStatus">
		<COMMAND Name="ServerStatus" Type="InvokeClass">
			<![CDATA[com.manageengine.ads.startup.trayicon.process.ServerStatus]]>
		<ADDITIONALPARAMS ParamName="productName" ParamValue="ManageEngine RecoveryManager Plus"/>
		<ADDITIONALPARAMS ParamName="serverStatusTitle" ParamValue="RecoveryManagerPlus Server Status"/>
		<ADDITIONALPARAMS ParamName="WebServerPortFileName" ParamValue="../conf/server.xml"/>
		</COMMAND>
	</PROCESS>

	<PROCESS Name="StartWebClient">
		<COMMAND Name="StartWebClient" Type="InvokeClass">
		<![CDATA[com.manageengine.ads.startup.trayicon.process.StartWebClient]]>
		<ADDITIONALPARAMS ParamName="command" ParamValue="rundll32 url.dll,FileProtocolHandler "/>
		<ADDITIONALPARAMS ParamName="WebServerPortFileName" ParamValue="../conf/server.xml"/>
		<ADDITIONALPARAMS ParamName="client_startup_settings_filename" ParamValue="../conf/client_params.conf"/>
		<ADDITIONALPARAMS ParamName="productHome" ParamValue="ManageEngine RecoveryManager Plus"/>
                <ADDITIONALPARAMS ParamName="ProductName" ParamValue="ManageEngine RecoveryManager Plus"/>
		</COMMAND>
	</PROCESS>

	<!--PROCESS Name="ShutdownADSM">
		<COMMAND Name="ShutdownADSMService" OutputProcesser="com.adventnet.sym.adsm.start.ShowShutdownStatus">
			<![CDATA[wrapper.exe -p ..\conf\wrapper.conf]]>
		</COMMAND>
	</PROCESS-->
	<PROCESS Name="ShutdownServer">
		<COMMAND Name="ShutdownService" ExecutionDecider="com.manageengine.ads.startup.trayicon.process.ServerShutdown">
			<![CDATA[shutdown.bat]]>
		<ADDITIONALPARAMS ParamName="shutdownTitle" ParamValue="ManageEngine RecoveryManagerPlus: Confirm Shutdown"/>
		<ADDITIONALPARAMS ParamName="shutdownConfirmationMessage" ParamValue="This will shutdown RecoveryManagerPlus.Do you want to continue?"/>
		     <ADDITIONALPARAMS ParamName="WebServerPortFileName" ParamValue="/conf/server.xml"/>
			 <ADDITIONALPARAMS ParamName="ProductName" ParamValue="ManageEngine RecoveryManager Plus"/>
		</COMMAND>
	</PROCESS>
</PROCESS-INFO>
