<?xml version="1.0" encoding="ISO-8859-1" ?>

<RoboupdateInfo backUpLocation="\patch\BackupDB" supportedDB="postgres" resourceBundleName="rmp/ApplicationResources" > 

	 <Process name="Roboupdater">
			<classpath>\resources</classpath>
			<classpath>\lib\ManageEngineADSFramework.jar</classpath>
			<classpath>\lib\ManageEngineADSRoboUpdate.jar</classpath>
			<classpath>\lib\AdventNetUpdateManagerInstaller.jar</classpath>
			<classpath>\lib\AdvPersistence.jar</classpath>
			<classpath>\bin\run.jar</classpath>
			<classpath>\lib\AdvAuthentication.jar</classpath>
			<classpath>\lib\AdvMicroFramework.jar</classpath>
			<classpath>\lib\mysql_connector.jar</classpath>
			<classpath>\lib\jtds-1.2.4.jar</classpath>
			<classpath>\lib\mickey3.jar</classpath>
			<classpath>\lib\jboss-j2ee.jar</classpath>
			<classpath>\lib\cp.jar</classpath>
			<classpath>\lib\tomcat\servlet-api.jar</classpath>
			<classpath>\lib\json.jar</classpath>
			<classpath>\lib\AdvAuthorization.jar</classpath>
			<classpath>\lib\wrapper.jar</classpath>
			<classpath>\lib\AdvCoreLogging.jar</classpath>
			<classpath>\lib\Mail.jar</classpath>
			<classpath>\lib\tomcat\tomcat-juli.jar</classpath>
			<classpath>\lib\framework-tools.jar</classpath>
			<classpath>\lib\postgresql_jdbc4.jar</classpath>
			<classpath>\lib\AdvTaskEngine.jar</classpath>
			<classpath>\lib\jcifs-krb5-1.2.13.jar</classpath>
			<classpath>\lib\tomcat\commons-io-1.2.jar</classpath>
			<classpath>\lib\AdventNetClientComponents.jar</classpath>
	 </Process>
	 
	  <Process name="BackUpRestore">
			<classpath>\resources</classpath>
			<classpath>\lib\ManageEngineADSFramework.jar</classpath>
			<classpath>\lib\ManageEngineADSRoboUpdate.jar</classpath>
			<classpath>\lib\AdventNetUpdateManagerInstaller.jar</classpath>
			<classpath>\lib\AdvPersistence.jar</classpath>
			<classpath>\bin\run.jar</classpath>
			<classpath>\lib\AdvAuthentication.jar</classpath>
			<classpath>\lib\AdvMicroFramework.jar</classpath>
			<classpath>\lib\mysql_connector.jar</classpath>
			<classpath>\lib\jtds-1.2.4.jar</classpath>
			<classpath>\lib\mickey3.jar</classpath>
                        <classpath>\lib\cp.jar</classpath>
			<classpath>\lib\concurrent.jar</classpath>
			<classpath>\lib\jboss-common-jdbc-wrapper.jar</classpath>
			<classpath>\lib\jboss-compressed.jar</classpath>
			<classpath>\lib\jboss-jca.jar</classpath>
			<classpath>\lib\jboss-j2ee.jar</classpath>
			<classpath>\lib\jboss-transaction.jar</classpath>
			<classpath>\lib\tomcat\servlet-api.jar</classpath>
			<classpath>\lib\json.jar</classpath>
			<classpath>\lib\AdvAuthorization.jar</classpath>
			<classpath>\lib\wrapper.jar</classpath>
			<classpath>\lib\AdvCoreLogging.jar</classpath>
			<classpath>\lib\Mail.jar</classpath>
			<classpath>\lib\tomcat\tomcat-juli.jar</classpath>
			<classpath>\lib\framework-tools.jar</classpath>
			<classpath>\lib\postgresql_jdbc4.jar</classpath>
			<classpath>\lib\AdvTaskEngine.jar</classpath>
			<classpath>\lib\jcifs-krb5-1.2.13.jar</classpath>	
			<classpath>\lib\tomcat\commons-io-1.2.jar</classpath>		
			<classpath>\lib\AdventNetClientComponents.jar</classpath>
	 </Process>
	 
	  <Process name="InstallPatch">
			<classpath>\lib\AdventNetUpdateManagerInstaller.jar</classpath>
			<classpath>\lib\ManageEngineADSRoboUpdate.jar</classpath>
			<classpath>\bin\run.jar</classpath>
	 </Process>

</RoboupdateInfo>
<!-- $Id$ -->
