<?xml version="1.0" encoding="UTF-8"?>

<!DOCTYPE extended-conf-files [
<!ENTITY product-config SYSTEM "${product.config}">
<!ENTITY customer-config SYSTEM "${customer.config}">
]>

<persistence-configurations>

   <!--
    * The below attribute enables configuring the class to be used for
    * Sequence generations. 
    -->
    <configuration name="SeqGenTypeVsClass" value="">
        <property name="INTEGER" value="com.adventnet.db.persistence.IntegerSequenceGenerator"/>
        <property name="BIGINT" value="com.adventnet.db.persistence.LongSequenceGenerator"/>
    </configuration>
    <configuration name="onSAS" value="false"/>
    <configuration name="TablesWithoutUVGColsInPK" value="">
        <data value="SeqGenState"/>
        <data value="TableDSMap"/>
    </configuration>
    <configuration name="DBName" value="postgres"/>
    <configuration name="StartDBServer" value="true"/>
    <configuration name="CaseSensitiveInCriteria" value="true"/>

    <configuration name="CacheRepository" value="com.adventnet.persistence.cache.CacheRepositoryImpl"/>
    <configuration name="TransactionTimeOut" value="300"/>
    <configuration name="Preprocessor" value=""/>
    <configuration name="cryptClass" value="com.zoho.framework.utils.crypto.EnDecryptImpl"/>	
    <configuration name="ECTag" value="MLite"/>

	<!-- This is for Backup and Restore -->
    <configuration name="BackupRestore" value="">
    	<property name="BackupRestoreListener" value=""/>
		<property name="BackupRestoreSanityChecker" value=""/>
		<property name="backup.nonmickey.tables" value="false"/>
    </configuration>
    
    <!-- This is for applications using simple MickeyLite -->
    <configuration name="DataSourcePlugIn" value="com.adventnet.ds.DefaultDataSourcePlugIn"/>
    <configuration name="DSAdapter" value="postgres"/>

    <!-- This is for applications using MDS Enabled MickeyLite -->
    <!--
    <configuration name="DataSourcePlugIn" value="com.adventnet.ds.adapter.mds.MDSDataSourcePlugIn">
        <property name="DefaultDSAdapter" value="mysql"/>
    </configuration>
    <configuration name="DSAdapter" value="mds"/>
    -->

    <configuration name="mds" value="">
        <property name="dbadapter" value="com.adventnet.ds.adapter.mds.MDSAdapter"/>
        <property name="sqlgenerator" value=""/>
    </configuration>

    <configuration name="mysql" value="">
        <property name="dbadapter" value="com.adventnet.db.adapter.mysql.MysqlDBAdapter"/>
        <property name="sqlgenerator" value="com.adventnet.db.adapter.mysql.MysqlSQLGenerator"/>
        <property name="backuphandler" value="com.adventnet.db.adapter.mysql.MysqlBackupHandler"/>
        <property name="restorehandler" value="com.adventnet.db.adapter.mysql.MysqlRestoreHandler"/>
	<sql_function_pattern_file value="conf/Persistence/mysql_functionpatterns.txt"/>
    </configuration>
    
    <configuration name="mysql4-1-x" value="">
        <property name="dbadapter" value="com.adventnet.db.adapter.mysql.MysqlDBAdapter"/>
        <property name="sqlgenerator" value="comi.adventnet.db.adapter.mysql.Mysql4_1xSQLGenerator"/>
        <property name="backuphandler" value="com.adventnet.db.adapter.mysql.MysqlBackupHandler"/>
        <property name="restorehandler" value="com.adventnet.db.adapter.mysql.MysqlRestoreHandler"/>
    </configuration>
    
    <configuration name="oracle" value="">
        <property name="dbadapter" value="com.adventnet.db.adapter.oracle.OracleDBAdapter"/>
        <property name="sqlgenerator" value="com.adventnet.db.adapter.oracle.OracleSQLGenerator"/>
        <property name="backuphandler" value=""/>
        <property name="restorehandler" value=""/>
    </configuration>
    
    <configuration name="firebird" value="">
        <property name="dbadapter" value="com.adventnet.db.adapter.firebird.FireBirdDBAdapter"/>
        <property name="sqlgenerator" value="com.adventnet.db.adapter.firebird.FireBirdSQLGenerator"/>
        <property name="backuphandler" value=""/>
        <property name="restorehandler" value=""/>
    </configuration>
    
    <configuration name="postgres" value="">
        <property name="dbadapter" value="com.adventnet.db.adapter.postgres.PostgresDBAdapter"/>
        <property name="sqlgenerator" value="com.adventnet.db.adapter.postgres.PostgresSQLGenerator"/>
        <property name="backuphandler" value="com.adventnet.db.adapter.postgres.PostgresBackupHandler"/>
        <property name="restorehandler" value="com.adventnet.db.adapter.postgres.PostgresRestoreHandler"/>
	<sql_function_pattern_file value="conf/Persistence/postgres_functionpatterns.txt"/>
    </configuration>
    
    <configuration name="mssql" value="">
        <property name="dbadapter" value="com.adventnet.db.adapter.mssql.MssqlDBAdapter"/>
        <property name="sqlgenerator" value="com.adventnet.db.adapter.mssql.MssqlSQLGenerator"/>
        <property name="backuphandler" value="com.adventnet.db.adapter.mssql.MssqlBackupHandler"/>
        <property name="restorehandler" value="com.adventnet.db.adapter.mssql.MssqlRestoreHandler"/>
        <sql_function_pattern_file value="conf/Persistence/mssql_functionpatterns.txt"/>
    </configuration>
    
    <configuration name="OperationHandler" value="com.adventnet.persistence.DefaultOperationHandler">
        <property name="max-rows-per-operation" value="1000"/>
        <property name="max-rows-per-table" value="50"/>
</configuration>
    <configuration name="StreamingResultSet" value="true"/>
    <configuration name="VersionHandler" value="com.manageengine.rmp.ha.HAVersionHandler"/>
    
 &product-config;
 &customer-config;
    
</persistence-configurations>

<!-- $Id$ -->
