<?xml version="1.0" encoding="UTF-8"?>
<AdAttributesDetails>
    
    <!-- Ranged Attributes-->
    <ADSIAMADAttributes ATTRIB_ID="ADSIAMADAttributes:ATTRIB_ID:1106" OBJECT_TYPE="0" ATTRIB_NAME="distinguishedName" DISPLAY_NAME="rmp.adAttr.DistinguishedName" DATA_TYPE="String" DATA_HANDLER_TYPE="3" />
    <!-- Bitlocker -->        
  <!--   <ADSIAMADAttributes ATTRIB_ID="ADSIAMADAttributes:ATTRIB_ID:2120" OBJECT_TYPE="0" ATTRIB_NAME="distinguishedName" DISPLAY_NAME="rmp.adAttr.DistinguishedName" DATA_TYPE="String" DATA_HANDLER_TYPE="3" /> -->
        
    <!-- User -->
    <!-- General -->
    <ADSIAMADAttributes ATTRIB_ID="ADSIAMADAttributes:ATTRIB_ID:0" OBJECT_TYPE="1" ATTRIB_NAME="givenName" DISPLAY_NAME="rmp.adAttr.GivenName" DATA_TYPE="String" DATA_HANDLER_TYPE="3" />
    <ADSIAMADAttributes ATTRIB_ID="ADSIAMADAttributes:ATTRIB_ID:1" OBJECT_TYPE="1" ATTRIB_NAME="initials" DISPLAY_NAME="rmp.adAttr.Initials" DATA_TYPE="String" DATA_HANDLER_TYPE="3" />
    <ADSIAMADAttributes ATTRIB_ID="ADSIAMADAttributes:ATTRIB_ID:2" OBJECT_TYPE="1" ATTRIB_NAME="sn" DISPLAY_NAME="rmp.adAttr.Surname" DATA_TYPE="String" DATA_HANDLER_TYPE="3" />
    <ADSIAMADAttributes ATTRIB_ID="ADSIAMADAttributes:ATTRIB_ID:3" OBJECT_TYPE="1" ATTRIB_NAME="displayName" DISPLAY_NAME="rmp.adAttr.Display_Name" DATA_TYPE="String" DATA_HANDLER_TYPE="3" />
    <ADSIAMADAttributes ATTRIB_ID="ADSIAMADAttributes:ATTRIB_ID:4" OBJECT_TYPE="1" ATTRIB_NAME="description" DISPLAY_NAME="rmp.adAttr.Description" DATA_TYPE="String" DATA_HANDLER_TYPE="3" />
    <ADSIAMADAttributes ATTRIB_ID="ADSIAMADAttributes:ATTRIB_ID:5" OBJECT_TYPE="1" ATTRIB_NAME="physicalDeliveryOfficeName" DISPLAY_NAME="rmp.adAttr.Office" DATA_TYPE="String" DATA_HANDLER_TYPE="3" />
    <ADSIAMADAttributes ATTRIB_ID="ADSIAMADAttributes:ATTRIB_ID:6" OBJECT_TYPE="1" ATTRIB_NAME="telephoneNumber" DISPLAY_NAME="rmp.adAttr.TelephoneNumber" DATA_TYPE="String" />
    <ADSIAMADAttributes ATTRIB_ID="ADSIAMADAttributes:ATTRIB_ID:7" OBJECT_TYPE="1" ATTRIB_NAME="otherTelephone" DISPLAY_NAME="rmp.adAttr.OtherTelephones" DATA_TYPE="String" IS_MULTI_VALUED="true" />
    <ADSIAMADAttributes ATTRIB_ID="ADSIAMADAttributes:ATTRIB_ID:8" OBJECT_TYPE="1" ATTRIB_NAME="mail" DISPLAY_NAME="rmp.adAttr.Email" DATA_TYPE="String" DATA_HANDLER_TYPE="3" />
    <ADSIAMADAttributes ATTRIB_ID="ADSIAMADAttributes:ATTRIB_ID:9" OBJECT_TYPE="1" ATTRIB_NAME="wwwHomePage" DISPLAY_NAME="rmp.adAttr.URL" DATA_TYPE="String" DATA_HANDLER_TYPE="3" />
    <ADSIAMADAttributes ATTRIB_ID="ADSIAMADAttributes:ATTRIB_ID:10" OBJECT_TYPE="1" ATTRIB_NAME="url" DISPLAY_NAME="rmp.adAttr.OtherURLs" DATA_TYPE="String" IS_MULTI_VALUED="true" DATA_HANDLER_TYPE="3" />
    <ADSIAMADAttributes ATTRIB_ID="ADSIAMADAttributes:ATTRIB_ID:11" OBJECT_TYPE="1" ATTRIB_NAME="name" DISPLAY_NAME="rmp.adAttr.Name_CN" DATA_TYPE="String" DATA_HANDLER_TYPE="3" />
    <ADSIAMADAttributes ATTRIB_ID="ADSIAMADAttributes:ATTRIB_ID:12" OBJECT_TYPE="1" ATTRIB_NAME="memberOf" DISPLAY_NAME="rmp.adAttr.MemberOf" DATA_TYPE="String" IS_BACK_LINKED="true" DATA_HANDLER_TYPE="3"  />
    <ADSIAMADAttributes ATTRIB_ID="ADSIAMADAttributes:ATTRIB_ID:13" OBJECT_TYPE="1" ATTRIB_NAME="managedObjects" DISPLAY_NAME="rmp.adAttr.Managed_Objects" DATA_TYPE="String" IS_BACK_LINKED="true"  DATA_HANDLER_TYPE="3" />
    <ADSIAMADAttributes ATTRIB_ID="ADSIAMADAttributes:ATTRIB_ID:14" OBJECT_TYPE="1" ATTRIB_NAME="directReports" DISPLAY_NAME="rmp.adAttr.Direct_Reports" DATA_TYPE="String" IS_BACK_LINKED="true"  DATA_HANDLER_TYPE="3" />
    <ADSIAMADAttributes ATTRIB_ID="ADSIAMADAttributes:ATTRIB_ID:16" OBJECT_TYPE="1" ATTRIB_NAME="streetAddress" DISPLAY_NAME="rmp.adAttr.Street" DATA_TYPE="String" />
    <ADSIAMADAttributes ATTRIB_ID="ADSIAMADAttributes:ATTRIB_ID:17" OBJECT_TYPE="1" ATTRIB_NAME="postOfficeBox" DISPLAY_NAME="rmp.adAttr.PO_Box" DATA_TYPE="String" IS_MULTI_VALUED="true" DATA_HANDLER_TYPE="3" />
    <ADSIAMADAttributes ATTRIB_ID="ADSIAMADAttributes:ATTRIB_ID:18" OBJECT_TYPE="1" ATTRIB_NAME="l" DISPLAY_NAME="rmp.adAttr.City" DATA_TYPE="String" />
    <ADSIAMADAttributes ATTRIB_ID="ADSIAMADAttributes:ATTRIB_ID:19" OBJECT_TYPE="1" ATTRIB_NAME="st" DISPLAY_NAME="rmp.adAttr.State_Province" DATA_TYPE="String" />
    <ADSIAMADAttributes ATTRIB_ID="ADSIAMADAttributes:ATTRIB_ID:20" OBJECT_TYPE="1" ATTRIB_NAME="postalCode" DISPLAY_NAME="rmp.adAttr.Zip_PostalCode" DATA_TYPE="String" />
    <ADSIAMADAttributes ATTRIB_ID="ADSIAMADAttributes:ATTRIB_ID:21" OBJECT_TYPE="1" ATTRIB_NAME="co" DISPLAY_NAME="rmp.adAttr.Country_Region" DATA_TYPE="String" DATA_HANDLER_TYPE="3" />
    <ADSIAMADAttributes ATTRIB_ID="ADSIAMADAttributes:ATTRIB_ID:22" OBJECT_TYPE="1" ATTRIB_NAME="userPrincipalName" DISPLAY_NAME="rmp.adAttr.User_Logon_Name" DATA_TYPE="String" DATA_HANDLER_TYPE="3" />
    <ADSIAMADAttributes ATTRIB_ID="ADSIAMADAttributes:ATTRIB_ID:23" OBJECT_TYPE="1" ATTRIB_NAME="sAMAccountName" DISPLAY_NAME="rmp.adAttr.User_Logon_Name_pre_Windows_2000" DATA_TYPE="String" DATA_HANDLER_TYPE="3" />
    <ADSIAMADAttributes ATTRIB_ID="ADSIAMADAttributes:ATTRIB_ID:24" OBJECT_TYPE="1" ATTRIB_NAME="userAccountControl" DISPLAY_NAME="rmp.adAttr.User_Account_Control" DATA_TYPE="Integer" DATA_HANDLER_TYPE="7" />
    <ADSIAMADAttributes ATTRIB_ID="ADSIAMADAttributes:ATTRIB_ID:25" OBJECT_TYPE="1" ATTRIB_NAME="accountExpires" DISPLAY_NAME="rmp.adAttr.Account_Expires" DATA_TYPE="Long" DATA_HANDLER_TYPE="10" />
    <ADSIAMADAttributes ATTRIB_ID="ADSIAMADAttributes:ATTRIB_ID:51" OBJECT_TYPE="1" ATTRIB_NAME="userWorkstations" DISPLAY_NAME="rmp.adAttr.Workstation" DATA_TYPE="String" DATA_HANDLER_TYPE="3"  />
    <ADSIAMADAttributes ATTRIB_ID="ADSIAMADAttributes:ATTRIB_ID:45" OBJECT_TYPE="1" ATTRIB_NAME="msDS-SupportedEncryptionTypes" DISPLAY_NAME="rmp.adAttr.Encryptiontypes" DATA_TYPE="String" />
    <ADSIAMADAttributes ATTRIB_ID="ADSIAMADAttributes:ATTRIB_ID:26" OBJECT_TYPE="1" ATTRIB_NAME="profilePath" DISPLAY_NAME="rmp.adAttr.Profile_Path" DATA_TYPE="String" DATA_HANDLER_TYPE="3" />
    <ADSIAMADAttributes ATTRIB_ID="ADSIAMADAttributes:ATTRIB_ID:27" OBJECT_TYPE="1" ATTRIB_NAME="scriptPath" DISPLAY_NAME="rmp.adAttr.Script_Path" DATA_TYPE="String" DATA_HANDLER_TYPE="3" />
    <ADSIAMADAttributes ATTRIB_ID="ADSIAMADAttributes:ATTRIB_ID:28" OBJECT_TYPE="1" ATTRIB_NAME="homeDrive" DISPLAY_NAME="rmp.adAttr.Home_Drive" DATA_TYPE="String" DATA_HANDLER_TYPE="3" />
    <ADSIAMADAttributes ATTRIB_ID="ADSIAMADAttributes:ATTRIB_ID:29" OBJECT_TYPE="1" ATTRIB_NAME="homeDirectory" DISPLAY_NAME="rmp.adAttr.Home_Directory" DATA_TYPE="String" DATA_HANDLER_TYPE="3" />
    <ADSIAMADAttributes ATTRIB_ID="ADSIAMADAttributes:ATTRIB_ID:30" OBJECT_TYPE="1" ATTRIB_NAME="homePhone" DISPLAY_NAME="rmp.adAttr.Home_Phone" DATA_TYPE="String" DATA_HANDLER_TYPE="3" />
    <ADSIAMADAttributes ATTRIB_ID="ADSIAMADAttributes:ATTRIB_ID:31" OBJECT_TYPE="1" ATTRIB_NAME="pager" DISPLAY_NAME="rmp.adAttr.Pager" DATA_TYPE="String" />
    <ADSIAMADAttributes ATTRIB_ID="ADSIAMADAttributes:ATTRIB_ID:32" OBJECT_TYPE="1" ATTRIB_NAME="mobile" DISPLAY_NAME="rmp.adAttr.Mobile" DATA_TYPE="String" />
    <ADSIAMADAttributes ATTRIB_ID="ADSIAMADAttributes:ATTRIB_ID:33" OBJECT_TYPE="1" ATTRIB_NAME="facsimileTelephoneNumber" DISPLAY_NAME="rmp.adAttr.Fax_Number" DATA_TYPE="String" />
    <ADSIAMADAttributes ATTRIB_ID="ADSIAMADAttributes:ATTRIB_ID:34" OBJECT_TYPE="1" ATTRIB_NAME="ipPhone" DISPLAY_NAME="rmp.adAttr.IP_Phone" DATA_TYPE="String" />
    <ADSIAMADAttributes ATTRIB_ID="ADSIAMADAttributes:ATTRIB_ID:35" OBJECT_TYPE="1" ATTRIB_NAME="otherHomePhone" DISPLAY_NAME="rmp.adAttr.Other_HomePhones" DATA_TYPE="String" IS_MULTI_VALUED="true" />
    <ADSIAMADAttributes ATTRIB_ID="ADSIAMADAttributes:ATTRIB_ID:36" OBJECT_TYPE="1" ATTRIB_NAME="otherPager" DISPLAY_NAME="rmp.adAttr.Other_Pagers" DATA_TYPE="String" IS_MULTI_VALUED="true" />
    <ADSIAMADAttributes ATTRIB_ID="ADSIAMADAttributes:ATTRIB_ID:37" OBJECT_TYPE="1" ATTRIB_NAME="otherMobile" DISPLAY_NAME="rmp.adAttr.Other_Mobiles" DATA_TYPE="String" IS_MULTI_VALUED="true" />
    <ADSIAMADAttributes ATTRIB_ID="ADSIAMADAttributes:ATTRIB_ID:38" OBJECT_TYPE="1" ATTRIB_NAME="otherFacsimileTelephoneNumber" DISPLAY_NAME="rmp.adAttr.Other_Faxes" DATA_TYPE="String" IS_MULTI_VALUED="true" />
    <ADSIAMADAttributes ATTRIB_ID="ADSIAMADAttributes:ATTRIB_ID:39" OBJECT_TYPE="1" ATTRIB_NAME="otherIpPhone" DISPLAY_NAME="rmp.adAttr.Other_IP_Phones" DATA_TYPE="String" IS_MULTI_VALUED="true" />
    <ADSIAMADAttributes ATTRIB_ID="ADSIAMADAttributes:ATTRIB_ID:40" OBJECT_TYPE="1" ATTRIB_NAME="info" DISPLAY_NAME="rmp.adAttr.Notes" DATA_TYPE="String" DATA_HANDLER_TYPE="3" />
    <ADSIAMADAttributes ATTRIB_ID="ADSIAMADAttributes:ATTRIB_ID:41" OBJECT_TYPE="1" ATTRIB_NAME="title" DISPLAY_NAME="rmp.adAttr.Title" DATA_TYPE="String" DATA_HANDLER_TYPE="3" />
    <ADSIAMADAttributes ATTRIB_ID="ADSIAMADAttributes:ATTRIB_ID:42" OBJECT_TYPE="1" ATTRIB_NAME="department" DISPLAY_NAME="rmp.adAttr.Department" DATA_TYPE="String" />
    <ADSIAMADAttributes ATTRIB_ID="ADSIAMADAttributes:ATTRIB_ID:43" OBJECT_TYPE="1" ATTRIB_NAME="company" DISPLAY_NAME="rmp.adAttr.Company" DATA_TYPE="String" DATA_HANDLER_TYPE="3" />
    <ADSIAMADAttributes ATTRIB_ID="ADSIAMADAttributes:ATTRIB_ID:44" OBJECT_TYPE="1" ATTRIB_NAME="manager" DISPLAY_NAME="rmp.adAttr.Manager" DATA_TYPE="String" IS_FORWARD_LINKED="true" DATA_HANDLER_TYPE="3" />
    <ADSIAMADAttributes ATTRIB_ID="ADSIAMADAttributes:ATTRIB_ID:46" OBJECT_TYPE="1" ATTRIB_NAME="userParameters" DISPLAY_NAME="rmp.adAttr.User_Parameters" DATA_TYPE="String" />
    <ADSIAMADAttributes ATTRIB_ID="ADSIAMADAttributes:ATTRIB_ID:47" OBJECT_TYPE="1" ATTRIB_NAME="nTSecurityDescriptor" DISPLAY_NAME="rmp.adAttr.NT_Security_Descriptor" DATA_TYPE="Byte[]" DATA_HANDLER_TYPE="8" />
    <ADSIAMADAttributes ATTRIB_ID="ADSIAMADAttributes:ATTRIB_ID:49" OBJECT_TYPE="1" ATTRIB_NAME="primaryGroupId" DISPLAY_NAME="rmp.adAttr.Primary_GroupID" DATA_TYPE="String" DATA_HANDLER_TYPE="3" />
    <ADSIAMADAttributes ATTRIB_ID="ADSIAMADAttributes:ATTRIB_ID:50" OBJECT_TYPE="1" ATTRIB_NAME="logonHours" DISPLAY_NAME="rmp.adAttr.Logon_Hours" DATA_TYPE="Byte[]" DATA_HANDLER_TYPE="8" />

    <ADSIAMADAttributes ATTRIB_ID="ADSIAMADAttributes:ATTRIB_ID:52" OBJECT_TYPE="1" ATTRIB_NAME="distinguishedName" DISPLAY_NAME="rmp.adAttr.DistinguishedName" DATA_TYPE="String" DATA_HANDLER_TYPE="3" />
    <ADSIAMADAttributes ATTRIB_ID="ADSIAMADAttributes:ATTRIB_ID:78" OBJECT_TYPE="1" ATTRIB_NAME="msNPAllowDialin" DISPLAY_NAME="rmp.adAttr.Network_Access_Permission" DATA_TYPE="boolean" DATA_HANDLER_TYPE="6" />
    <ADSIAMADAttributes ATTRIB_ID="ADSIAMADAttributes:ATTRIB_ID:79" OBJECT_TYPE="1" ATTRIB_NAME="msNPCallingStationID" DISPLAY_NAME="rmp.adAttr.Verify_Caller_ID" DATA_TYPE="String" DATA_HANDLER_TYPE="3" />
    <ADSIAMADAttributes ATTRIB_ID="ADSIAMADAttributes:ATTRIB_ID:80" OBJECT_TYPE="1" ATTRIB_NAME="msRADIUSServiceType" DISPLAY_NAME="rmp.adAttr.Callback_Option" DATA_TYPE="Integer" DATA_HANDLER_TYPE="7" />
    <ADSIAMADAttributes ATTRIB_ID="ADSIAMADAttributes:ATTRIB_ID:81" OBJECT_TYPE="1" ATTRIB_NAME="msRADIUSCallbackNumber" DISPLAY_NAME="rmp.adAttr.Callback_number" DATA_TYPE="String" DATA_HANDLER_TYPE="3" />
    <ADSIAMADAttributes ATTRIB_ID="ADSIAMADAttributes:ATTRIB_ID:83" OBJECT_TYPE="1" ATTRIB_NAME="msRADIUSFramedIPAddress" DISPLAY_NAME="rmp.adAttr.IPv4_Dial_in_connection" DATA_TYPE="Integer" DATA_HANDLER_TYPE="7" />
    <ADSIAMADAttributes ATTRIB_ID="ADSIAMADAttributes:ATTRIB_ID:85" OBJECT_TYPE="1" ATTRIB_NAME="msRADIUS-FramedInterfaceId" DISPLAY_NAME="rmp.adAttr.IPv6_Interface_ID_Dial_in_connection" DATA_TYPE="String" DATA_HANDLER_TYPE="3" />
    <ADSIAMADAttributes ATTRIB_ID="ADSIAMADAttributes:ATTRIB_ID:86" OBJECT_TYPE="1" ATTRIB_NAME="msRADIUS-FramedIpv6Prefix" DISPLAY_NAME="rmp.adAttr.IPv6_Prefix_Dial_in_connection" DATA_TYPE="String" DATA_HANDLER_TYPE="3" />
    <ADSIAMADAttributes ATTRIB_ID="ADSIAMADAttributes:ATTRIB_ID:88" OBJECT_TYPE="1" ATTRIB_NAME="msRADIUSFramedRoute" DISPLAY_NAME="rmp.adAttr.IPv4_route_Dial_in_connection" DATA_TYPE="String" DATA_HANDLER_TYPE="3" IS_MULTI_VALUED="true"/>
    <ADSIAMADAttributes ATTRIB_ID="ADSIAMADAttributes:ATTRIB_ID:89" OBJECT_TYPE="1" ATTRIB_NAME="msRADIUS-FramedIpv6Route" DISPLAY_NAME="rmp.adAttr.IPv6_route_Dial_in_connection" DATA_TYPE="String" DATA_HANDLER_TYPE="3" IS_MULTI_VALUED="true"/>
    <!-- Exchange General -->
    <ADSIAMADAttributes ATTRIB_ID="ADSIAMADAttributes:ATTRIB_ID:123" OBJECT_TYPE="1" ATTRIB_NAME="mailNickname" DISPLAY_NAME="rmp.adAttr.mailNickname" DATA_TYPE="String" DATA_HANDLER_TYPE="3" />
    <ADSIAMADAttributes ATTRIB_ID="ADSIAMADAttributes:ATTRIB_ID:140" OBJECT_TYPE="1" ATTRIB_NAME="homeMDB" DISPLAY_NAME="rmp.adAttr.Home_MDB" DATA_TYPE="String" DATA_HANDLER_TYPE="3" />
    <ADSIAMADAttributes ATTRIB_ID="ADSIAMADAttributes:ATTRIB_ID:141" OBJECT_TYPE="1" ATTRIB_NAME="homeMTA" DISPLAY_NAME="rmp.adAttr.Home_MTA" DATA_TYPE="String" DATA_HANDLER_TYPE="3" />
    <ADSIAMADAttributes ATTRIB_ID="ADSIAMADAttributes:ATTRIB_ID:151" OBJECT_TYPE="1" ATTRIB_NAME="msExchHomeServerName" DISPLAY_NAME="rmp.adAttr.Home_Server_Name" DATA_TYPE="String" DATA_HANDLER_TYPE="3" />
    <ADSIAMADAttributes ATTRIB_ID="ADSIAMADAttributes:ATTRIB_ID:122" OBJECT_TYPE="1" ATTRIB_NAME="legacyExchangeDN" DISPLAY_NAME="rmp.adAttr.Legacy_Exchange_DN" DATA_TYPE="String" DATA_HANDLER_TYPE="3" />
    <ADSIAMADAttributes ATTRIB_ID="ADSIAMADAttributes:ATTRIB_ID:125" OBJECT_TYPE="1" ATTRIB_NAME="msExchHideFromAddressLists" DISPLAY_NAME="rmp.adAttr.Hide_From_Address_Lists" DATA_TYPE="boolean" DATA_HANDLER_TYPE="6" />
    <ADSIAMADAttributes ATTRIB_ID="ADSIAMADAttributes:ATTRIB_ID:124" OBJECT_TYPE="1" ATTRIB_NAME="msExchAssistantName" DISPLAY_NAME="rmp.adAttr.Assistant_Name" DATA_TYPE="String" DATA_HANDLER_TYPE="3" />
    <ADSIAMADAttributes ATTRIB_ID="ADSIAMADAttributes:ATTRIB_ID:99" OBJECT_TYPE="1" ATTRIB_NAME="displayNamePrintable" DISPLAY_NAME="rmp.adAttr.Display_Name_Printable" DATA_TYPE="String" DATA_HANDLER_TYPE="3" />
    <ADSIAMADAttributes ATTRIB_ID="ADSIAMADAttributes:ATTRIB_ID:175" OBJECT_TYPE="1" ATTRIB_NAME="telephoneAssistant" DISPLAY_NAME="rmp.adAttr.Telephone_Assistant" DATA_TYPE="String" DATA_HANDLER_TYPE="3" />
    <ADSIAMADAttributes ATTRIB_ID="ADSIAMADAttributes:ATTRIB_ID:101" OBJECT_TYPE="1" ATTRIB_NAME="authOrig" DISPLAY_NAME="rmp.adAttr.authOrig" DATA_TYPE="String" DATA_HANDLER_TYPE="3" IS_MULTI_VALUED="true"  />
    <ADSIAMADAttributes ATTRIB_ID="ADSIAMADAttributes:ATTRIB_ID:104" OBJECT_TYPE="1" ATTRIB_NAME="dLMemRejectPerms" DISPLAY_NAME="rmp.adAttr.dLMemRejectPerms" DATA_TYPE="String" DATA_HANDLER_TYPE="3" IS_MULTI_VALUED="true"  />
    <ADSIAMADAttributes ATTRIB_ID="ADSIAMADAttributes:ATTRIB_ID:105" OBJECT_TYPE="1" ATTRIB_NAME="dLMemSubmitPerms" DISPLAY_NAME="rmp.adAttr.dLMemSubmitPerms" DATA_TYPE="String" DATA_HANDLER_TYPE="3" IS_MULTI_VALUED="true"  />
    <ADSIAMADAttributes ATTRIB_ID="ADSIAMADAttributes:ATTRIB_ID:133" OBJECT_TYPE="1" ATTRIB_NAME="unauthOrig" DISPLAY_NAME="rmp.adAttr.unauthOrig" DATA_TYPE="String" DATA_HANDLER_TYPE="3" IS_MULTI_VALUED="true"  />
    <!-- Custom Attributes -->
    <ADSIAMADAttributes ATTRIB_ID="ADSIAMADAttributes:ATTRIB_ID:106" OBJECT_TYPE="1" ATTRIB_NAME="extensionAttribute1" DISPLAY_NAME="rmp.adAttr.Custom_Attribute_1" DATA_TYPE="String" DATA_HANDLER_TYPE="3" />
    <ADSIAMADAttributes ATTRIB_ID="ADSIAMADAttributes:ATTRIB_ID:107" OBJECT_TYPE="1" ATTRIB_NAME="extensionAttribute2" DISPLAY_NAME="rmp.adAttr.Custom_Attribute_2" DATA_TYPE="String" DATA_HANDLER_TYPE="3" />
    <ADSIAMADAttributes ATTRIB_ID="ADSIAMADAttributes:ATTRIB_ID:108" OBJECT_TYPE="1" ATTRIB_NAME="extensionAttribute3" DISPLAY_NAME="rmp.adAttr.Custom_Attribute_3" DATA_TYPE="String" DATA_HANDLER_TYPE="3" />
    <ADSIAMADAttributes ATTRIB_ID="ADSIAMADAttributes:ATTRIB_ID:109" OBJECT_TYPE="1" ATTRIB_NAME="extensionAttribute4" DISPLAY_NAME="rmp.adAttr.Custom_Attribute_4" DATA_TYPE="String" DATA_HANDLER_TYPE="3" />
    <ADSIAMADAttributes ATTRIB_ID="ADSIAMADAttributes:ATTRIB_ID:110" OBJECT_TYPE="1" ATTRIB_NAME="extensionAttribute5" DISPLAY_NAME="rmp.adAttr.Custom_Attribute_5" DATA_TYPE="String" DATA_HANDLER_TYPE="3" />
    <ADSIAMADAttributes ATTRIB_ID="ADSIAMADAttributes:ATTRIB_ID:111" OBJECT_TYPE="1" ATTRIB_NAME="extensionAttribute6" DISPLAY_NAME="rmp.adAttr.Custom_Attribute_6" DATA_TYPE="String" DATA_HANDLER_TYPE="3" />
    <ADSIAMADAttributes ATTRIB_ID="ADSIAMADAttributes:ATTRIB_ID:112" OBJECT_TYPE="1" ATTRIB_NAME="extensionAttribute7" DISPLAY_NAME="rmp.adAttr.Custom_Attribute_7" DATA_TYPE="String" DATA_HANDLER_TYPE="3" />
    <ADSIAMADAttributes ATTRIB_ID="ADSIAMADAttributes:ATTRIB_ID:113" OBJECT_TYPE="1" ATTRIB_NAME="extensionAttribute8" DISPLAY_NAME="rmp.adAttr.Custom_Attribute_8" DATA_TYPE="String" DATA_HANDLER_TYPE="3" />
    <ADSIAMADAttributes ATTRIB_ID="ADSIAMADAttributes:ATTRIB_ID:114" OBJECT_TYPE="1" ATTRIB_NAME="extensionAttribute9" DISPLAY_NAME="rmp.adAttr.Custom_Attribute_9" DATA_TYPE="String" DATA_HANDLER_TYPE="3" />
    <ADSIAMADAttributes ATTRIB_ID="ADSIAMADAttributes:ATTRIB_ID:115" OBJECT_TYPE="1" ATTRIB_NAME="extensionAttribute10" DISPLAY_NAME="rmp.adAttr.Custom_Attribute_10" DATA_TYPE="String" DATA_HANDLER_TYPE="3" />
    <ADSIAMADAttributes ATTRIB_ID="ADSIAMADAttributes:ATTRIB_ID:116" OBJECT_TYPE="1" ATTRIB_NAME="extensionAttribute11" DISPLAY_NAME="rmp.adAttr.Custom_Attribute_11" DATA_TYPE="String" DATA_HANDLER_TYPE="3" />
    <ADSIAMADAttributes ATTRIB_ID="ADSIAMADAttributes:ATTRIB_ID:117" OBJECT_TYPE="1" ATTRIB_NAME="extensionAttribute12" DISPLAY_NAME="rmp.adAttr.Custom_Attribute_12" DATA_TYPE="String" DATA_HANDLER_TYPE="3" />
    <ADSIAMADAttributes ATTRIB_ID="ADSIAMADAttributes:ATTRIB_ID:118" OBJECT_TYPE="1" ATTRIB_NAME="extensionAttribute13" DISPLAY_NAME="rmp.adAttr.Custom_Attribute_13" DATA_TYPE="String" DATA_HANDLER_TYPE="3" />
    <ADSIAMADAttributes ATTRIB_ID="ADSIAMADAttributes:ATTRIB_ID:119" OBJECT_TYPE="1" ATTRIB_NAME="extensionAttribute14" DISPLAY_NAME="rmp.adAttr.Custom_Attribute_14" DATA_TYPE="String" DATA_HANDLER_TYPE="3" />
    <ADSIAMADAttributes ATTRIB_ID="ADSIAMADAttributes:ATTRIB_ID:120" OBJECT_TYPE="1" ATTRIB_NAME="extensionAttribute15" DISPLAY_NAME="rmp.adAttr.Custom_Attribute_15" DATA_TYPE="String" DATA_HANDLER_TYPE="3" />
    <!-- Mailbox Settings - Message Records management -->
   <!-- <ADSIAMADAttributes ATTRIB_ID="ADSIAMADAttributes:ATTRIB_ID:176" OBJECT_TYPE="1" ATTRIB_NAME="msExchELCExpirySuspensionEnd" DISPLAY_NAME="rmp.adAttr.msExchELCExpirySuspensionEnd" DATA_TYPE="String" DATA_HANDLER_TYPE="3" />
    <ADSIAMADAttributes ATTRIB_ID="ADSIAMADAttributes:ATTRIB_ID:177" OBJECT_TYPE="1" ATTRIB_NAME="msExchELCExpirySuspensionStart" DISPLAY_NAME="rmp.adAttr.msExchELCExpirySuspensionStart" DATA_TYPE="String" DATA_HANDLER_TYPE="3" />-->
    <ADSIAMADAttributes ATTRIB_ID="ADSIAMADAttributes:ATTRIB_ID:178" OBJECT_TYPE="1" ATTRIB_NAME="msExchELCMailboxFlags" DISPLAY_NAME="rmp.adAttr.ELC_Mailbox_Flags" DATA_TYPE="String" DATA_HANDLER_TYPE="3" />
    <ADSIAMADAttributes ATTRIB_ID="ADSIAMADAttributes:ATTRIB_ID:179" OBJECT_TYPE="1" ATTRIB_NAME="msExchMailboxTemplateLink" DISPLAY_NAME="rmp.adAttr.Mailbox_Template_Link" DATA_TYPE="String" DATA_HANDLER_TYPE="3" />
    <!-- Mailbox Settings - Storage Quotas -->
    <ADSIAMADAttributes ATTRIB_ID="ADSIAMADAttributes:ATTRIB_ID:144" OBJECT_TYPE="1" ATTRIB_NAME="mDBOverHardQuotaLimit" DISPLAY_NAME="rmp.adAttr.mDBOverHardQuotaLimit" DATA_TYPE="String" DATA_HANDLER_TYPE="3" />
    <ADSIAMADAttributes ATTRIB_ID="ADSIAMADAttributes:ATTRIB_ID:145" OBJECT_TYPE="1" ATTRIB_NAME="mDBOverQuotaLimit" DISPLAY_NAME="rmp.adAttr.MDB_Over_Quota_Limit" DATA_TYPE="String" DATA_HANDLER_TYPE="3" />
    <ADSIAMADAttributes ATTRIB_ID="ADSIAMADAttributes:ATTRIB_ID:146" OBJECT_TYPE="1" ATTRIB_NAME="mDBStorageQuota" DISPLAY_NAME="rmp.adAttr.MDB_Storage_Quota" DATA_TYPE="String" DATA_HANDLER_TYPE="3" />
    <ADSIAMADAttributes ATTRIB_ID="ADSIAMADAttributes:ATTRIB_ID:147" OBJECT_TYPE="1" ATTRIB_NAME="mDBUseDefaults" DISPLAY_NAME="rmp.adAttr.MDB_Use_Defaults" DATA_TYPE="boolean" DATA_HANDLER_TYPE="6" />
    <ADSIAMADAttributes ATTRIB_ID="ADSIAMADAttributes:ATTRIB_ID:138" OBJECT_TYPE="1" ATTRIB_NAME="deletedItemFlags" DISPLAY_NAME="rmp.adAttr.Deleted_Item_Flags" DATA_TYPE="String" DATA_HANDLER_TYPE="3" />
    <ADSIAMADAttributes ATTRIB_ID="ADSIAMADAttributes:ATTRIB_ID:157" OBJECT_TYPE="1" ATTRIB_NAME="garbageCollPeriod" DISPLAY_NAME="rmp.adAttr.Garbage_Collection_Period" DATA_TYPE="String" DATA_HANDLER_TYPE="3" />
    <!-- MailFlow Settings - Delivery Options -->
    <ADSIAMADAttributes ATTRIB_ID="ADSIAMADAttributes:ATTRIB_ID:139" OBJECT_TYPE="1" ATTRIB_NAME="deliverAndRedirect" DISPLAY_NAME="rmp.adAttr.Deliver_and_Redirect" DATA_TYPE="boolean" DATA_HANDLER_TYPE="6" />
    <ADSIAMADAttributes ATTRIB_ID="ADSIAMADAttributes:ATTRIB_ID:167" OBJECT_TYPE="1" ATTRIB_NAME="msExchRecipLimit" DISPLAY_NAME="rmp.adAttr.Recipient_Limit" DATA_TYPE="String" DATA_HANDLER_TYPE="3" />
    <!-- {"authOrigBL", 102}, //B-N-->
    <ADSIAMADAttributes ATTRIB_ID="ADSIAMADAttributes:ATTRIB_ID:128" OBJECT_TYPE="1" ATTRIB_NAME="msExchRequireAuthToSendTo" DISPLAY_NAME="rmp.adAttr.Require_Auth_To_Send_To" DATA_TYPE="boolean" DATA_HANDLER_TYPE="6" />
    <!-- {"unauthOrigBL", 134}, //B-N -->
    <!-- Mailbox features -->
    <ADSIAMADAttributes ATTRIB_ID="ADSIAMADAttributes:ATTRIB_ID:171" OBJECT_TYPE="1" ATTRIB_NAME="protocolSettings" DISPLAY_NAME="rmp.adAttr.Protocol_Settings" DATA_TYPE="String" DATA_HANDLER_TYPE="3" IS_MULTI_VALUED="true" />
    <!-- Email Addresses -->
    <ADSIAMADAttributes ATTRIB_ID="ADSIAMADAttributes:ATTRIB_ID:130" OBJECT_TYPE="1" ATTRIB_NAME="proxyAddresses" DISPLAY_NAME="rmp.adAttr.Proxy_Addresses" DATA_TYPE="String" DATA_HANDLER_TYPE="3" IS_MULTI_VALUED="true" />
    <!-- {"textEncodedORAddress", 132}, //B-N -->
    <ADSIAMADAttributes ATTRIB_ID="ADSIAMADAttributes:ATTRIB_ID:164" OBJECT_TYPE="1" ATTRIB_NAME="msExchPoliciesIncluded" DISPLAY_NAME="rmp.adAttr.Policies_Included" DATA_TYPE="String" DATA_HANDLER_TYPE="3" IS_MULTI_VALUED="true" />
    <ADSIAMADAttributes ATTRIB_ID="ADSIAMADAttributes:ATTRIB_ID:127" OBJECT_TYPE="1" ATTRIB_NAME="msExchPoliciesExcluded" DISPLAY_NAME="rmp.adAttr.Policies_Excluded" DATA_TYPE="String" DATA_HANDLER_TYPE="3" IS_MULTI_VALUED="true" />
    <ADSIAMADAttributes ATTRIB_ID="ADSIAMADAttributes:ATTRIB_ID:195" OBJECT_TYPE="1" ATTRIB_NAME="targetAddress" DISPLAY_NAME="rmp.adAttr.Target_Address" DATA_TYPE="String" DATA_HANDLER_TYPE="3" />
    <!-- Exchange mobile sync -->
    <!-- {"msExchMobileDebugLogging", 184}, //B-N
    {"msExchMobileMailboxFlags", 185}, //B-N
    {"msExchMobileMailboxPolicyLink", 186}, //B-N -->
    <!-- Instant message -->  
    <!-- {"msExchIMACL", 152}, //Binary //B-N
    {"msExchIMAddress", 153}, //B-N
    {"msExchIMMetaPhysicalURL", 154}, //B-N
    {"msExchIMPhysicalURL", 155}, //B-N
    {"msExchIMVirtualServer", 156}, //B-N -->
    <!-- Exchange Advanced Settings -->
    <ADSIAMADAttributes ATTRIB_ID="ADSIAMADAttributes:ATTRIB_ID:121" OBJECT_TYPE="1" ATTRIB_NAME="internetEncoding" DISPLAY_NAME="rmp.adAttr.Internet_Encoding" DATA_TYPE="String" DATA_HANDLER_TYPE="3" />
    <ADSIAMADAttributes ATTRIB_ID="ADSIAMADAttributes:ATTRIB_ID:98" OBJECT_TYPE="1" ATTRIB_NAME="msExchVersion" DISPLAY_NAME="rmp.adAttr.Exchange_Version" DATA_TYPE="String" DATA_HANDLER_TYPE="3" />
    <ADSIAMADAttributes ATTRIB_ID="ADSIAMADAttributes:ATTRIB_ID:97" OBJECT_TYPE="1" ATTRIB_NAME="msExchTransportRecipientSettingsFlags" DISPLAY_NAME="rmp.adAttr.Transport_Recipient_Settings_Flags" DATA_TYPE="String" DATA_HANDLER_TYPE="3" />
    <ADSIAMADAttributes ATTRIB_ID="ADSIAMADAttributes:ATTRIB_ID:96" OBJECT_TYPE="1" ATTRIB_NAME="msExchModerationFlags" DISPLAY_NAME="rmp.adAttr.Moderation_Flags" DATA_TYPE="String" DATA_HANDLER_TYPE="3" />
    <ADSIAMADAttributes ATTRIB_ID="ADSIAMADAttributes:ATTRIB_ID:95" OBJECT_TYPE="1" ATTRIB_NAME="msExchProvisioningFlags" DISPLAY_NAME="rmp.adAttr.Provisioning_Flags" DATA_TYPE="String" DATA_HANDLER_TYPE="3" />
    <!-- {"language", 142}, // B-N
    {"languageCode", 143}, // B-N
    {"otherMailbox",169}, //B-N
    {"securityProtocol",173}, // Binary B-N -->
    <ADSIAMADAttributes ATTRIB_ID="ADSIAMADAttributes:ATTRIB_ID:180" OBJECT_TYPE="1" ATTRIB_NAME="msExchRecipientDisplayType" DISPLAY_NAME="rmp.adAttr.Recipient_Display_Type" DATA_TYPE="String" DATA_HANDLER_TYPE="3" />
    <ADSIAMADAttributes ATTRIB_ID="ADSIAMADAttributes:ATTRIB_ID:181" OBJECT_TYPE="1" ATTRIB_NAME="msExchRecipientTypeDetails" DISPLAY_NAME="rmp.adAttr.Recipient_Type_Details" DATA_TYPE="String" DATA_HANDLER_TYPE="3" />
    <ADSIAMADAttributes ATTRIB_ID="ADSIAMADAttributes:ATTRIB_ID:182" OBJECT_TYPE="1" ATTRIB_NAME="msExchMDBRulesQuota" DISPLAY_NAME="rmp.adAttr.MDB_Rules_Quota" DATA_TYPE="String" DATA_HANDLER_TYPE="3" />
    <!-- {"msExchOriginatingForest", 126}, //B-N -->
    <ADSIAMADAttributes ATTRIB_ID="ADSIAMADAttributes:ATTRIB_ID:129" OBJECT_TYPE="1" ATTRIB_NAME="msExchUseOAB" DISPLAY_NAME="rmp.adAttr.Use_OAB" DATA_TYPE="String" DATA_HANDLER_TYPE="3" />
    <ADSIAMADAttributes ATTRIB_ID="ADSIAMADAttributes:ATTRIB_ID:131" OBJECT_TYPE="1" ATTRIB_NAME="showInAddressBook" DISPLAY_NAME="rmp.adAttr.Show_In_AddressBook" DATA_TYPE="String" DATA_HANDLER_TYPE="3" IS_MULTI_VALUED="true" />
    <!-- {"autoReply", 136}, //B-N
    {"autoReplyMessage", 137}, // B-N
    {"msExchADCGlobalNames", 148}, //B-N
    {"msExchCustomProxyAddresses", 149}, //B-N -->
    <ADSIAMADAttributes ATTRIB_ID="ADSIAMADAttributes:ATTRIB_ID:150" OBJECT_TYPE="1" ATTRIB_NAME="msExchRBACPolicyLink" DISPLAY_NAME="rmp.adAttr.MSExch_RBAC_Policy_Link" DATA_TYPE="String" DATA_HANDLER_TYPE="3" />
    
    <!-- Other Info -->
    <ADSIAMADAttributes ATTRIB_ID="ADSIAMADAttributes:ATTRIB_ID:158" OBJECT_TYPE="1" ATTRIB_NAME="msExchMailboxGuid" DISPLAY_NAME="rmp.adAttr.Mailbox_Guid" DATA_TYPE="Byte[]" DATA_HANDLER_TYPE="8" />
    <ADSIAMADAttributes ATTRIB_ID="ADSIAMADAttributes:ATTRIB_ID:159" OBJECT_TYPE="1" ATTRIB_NAME="msExchMailboxSecurityDescriptor" DISPLAY_NAME="rmp.adAttr.Mailbox_Security_Descriptor" DATA_TYPE="Byte[]" DATA_HANDLER_TYPE="8" />
    <ADSIAMADAttributes ATTRIB_ID="ADSIAMADAttributes:ATTRIB_ID:168" OBJECT_TYPE="1" ATTRIB_NAME="msExchUserAccountControl" DISPLAY_NAME="rmp.adAttr.Exchange_UserAccountControl" DATA_TYPE="String" DATA_HANDLER_TYPE="3" />
    <ADSIAMADAttributes ATTRIB_ID="ADSIAMADAttributes:ATTRIB_ID:93" OBJECT_TYPE="1" ATTRIB_NAME="pwdLastSet" DISPLAY_NAME="rmp.adAttr.pwdLastSet" DATA_TYPE="Long" DATA_HANDLER_TYPE="10" />
    <ADSIAMADAttributes ATTRIB_ID="ADSIAMADAttributes:ATTRIB_ID:162" OBJECT_TYPE="1" ATTRIB_NAME="msExchModeratedByLink" DISPLAY_NAME="rmp.adAttr.Exchange_Moderated_By_Link" DATA_TYPE="String" DATA_HANDLER_TYPE="3" IS_FORWARD_LINKED="true" />
    <ADSIAMADAttributes ATTRIB_ID="ADSIAMADAttributes:ATTRIB_ID:163" OBJECT_TYPE="1" ATTRIB_NAME="msExchModeratedObjectsBL" DISPLAY_NAME="rmp.adAttr.Exchange_Moderated_Objects_DL" DATA_TYPE="String" DATA_HANDLER_TYPE="3" IS_BACK_LINKED="true" />
    <!-- <ADSIAMADAttributes ATTRIB_ID="ADSIAMADAttributes:ATTRIB_ID:201" OBJECT_TYPE="1" ATTRIB_NAME="lastKnownParent" DISPLAY_NAME="rmp.adAttr.LastKnownParent" DATA_TYPE="String" DATA_HANDLER_TYPE="3" /> -->


    <!-- Computer -->
    <ADSIAMADAttributes ATTRIB_ID="ADSIAMADAttributes:ATTRIB_ID:259" OBJECT_TYPE="2" ATTRIB_NAME="displayName" DISPLAY_NAME="rmp.adAttr.Display_Name" DATA_TYPE="String" DATA_HANDLER_TYPE="3" />
    <ADSIAMADAttributes ATTRIB_ID="ADSIAMADAttributes:ATTRIB_ID:260" OBJECT_TYPE="2" ATTRIB_NAME="description" DISPLAY_NAME="rmp.adAttr.Description" DATA_TYPE="String" DATA_HANDLER_TYPE="3" />
    <ADSIAMADAttributes ATTRIB_ID="ADSIAMADAttributes:ATTRIB_ID:267" OBJECT_TYPE="2" ATTRIB_NAME="name" DISPLAY_NAME="rmp.adAttr.Name_CN" DATA_TYPE="String" DATA_HANDLER_TYPE="3" />
    <ADSIAMADAttributes ATTRIB_ID="ADSIAMADAttributes:ATTRIB_ID:268" OBJECT_TYPE="2" ATTRIB_NAME="memberOf" DISPLAY_NAME="rmp.adAttr.MemberOf" DATA_TYPE="String" DATA_HANDLER_TYPE="3"  IS_BACK_LINKED="true" />
    <ADSIAMADAttributes ATTRIB_ID="ADSIAMADAttributes:ATTRIB_ID:280" OBJECT_TYPE="2" ATTRIB_NAME="userAccountControl" DISPLAY_NAME="rmp.adAttr.User_Account_Control" DATA_TYPE="Integer" DATA_HANDLER_TYPE="7" />
    <ADSIAMADAttributes ATTRIB_ID="ADSIAMADAttributes:ATTRIB_ID:296" OBJECT_TYPE="2" ATTRIB_NAME="info" DISPLAY_NAME="rmp.adAttr.Info" DATA_TYPE="String" DATA_HANDLER_TYPE="3" />
    <ADSIAMADAttributes ATTRIB_ID="ADSIAMADAttributes:ATTRIB_ID:303" OBJECT_TYPE="2" ATTRIB_NAME="nTSecurityDescriptor" DISPLAY_NAME="rmp.adAttr.NT_Security_Descriptor" DATA_TYPE="Byte[]" DATA_HANDLER_TYPE="8" />
    <ADSIAMADAttributes ATTRIB_ID="ADSIAMADAttributes:ATTRIB_ID:305" OBJECT_TYPE="2" ATTRIB_NAME="primaryGroupId" DISPLAY_NAME="rmp.adAttr.Primary_GroupID" DATA_TYPE="String" DATA_HANDLER_TYPE="3" />
    <ADSIAMADAttributes ATTRIB_ID="ADSIAMADAttributes:ATTRIB_ID:306" OBJECT_TYPE="2" ATTRIB_NAME="logonHours" DISPLAY_NAME="rmp.adAttr.Logon_Hours" DATA_TYPE="Byte[]" DATA_HANDLER_TYPE="8" />
    <ADSIAMADAttributes ATTRIB_ID="ADSIAMADAttributes:ATTRIB_ID:308" OBJECT_TYPE="2" ATTRIB_NAME="distinguishedName" DISPLAY_NAME="rmp.adAttr.DistinguishedName" DATA_TYPE="String" DATA_HANDLER_TYPE="3" />
    <ADSIAMADAttributes ATTRIB_ID="ADSIAMADAttributes:ATTRIB_ID:309" OBJECT_TYPE="2" ATTRIB_NAME="dnshostname" DISPLAY_NAME="rmp.adAttr.DNS_Host_Name" DATA_TYPE="String" DATA_HANDLER_TYPE="3" />
    <ADSIAMADAttributes ATTRIB_ID="ADSIAMADAttributes:ATTRIB_ID:310" OBJECT_TYPE="2" ATTRIB_NAME="operatingsystem" DISPLAY_NAME="rmp.adAttr.Operating_System" DATA_TYPE="String" DATA_HANDLER_TYPE="3" />
    <ADSIAMADAttributes ATTRIB_ID="ADSIAMADAttributes:ATTRIB_ID:311" OBJECT_TYPE="2" ATTRIB_NAME="operatingsystemversion" DISPLAY_NAME="rmp.adAttr.Operating_System_Version" DATA_TYPE="String" DATA_HANDLER_TYPE="3" />
    <ADSIAMADAttributes ATTRIB_ID="ADSIAMADAttributes:ATTRIB_ID:312" OBJECT_TYPE="2" ATTRIB_NAME="operatingSystemServicePack" DISPLAY_NAME="rmp.adAttr.Operating_System_Service_Pack" DATA_TYPE="String" DATA_HANDLER_TYPE="3" />
    <ADSIAMADAttributes ATTRIB_ID="ADSIAMADAttributes:ATTRIB_ID:313" OBJECT_TYPE="2" ATTRIB_NAME="operatingSystemHotfix" DISPLAY_NAME="rmp.adAttr.Operating_System_Hot_Fix" DATA_TYPE="String" DATA_HANDLER_TYPE="3" />
    <ADSIAMADAttributes ATTRIB_ID="ADSIAMADAttributes:ATTRIB_ID:314" OBJECT_TYPE="2" ATTRIB_NAME="machineRole" DISPLAY_NAME="rmp.adAttr.Machine_Role" DATA_TYPE="String" DATA_HANDLER_TYPE="3" />
    <ADSIAMADAttributes ATTRIB_ID="ADSIAMADAttributes:ATTRIB_ID:315" OBJECT_TYPE="2" ATTRIB_NAME="location" DISPLAY_NAME="rmp.adAttr.Location" DATA_TYPE="String" DATA_HANDLER_TYPE="3" />
    <ADSIAMADAttributes ATTRIB_ID="ADSIAMADAttributes:ATTRIB_ID:316" OBJECT_TYPE="2" ATTRIB_NAME="physicalLocationObject" DISPLAY_NAME="rmp.adAttr.Physical_Location_Object" DATA_TYPE="String" DATA_HANDLER_TYPE="3" />
    <ADSIAMADAttributes ATTRIB_ID="ADSIAMADAttributes:ATTRIB_ID:317" OBJECT_TYPE="2" ATTRIB_NAME="managedBy" DISPLAY_NAME="rmp.adAttr.Managed_By" DATA_TYPE="String" DATA_HANDLER_TYPE="3" IS_FORWARD_LINKED="true" />
    <ADSIAMADAttributes ATTRIB_ID="ADSIAMADAttributes:ATTRIB_ID:318" OBJECT_TYPE="2" ATTRIB_NAME="netbootGUID" DISPLAY_NAME="rmp.adAttr.Netboot_GUID" DATA_TYPE="String" DATA_HANDLER_TYPE="3" />
    <ADSIAMADAttributes ATTRIB_ID="ADSIAMADAttributes:ATTRIB_ID:319" OBJECT_TYPE="2" ATTRIB_NAME="netbootInitialization" DISPLAY_NAME="rmp.adAttr._Netboot_Initailization" DATA_TYPE="String" DATA_HANDLER_TYPE="3" />
    <ADSIAMADAttributes ATTRIB_ID="ADSIAMADAttributes:ATTRIB_ID:320" OBJECT_TYPE="2" ATTRIB_NAME="netbootMachineFilePath" DISPLAY_NAME="rmp.adAttr.Netboot_Machine_File_Path" DATA_TYPE="String" DATA_HANDLER_TYPE="3" />
    <ADSIAMADAttributes ATTRIB_ID="ADSIAMADAttributes:ATTRIB_ID:321" OBJECT_TYPE="2" ATTRIB_NAME="networkAddress" DISPLAY_NAME="rmp.adAttr.Network_Address" DATA_TYPE="String" DATA_HANDLER_TYPE="3" />
    <ADSIAMADAttributes ATTRIB_ID="ADSIAMADAttributes:ATTRIB_ID:322" OBJECT_TYPE="2" ATTRIB_NAME="siteGUID" DISPLAY_NAME="rmp.adAttr.Site_Guid" DATA_TYPE="String" DATA_HANDLER_TYPE="3" />
    <ADSIAMADAttributes ATTRIB_ID="ADSIAMADAttributes:ATTRIB_ID:323" OBJECT_TYPE="2" ATTRIB_NAME="volumeCount" DISPLAY_NAME="rmp.adAttr.Volume_Count" DATA_TYPE="String" DATA_HANDLER_TYPE="3" />
    <ADSIAMADAttributes ATTRIB_ID="ADSIAMADAttributes:ATTRIB_ID:324" OBJECT_TYPE="2" ATTRIB_NAME="nisMapName" DISPLAY_NAME="rmp.adAttr.NIS_Map_name" DATA_TYPE="String" DATA_HANDLER_TYPE="3" />
    <ADSIAMADAttributes ATTRIB_ID="ADSIAMADAttributes:ATTRIB_ID:325" OBJECT_TYPE="2" ATTRIB_NAME="localPolicyFlags" DISPLAY_NAME="rmp.adAttr.Local_Policy_Flag" DATA_TYPE="String" DATA_HANDLER_TYPE="3" />
    <ADSIAMADAttributes ATTRIB_ID="ADSIAMADAttributes:ATTRIB_ID:326" OBJECT_TYPE="2" ATTRIB_NAME="bitLockerRecoveryInformation" DISPLAY_NAME="rmp.adAttr.BitLocker_Info" DATA_TYPE="String" DATA_HANDLER_TYPE="3" />
    <ADSIAMADAttributes ATTRIB_ID="ADSIAMADAttributes:ATTRIB_ID:327" OBJECT_TYPE="2" ATTRIB_NAME="msTPM-OwnerInformation" DISPLAY_NAME="rmp.adAttr.TPM_Owner_info" DATA_TYPE="String" DATA_HANDLER_TYPE="3" />
    <ADSIAMADAttributes ATTRIB_ID="ADSIAMADAttributes:ATTRIB_ID:347" OBJECT_TYPE="2" ATTRIB_NAME="servicePrincipalName" DISPLAY_NAME="rmp.adAttr.ServicePrincipalName" DATA_TYPE="String" DATA_HANDLER_TYPE="3" IS_MULTI_VALUED="true"/>
    <ADSIAMADAttributes ATTRIB_ID="ADSIAMADAttributes:ATTRIB_ID:331" OBJECT_TYPE="2" ATTRIB_NAME="msDS-AllowedToDelegateTo" DISPLAY_NAME="rmp.adAttr.MSDS_Allowed_To_Delegate_To" DATA_TYPE="String" DATA_HANDLER_TYPE="3" IS_MULTI_VALUED="true"/> 
    <ADSIAMADAttributes ATTRIB_ID="ADSIAMADAttributes:ATTRIB_ID:334" OBJECT_TYPE="2" ATTRIB_NAME="msNPAllowDialin" DISPLAY_NAME="rmp.adAttr.Network_Access_Permission" DATA_TYPE="boolean" DATA_HANDLER_TYPE="6" />
    <ADSIAMADAttributes ATTRIB_ID="ADSIAMADAttributes:ATTRIB_ID:335" OBJECT_TYPE="2" ATTRIB_NAME="msNPCallingStationID" DISPLAY_NAME="rmp.adAttr.Verify_Caller_ID" DATA_TYPE="String" DATA_HANDLER_TYPE="3" />
    <ADSIAMADAttributes ATTRIB_ID="ADSIAMADAttributes:ATTRIB_ID:336" OBJECT_TYPE="2" ATTRIB_NAME="msRADIUSServiceType" DISPLAY_NAME="rmp.adAttr.Callback_Option" DATA_TYPE="Integer" DATA_HANDLER_TYPE="7" />
    <ADSIAMADAttributes ATTRIB_ID="ADSIAMADAttributes:ATTRIB_ID:337" OBJECT_TYPE="2" ATTRIB_NAME="msRADIUSCallbackNumber" DISPLAY_NAME="rmp.adAttr.Callback_number" DATA_TYPE="String" DATA_HANDLER_TYPE="3" />
    <ADSIAMADAttributes ATTRIB_ID="ADSIAMADAttributes:ATTRIB_ID:339" OBJECT_TYPE="2" ATTRIB_NAME="msRADIUSFramedIPAddress" DISPLAY_NAME="rmp.adAttr.IPv4_Dial_in_connection" DATA_TYPE="Integer" DATA_HANDLER_TYPE="7" />
    <ADSIAMADAttributes ATTRIB_ID="ADSIAMADAttributes:ATTRIB_ID:341" OBJECT_TYPE="2" ATTRIB_NAME="msRADIUS-FramedInterfaceId" DISPLAY_NAME="rmp.adAttr.IPv6_Interface_ID_Dial_in_connection" DATA_TYPE="String" DATA_HANDLER_TYPE="3" />
    <ADSIAMADAttributes ATTRIB_ID="ADSIAMADAttributes:ATTRIB_ID:342" OBJECT_TYPE="2" ATTRIB_NAME="msRADIUS-FramedIpv6Prefix" DISPLAY_NAME="rmp.adAttr.IPv6_Prefix_Dial_in_connection" DATA_TYPE="String" DATA_HANDLER_TYPE="3" />
    <ADSIAMADAttributes ATTRIB_ID="ADSIAMADAttributes:ATTRIB_ID:344" OBJECT_TYPE="2" ATTRIB_NAME="msRADIUSFramedRoute" DISPLAY_NAME="rmp.adAttr.IPv4_route_Dial_in_connection" DATA_TYPE="String" DATA_HANDLER_TYPE="3" IS_MULTI_VALUED="true"/>
    <ADSIAMADAttributes ATTRIB_ID="ADSIAMADAttributes:ATTRIB_ID:345" OBJECT_TYPE="2" ATTRIB_NAME="msRADIUS-FramedIpv6Route" DISPLAY_NAME="rmp.adAttr.IPv6_route_Dial_in_connection" DATA_TYPE="String" DATA_HANDLER_TYPE="3" IS_MULTI_VALUED="true"/>
    <ADSIAMADAttributes ATTRIB_ID="ADSIAMADAttributes:ATTRIB_ID:357" OBJECT_TYPE="2" ATTRIB_NAME="authOrig" DISPLAY_NAME="rmp.adAttr.authOrig" DATA_TYPE="String" DATA_HANDLER_TYPE="3" IS_MULTI_VALUED="true"  />
    <ADSIAMADAttributes ATTRIB_ID="ADSIAMADAttributes:ATTRIB_ID:389" OBJECT_TYPE="2" ATTRIB_NAME="unauthOrig" DISPLAY_NAME="rmp.adAttr.unauthOrig" DATA_TYPE="String" DATA_HANDLER_TYPE="3" IS_MULTI_VALUED="true"  />
    <ADSIAMADAttributes ATTRIB_ID="ADSIAMADAttributes:ATTRIB_ID:360" OBJECT_TYPE="2" ATTRIB_NAME="dLMemRejectPerms" DISPLAY_NAME="rmp.adAttr.dLMemRejectPerms" DATA_TYPE="String" DATA_HANDLER_TYPE="3" IS_MULTI_VALUED="true"  />
    <ADSIAMADAttributes ATTRIB_ID="ADSIAMADAttributes:ATTRIB_ID:361" OBJECT_TYPE="2" ATTRIB_NAME="dLMemSubmitPerms" DISPLAY_NAME="rmp.adAttr.dLMemSubmitPerms" DATA_TYPE="String" DATA_HANDLER_TYPE="3" IS_MULTI_VALUED="true"  />
    <ADSIAMADAttributes ATTRIB_ID="ADSIAMADAttributes:ATTRIB_ID:418" OBJECT_TYPE="2" ATTRIB_NAME="msExchModeratedByLink" DISPLAY_NAME="rmp.adAttr.Exchange_Moderated_By_Link" DATA_TYPE="String" DATA_HANDLER_TYPE="3" IS_FORWARD_LINKED="true" />
    <ADSIAMADAttributes ATTRIB_ID="ADSIAMADAttributes:ATTRIB_ID:419" OBJECT_TYPE="2" ATTRIB_NAME="msExchModeratedObjectsBL" DISPLAY_NAME="rmp.adAttr.Exchange_Moderated_Objects_DL" DATA_TYPE="String" DATA_HANDLER_TYPE="3" IS_BACK_LINKED="true" />
    
    <!-- <ADSIAMADAttributes ATTRIB_ID="ADSIAMADAttributes:ATTRIB_ID:457" OBJECT_TYPE="2" ATTRIB_NAME="lastKnownParent" DISPLAY_NAME="rmp.adAttr.LastKnownParent" DATA_TYPE="String" DATA_HANDLER_TYPE="3" /> -->

    <!-- Contact -->    
    <ADSIAMADAttributes ATTRIB_ID="ADSIAMADAttributes:ATTRIB_ID:512" OBJECT_TYPE="3" ATTRIB_NAME="givenName" DISPLAY_NAME="rmp.adAttr.GivenName" DATA_TYPE="String" DATA_HANDLER_TYPE="3" />
    <ADSIAMADAttributes ATTRIB_ID="ADSIAMADAttributes:ATTRIB_ID:513" OBJECT_TYPE="3" ATTRIB_NAME="initials" DISPLAY_NAME="rmp.adAttr.Initials" DATA_TYPE="String" DATA_HANDLER_TYPE="3" />
    <ADSIAMADAttributes ATTRIB_ID="ADSIAMADAttributes:ATTRIB_ID:514" OBJECT_TYPE="3" ATTRIB_NAME="sn" DISPLAY_NAME="rmp.adAttr.Surname" DATA_TYPE="String" DATA_HANDLER_TYPE="3" />
    <ADSIAMADAttributes ATTRIB_ID="ADSIAMADAttributes:ATTRIB_ID:515" OBJECT_TYPE="3" ATTRIB_NAME="displayName" DISPLAY_NAME="rmp.adAttr.Display_Name" DATA_TYPE="String" DATA_HANDLER_TYPE="3" />
    <ADSIAMADAttributes ATTRIB_ID="ADSIAMADAttributes:ATTRIB_ID:516" OBJECT_TYPE="3" ATTRIB_NAME="description" DISPLAY_NAME="rmp.adAttr.Description" DATA_TYPE="String" DATA_HANDLER_TYPE="3" />
    <ADSIAMADAttributes ATTRIB_ID="ADSIAMADAttributes:ATTRIB_ID:517" OBJECT_TYPE="3" ATTRIB_NAME="physicalDeliveryOfficeName" DISPLAY_NAME="rmp.adAttr.Office" DATA_TYPE="String" DATA_HANDLER_TYPE="3" />
    <ADSIAMADAttributes ATTRIB_ID="ADSIAMADAttributes:ATTRIB_ID:518" OBJECT_TYPE="3" ATTRIB_NAME="telephoneNumber" DISPLAY_NAME="rmp.adAttr.TelephoneNumber" DATA_TYPE="String" />
    <ADSIAMADAttributes ATTRIB_ID="ADSIAMADAttributes:ATTRIB_ID:519" OBJECT_TYPE="3" ATTRIB_NAME="otherTelephone" DISPLAY_NAME="rmp.adAttr.OtherTelephones" DATA_TYPE="String" IS_MULTI_VALUED="true" />
    <ADSIAMADAttributes ATTRIB_ID="ADSIAMADAttributes:ATTRIB_ID:520" OBJECT_TYPE="3" ATTRIB_NAME="mail" DISPLAY_NAME="rmp.adAttr.Email" DATA_TYPE="String" DATA_HANDLER_TYPE="3" />
    <ADSIAMADAttributes ATTRIB_ID="ADSIAMADAttributes:ATTRIB_ID:521" OBJECT_TYPE="3" ATTRIB_NAME="wwwHomePage" DISPLAY_NAME="rmp.adAttr.URL" DATA_TYPE="String" DATA_HANDLER_TYPE="3" />
    <ADSIAMADAttributes ATTRIB_ID="ADSIAMADAttributes:ATTRIB_ID:522" OBJECT_TYPE="3" ATTRIB_NAME="url" DISPLAY_NAME="rmp.adAttr.OtherURLs" DATA_TYPE="String" IS_MULTI_VALUED="true" DATA_HANDLER_TYPE="3" />
    <ADSIAMADAttributes ATTRIB_ID="ADSIAMADAttributes:ATTRIB_ID:523" OBJECT_TYPE="3" ATTRIB_NAME="name" DISPLAY_NAME="rmp.adAttr.Name_CN" DATA_TYPE="String" DATA_HANDLER_TYPE="3" />
    <ADSIAMADAttributes ATTRIB_ID="ADSIAMADAttributes:ATTRIB_ID:524" OBJECT_TYPE="3" ATTRIB_NAME="memberOf" DISPLAY_NAME="rmp.adAttr.MemberOf" DATA_TYPE="String" IS_BACK_LINKED="true"  DATA_HANDLER_TYPE="3" />
    <ADSIAMADAttributes ATTRIB_ID="ADSIAMADAttributes:ATTRIB_ID:525" OBJECT_TYPE="3" ATTRIB_NAME="managedObjects" DISPLAY_NAME="rmp.adAttr.Managed_Objects" DATA_TYPE="String" IS_BACK_LINKED="true"  DATA_HANDLER_TYPE="3" />
    <ADSIAMADAttributes ATTRIB_ID="ADSIAMADAttributes:ATTRIB_ID:526" OBJECT_TYPE="3" ATTRIB_NAME="directReports" DISPLAY_NAME="rmp.adAttr.Direct_Reports" DATA_TYPE="String" IS_BACK_LINKED="true"  DATA_HANDLER_TYPE="3" />
    <ADSIAMADAttributes ATTRIB_ID="ADSIAMADAttributes:ATTRIB_ID:528" OBJECT_TYPE="3" ATTRIB_NAME="streetAddress" DISPLAY_NAME="rmp.adAttr.Street" DATA_TYPE="String" />
    <ADSIAMADAttributes ATTRIB_ID="ADSIAMADAttributes:ATTRIB_ID:529" OBJECT_TYPE="3" ATTRIB_NAME="postOfficeBox" DISPLAY_NAME="rmp.adAttr.PO_Box" DATA_TYPE="String" IS_MULTI_VALUED="true" DATA_HANDLER_TYPE="3" />
    <ADSIAMADAttributes ATTRIB_ID="ADSIAMADAttributes:ATTRIB_ID:530" OBJECT_TYPE="3" ATTRIB_NAME="l" DISPLAY_NAME="rmp.adAttr.City" DATA_TYPE="String" />
    <ADSIAMADAttributes ATTRIB_ID="ADSIAMADAttributes:ATTRIB_ID:531" OBJECT_TYPE="3" ATTRIB_NAME="st" DISPLAY_NAME="rmp.adAttr.State_Province" DATA_TYPE="String" />
    <ADSIAMADAttributes ATTRIB_ID="ADSIAMADAttributes:ATTRIB_ID:532" OBJECT_TYPE="3" ATTRIB_NAME="postalCode" DISPLAY_NAME="rmp.adAttr.Zip_PostalCode" DATA_TYPE="String" />
    <ADSIAMADAttributes ATTRIB_ID="ADSIAMADAttributes:ATTRIB_ID:533" OBJECT_TYPE="3" ATTRIB_NAME="co" DISPLAY_NAME="rmp.adAttr.Country_Region" DATA_TYPE="String" DATA_HANDLER_TYPE="3" />
    <ADSIAMADAttributes ATTRIB_ID="ADSIAMADAttributes:ATTRIB_ID:542" OBJECT_TYPE="3" ATTRIB_NAME="homePhone" DISPLAY_NAME="rmp.adAttr.Home_Phone" DATA_TYPE="String" DATA_HANDLER_TYPE="3" />
    <ADSIAMADAttributes ATTRIB_ID="ADSIAMADAttributes:ATTRIB_ID:543" OBJECT_TYPE="3" ATTRIB_NAME="pager" DISPLAY_NAME="rmp.adAttr.Pager" DATA_TYPE="String" />
    <ADSIAMADAttributes ATTRIB_ID="ADSIAMADAttributes:ATTRIB_ID:544" OBJECT_TYPE="3" ATTRIB_NAME="mobile" DISPLAY_NAME="rmp.adAttr.Mobile" DATA_TYPE="String" />
    <ADSIAMADAttributes ATTRIB_ID="ADSIAMADAttributes:ATTRIB_ID:545" OBJECT_TYPE="3" ATTRIB_NAME="facsimileTelephoneNumber" DISPLAY_NAME="rmp.adAttr.Fax_Number" DATA_TYPE="String" />
    <ADSIAMADAttributes ATTRIB_ID="ADSIAMADAttributes:ATTRIB_ID:546" OBJECT_TYPE="3" ATTRIB_NAME="ipPhone" DISPLAY_NAME="rmp.adAttr.IP_Phone" DATA_TYPE="String" />
    <ADSIAMADAttributes ATTRIB_ID="ADSIAMADAttributes:ATTRIB_ID:547" OBJECT_TYPE="3" ATTRIB_NAME="otherHomePhone" DISPLAY_NAME="rmp.adAttr.Other_HomePhones" DATA_TYPE="String" IS_MULTI_VALUED="true" />
    <ADSIAMADAttributes ATTRIB_ID="ADSIAMADAttributes:ATTRIB_ID:548" OBJECT_TYPE="3" ATTRIB_NAME="otherPager" DISPLAY_NAME="rmp.adAttr.Other_Pagers" DATA_TYPE="String" IS_MULTI_VALUED="true" />
    <ADSIAMADAttributes ATTRIB_ID="ADSIAMADAttributes:ATTRIB_ID:549" OBJECT_TYPE="3" ATTRIB_NAME="otherMobile" DISPLAY_NAME="rmp.adAttr.Other_Mobiles" DATA_TYPE="String" IS_MULTI_VALUED="true" />
    <ADSIAMADAttributes ATTRIB_ID="ADSIAMADAttributes:ATTRIB_ID:550" OBJECT_TYPE="3" ATTRIB_NAME="otherFacsimileTelephoneNumber" DISPLAY_NAME="rmp.adAttr.Other_Faxes" DATA_TYPE="String" IS_MULTI_VALUED="true" />
    <ADSIAMADAttributes ATTRIB_ID="ADSIAMADAttributes:ATTRIB_ID:551" OBJECT_TYPE="3" ATTRIB_NAME="otherIpPhone" DISPLAY_NAME="rmp.adAttr.Other_IP_Phones" DATA_TYPE="String" IS_MULTI_VALUED="true" />
    <ADSIAMADAttributes ATTRIB_ID="ADSIAMADAttributes:ATTRIB_ID:552" OBJECT_TYPE="3" ATTRIB_NAME="info" DISPLAY_NAME="rmp.adAttr.Notes" DATA_TYPE="String" DATA_HANDLER_TYPE="3" />
    <ADSIAMADAttributes ATTRIB_ID="ADSIAMADAttributes:ATTRIB_ID:553" OBJECT_TYPE="3" ATTRIB_NAME="title" DISPLAY_NAME="rmp.adAttr.Title" DATA_TYPE="String" DATA_HANDLER_TYPE="3" />
    <ADSIAMADAttributes ATTRIB_ID="ADSIAMADAttributes:ATTRIB_ID:554" OBJECT_TYPE="3" ATTRIB_NAME="department" DISPLAY_NAME="rmp.adAttr.Department" DATA_TYPE="String" />
    <ADSIAMADAttributes ATTRIB_ID="ADSIAMADAttributes:ATTRIB_ID:555" OBJECT_TYPE="3" ATTRIB_NAME="company" DISPLAY_NAME="rmp.adAttr.Company" DATA_TYPE="String" DATA_HANDLER_TYPE="3" />
    <ADSIAMADAttributes ATTRIB_ID="ADSIAMADAttributes:ATTRIB_ID:556" OBJECT_TYPE="3" ATTRIB_NAME="manager" DISPLAY_NAME="rmp.adAttr.Manager" DATA_TYPE="String" IS_FORWARD_LINKED="true" DATA_HANDLER_TYPE="3" />
    <ADSIAMADAttributes ATTRIB_ID="ADSIAMADAttributes:ATTRIB_ID:559" OBJECT_TYPE="3" ATTRIB_NAME="nTSecurityDescriptor" DISPLAY_NAME="rmp.adAttr.NT_Security_Descriptor" DATA_TYPE="Byte[]" DATA_HANDLER_TYPE="8" />
    <ADSIAMADAttributes ATTRIB_ID="ADSIAMADAttributes:ATTRIB_ID:564" OBJECT_TYPE="3" ATTRIB_NAME="distinguishedName" DISPLAY_NAME="rmp.adAttr.DistinguishedName" DATA_TYPE="String" DATA_HANDLER_TYPE="3" />
    <!-- Exchange General -->
    <ADSIAMADAttributes ATTRIB_ID="ADSIAMADAttributes:ATTRIB_ID:635" OBJECT_TYPE="3" ATTRIB_NAME="mailNickname" DISPLAY_NAME="rmp.adAttr.mailNickname" DATA_TYPE="String" DATA_HANDLER_TYPE="3" />
    <ADSIAMADAttributes ATTRIB_ID="ADSIAMADAttributes:ATTRIB_ID:611" OBJECT_TYPE="3" ATTRIB_NAME="displayNamePrintable" DISPLAY_NAME="rmp.adAttr.Display_Name_Printable" DATA_TYPE="String" DATA_HANDLER_TYPE="3" />
    <ADSIAMADAttributes ATTRIB_ID="ADSIAMADAttributes:ATTRIB_ID:634" OBJECT_TYPE="3" ATTRIB_NAME="legacyExchangeDN" DISPLAY_NAME="rmp.adAttr.Legacy_Exchange_DN" DATA_TYPE="String" DATA_HANDLER_TYPE="3" />
    <ADSIAMADAttributes ATTRIB_ID="ADSIAMADAttributes:ATTRIB_ID:636" OBJECT_TYPE="3" ATTRIB_NAME="msExchAssistantName" DISPLAY_NAME="rmp.adAttr.Assistant_Name" DATA_TYPE="String" DATA_HANDLER_TYPE="3" />
    <ADSIAMADAttributes ATTRIB_ID="ADSIAMADAttributes:ATTRIB_ID:637" OBJECT_TYPE="3" ATTRIB_NAME="msExchHideFromAddressLists" DISPLAY_NAME="rmp.adAttr.Hide_From_Address_Lists" DATA_TYPE="boolean" DATA_HANDLER_TYPE="6" />
    <ADSIAMADAttributes ATTRIB_ID="ADSIAMADAttributes:ATTRIB_ID:706" OBJECT_TYPE="3" ATTRIB_NAME="mAPIRecipient" DISPLAY_NAME="rmp.adAttr.APIRecipient" DATA_TYPE="boolean" DATA_HANDLER_TYPE="6" />
    <ADSIAMADAttributes ATTRIB_ID="ADSIAMADAttributes:ATTRIB_ID:687" OBJECT_TYPE="3" ATTRIB_NAME="telephoneAssistant" DISPLAY_NAME="rmp.adAttr.Telephone_Assistant" DATA_TYPE="String" DATA_HANDLER_TYPE="3" />
    <ADSIAMADAttributes ATTRIB_ID="ADSIAMADAttributes:ATTRIB_ID:613" OBJECT_TYPE="3" ATTRIB_NAME="authOrig" DISPLAY_NAME="rmp.adAttr.authOrig" DATA_TYPE="String" DATA_HANDLER_TYPE="3" IS_MULTI_VALUED="true"  />
    <ADSIAMADAttributes ATTRIB_ID="ADSIAMADAttributes:ATTRIB_ID:645" OBJECT_TYPE="3" ATTRIB_NAME="unauthOrig" DISPLAY_NAME="rmp.adAttr.unauthOrig" DATA_TYPE="String" DATA_HANDLER_TYPE="3" IS_MULTI_VALUED="true"  />
    <ADSIAMADAttributes ATTRIB_ID="ADSIAMADAttributes:ATTRIB_ID:616" OBJECT_TYPE="3" ATTRIB_NAME="dLMemRejectPerms" DISPLAY_NAME="rmp.adAttr.dLMemRejectPerms" DATA_TYPE="String" DATA_HANDLER_TYPE="3" IS_MULTI_VALUED="true"  />
    <ADSIAMADAttributes ATTRIB_ID="ADSIAMADAttributes:ATTRIB_ID:617" OBJECT_TYPE="3" ATTRIB_NAME="dLMemSubmitPerms" DISPLAY_NAME="rmp.adAttr.dLMemSubmitPerms" DATA_TYPE="String" DATA_HANDLER_TYPE="3" IS_MULTI_VALUED="true"  />
   
    <!-- Custom Attributes -->
    <ADSIAMADAttributes ATTRIB_ID="ADSIAMADAttributes:ATTRIB_ID:618" OBJECT_TYPE="3" ATTRIB_NAME="extensionAttribute1" DISPLAY_NAME="rmp.adAttr.Custom_Attribute_1" DATA_TYPE="String" DATA_HANDLER_TYPE="3" />
    <ADSIAMADAttributes ATTRIB_ID="ADSIAMADAttributes:ATTRIB_ID:619" OBJECT_TYPE="3" ATTRIB_NAME="extensionAttribute2" DISPLAY_NAME="rmp.adAttr.Custom_Attribute_2" DATA_TYPE="String" DATA_HANDLER_TYPE="3" />
    <ADSIAMADAttributes ATTRIB_ID="ADSIAMADAttributes:ATTRIB_ID:620" OBJECT_TYPE="3" ATTRIB_NAME="extensionAttribute3" DISPLAY_NAME="rmp.adAttr.Custom_Attribute_3" DATA_TYPE="String" DATA_HANDLER_TYPE="3" />
    <ADSIAMADAttributes ATTRIB_ID="ADSIAMADAttributes:ATTRIB_ID:621" OBJECT_TYPE="3" ATTRIB_NAME="extensionAttribute4" DISPLAY_NAME="rmp.adAttr.Custom_Attribute_4" DATA_TYPE="String" DATA_HANDLER_TYPE="3" />
    <ADSIAMADAttributes ATTRIB_ID="ADSIAMADAttributes:ATTRIB_ID:622" OBJECT_TYPE="3" ATTRIB_NAME="extensionAttribute5" DISPLAY_NAME="rmp.adAttr.Custom_Attribute_5" DATA_TYPE="String" DATA_HANDLER_TYPE="3" />
    <ADSIAMADAttributes ATTRIB_ID="ADSIAMADAttributes:ATTRIB_ID:623" OBJECT_TYPE="3" ATTRIB_NAME="extensionAttribute6" DISPLAY_NAME="rmp.adAttr.Custom_Attribute_6" DATA_TYPE="String" DATA_HANDLER_TYPE="3" />
    <ADSIAMADAttributes ATTRIB_ID="ADSIAMADAttributes:ATTRIB_ID:624" OBJECT_TYPE="3" ATTRIB_NAME="extensionAttribute7" DISPLAY_NAME="rmp.adAttr.Custom_Attribute_7" DATA_TYPE="String" DATA_HANDLER_TYPE="3" />
    <ADSIAMADAttributes ATTRIB_ID="ADSIAMADAttributes:ATTRIB_ID:625" OBJECT_TYPE="3" ATTRIB_NAME="extensionAttribute8" DISPLAY_NAME="rmp.adAttr.Custom_Attribute_8" DATA_TYPE="String" DATA_HANDLER_TYPE="3" />
    <ADSIAMADAttributes ATTRIB_ID="ADSIAMADAttributes:ATTRIB_ID:626" OBJECT_TYPE="3" ATTRIB_NAME="extensionAttribute9" DISPLAY_NAME="rmp.adAttr.Custom_Attribute_9" DATA_TYPE="String" DATA_HANDLER_TYPE="3" />
    <ADSIAMADAttributes ATTRIB_ID="ADSIAMADAttributes:ATTRIB_ID:627" OBJECT_TYPE="3" ATTRIB_NAME="extensionAttribute10" DISPLAY_NAME="rmp.adAttr.Custom_Attribute_10" DATA_TYPE="String" DATA_HANDLER_TYPE="3" />
    <ADSIAMADAttributes ATTRIB_ID="ADSIAMADAttributes:ATTRIB_ID:628" OBJECT_TYPE="3" ATTRIB_NAME="extensionAttribute11" DISPLAY_NAME="rmp.adAttr.Custom_Attribute_11" DATA_TYPE="String" DATA_HANDLER_TYPE="3" />
    <ADSIAMADAttributes ATTRIB_ID="ADSIAMADAttributes:ATTRIB_ID:629" OBJECT_TYPE="3" ATTRIB_NAME="extensionAttribute12" DISPLAY_NAME="rmp.adAttr.Custom_Attribute_12" DATA_TYPE="String" DATA_HANDLER_TYPE="3" />
    <ADSIAMADAttributes ATTRIB_ID="ADSIAMADAttributes:ATTRIB_ID:630" OBJECT_TYPE="3" ATTRIB_NAME="extensionAttribute13" DISPLAY_NAME="rmp.adAttr.Custom_Attribute_13" DATA_TYPE="String" DATA_HANDLER_TYPE="3" />
    <ADSIAMADAttributes ATTRIB_ID="ADSIAMADAttributes:ATTRIB_ID:631" OBJECT_TYPE="3" ATTRIB_NAME="extensionAttribute14" DISPLAY_NAME="rmp.adAttr.Custom_Attribute_14" DATA_TYPE="String" DATA_HANDLER_TYPE="3" />
    <ADSIAMADAttributes ATTRIB_ID="ADSIAMADAttributes:ATTRIB_ID:632" OBJECT_TYPE="3" ATTRIB_NAME="extensionAttribute15" DISPLAY_NAME="rmp.adAttr.Custom_Attribute_15" DATA_TYPE="String" DATA_HANDLER_TYPE="3" />
    <!-- MailFlow Settings - Delivery Restrictions -->
    <!-- {"authOrigBL", 102}, //B-N -->
    <ADSIAMADAttributes ATTRIB_ID="ADSIAMADAttributes:ATTRIB_ID:640" OBJECT_TYPE="3" ATTRIB_NAME="msExchRequireAuthToSendTo" DISPLAY_NAME="rmp.adAttr.Require_Auth_To_Send_To" DATA_TYPE="boolean" DATA_HANDLER_TYPE="6" />
    <!-- {"altRecipientBL", 100}, //B-N
    {"unauthOrigBL", 134}, //B-N -->
    <!-- Email Addresses -->
    <ADSIAMADAttributes ATTRIB_ID="ADSIAMADAttributes:ATTRIB_ID:642" OBJECT_TYPE="3" ATTRIB_NAME="proxyAddresses" DISPLAY_NAME="rmp.adAttr.Proxy_Addresses" DATA_TYPE="String" DATA_HANDLER_TYPE="3" IS_MULTI_VALUED="true" />
    <!-- {"textEncodedORAddress", 132}, //B-N -->
    <ADSIAMADAttributes ATTRIB_ID="ADSIAMADAttributes:ATTRIB_ID:676" OBJECT_TYPE="3" ATTRIB_NAME="msExchPoliciesIncluded" DISPLAY_NAME="rmp.adAttr.Policies_Included" DATA_TYPE="String" DATA_HANDLER_TYPE="3" IS_MULTI_VALUED="true" />
    <ADSIAMADAttributes ATTRIB_ID="ADSIAMADAttributes:ATTRIB_ID:639" OBJECT_TYPE="3" ATTRIB_NAME="msExchPoliciesExcluded" DISPLAY_NAME="rmp.adAttr.Policies_Excluded" DATA_TYPE="String" DATA_HANDLER_TYPE="3" IS_MULTI_VALUED="true" />
    <ADSIAMADAttributes ATTRIB_ID="ADSIAMADAttributes:ATTRIB_ID:707" OBJECT_TYPE="3" ATTRIB_NAME="targetAddress" DISPLAY_NAME="rmp.adAttr.Target_Address" DATA_TYPE="String" DATA_HANDLER_TYPE="3" />
    <!-- MailFlow Settings- Message Size Restrictions -->
    <ADSIAMADAttributes ATTRIB_ID="ADSIAMADAttributes:ATTRIB_ID:615" OBJECT_TYPE="3" ATTRIB_NAME="delivContLength" DISPLAY_NAME="rmp.adAttr.Deliver_Msg_Content_Length" DATA_TYPE="String" DATA_HANDLER_TYPE="3" />
    <!-- Exchange Advanced Settings -->
    <ADSIAMADAttributes ATTRIB_ID="ADSIAMADAttributes:ATTRIB_ID:633" OBJECT_TYPE="3" ATTRIB_NAME="internetEncoding" DISPLAY_NAME="rmp.adAttr.Internet_Encoding" DATA_TYPE="String" DATA_HANDLER_TYPE="3" />
    <ADSIAMADAttributes ATTRIB_ID="ADSIAMADAttributes:ATTRIB_ID:610" OBJECT_TYPE="3" ATTRIB_NAME="msExchVersion" DISPLAY_NAME="rmp.adAttr.Exchange_Version" DATA_TYPE="String" DATA_HANDLER_TYPE="3" />
    <ADSIAMADAttributes ATTRIB_ID="ADSIAMADAttributes:ATTRIB_ID:609" OBJECT_TYPE="3" ATTRIB_NAME="msExchTransportRecipientSettingsFlags" DISPLAY_NAME="rmp.adAttr.Transport_Recipient_Settings_Flags" DATA_TYPE="String" DATA_HANDLER_TYPE="3" />
    <ADSIAMADAttributes ATTRIB_ID="ADSIAMADAttributes:ATTRIB_ID:608" OBJECT_TYPE="3" ATTRIB_NAME="msExchModerationFlags" DISPLAY_NAME="rmp.adAttr.Moderation_Flags" DATA_TYPE="String" DATA_HANDLER_TYPE="3" />
    <ADSIAMADAttributes ATTRIB_ID="ADSIAMADAttributes:ATTRIB_ID:607" OBJECT_TYPE="3" ATTRIB_NAME="msExchProvisioningFlags" DISPLAY_NAME="rmp.adAttr.Provisioning_Flags" DATA_TYPE="String" DATA_HANDLER_TYPE="3" />

    <ADSIAMADAttributes ATTRIB_ID="ADSIAMADAttributes:ATTRIB_ID:692" OBJECT_TYPE="3" ATTRIB_NAME="msExchRecipientDisplayType" DISPLAY_NAME="rmp.adAttr.Recipient_Display_Type" DATA_TYPE="String" DATA_HANDLER_TYPE="3" />
    <ADSIAMADAttributes ATTRIB_ID="ADSIAMADAttributes:ATTRIB_ID:693" OBJECT_TYPE="3" ATTRIB_NAME="msExchRecipientTypeDetails" DISPLAY_NAME="rmp.adAttr.Recipient_Type_Details" DATA_TYPE="String" DATA_HANDLER_TYPE="3" />
    <!-- {"msExchOriginatingForest", 126}, //B-N -->
    <ADSIAMADAttributes ATTRIB_ID="ADSIAMADAttributes:ATTRIB_ID:643" OBJECT_TYPE="3" ATTRIB_NAME="showInAddressBook" DISPLAY_NAME="rmp.adAttr.Show_In_AddressBook" DATA_TYPE="String" DATA_HANDLER_TYPE="3" IS_MULTI_VALUED="true" />
    <ADSIAMADAttributes ATTRIB_ID="ADSIAMADAttributes:ATTRIB_ID:674" OBJECT_TYPE="3" ATTRIB_NAME="msExchModeratedByLink" DISPLAY_NAME="rmp.adAttr.Exchange_Moderated_By_Link" DATA_TYPE="String" DATA_HANDLER_TYPE="3" IS_FORWARD_LINKED="true" />
    <ADSIAMADAttributes ATTRIB_ID="ADSIAMADAttributes:ATTRIB_ID:675" OBJECT_TYPE="3" ATTRIB_NAME="msExchModeratedObjectsBL" DISPLAY_NAME="rmp.adAttr.Exchange_Moderated_Objects_DL" DATA_TYPE="String" DATA_HANDLER_TYPE="3" IS_BACK_LINKED="true" />


    <!-- <ADSIAMADAttributes ATTRIB_ID="ADSIAMADAttributes:ATTRIB_ID:713" OBJECT_TYPE="3" ATTRIB_NAME="lastKnownParent" DISPLAY_NAME="rmp.adAttr.LastKnownParent" DATA_TYPE="String" DATA_HANDLER_TYPE="3" /> -->


    <!-- Group -->  
    <ADSIAMADAttributes ATTRIB_ID="ADSIAMADAttributes:ATTRIB_ID:771" OBJECT_TYPE="4" ATTRIB_NAME="displayName" DISPLAY_NAME="rmp.adAttr.Display_Name" DATA_TYPE="String" DATA_HANDLER_TYPE="3" />
    <ADSIAMADAttributes ATTRIB_ID="ADSIAMADAttributes:ATTRIB_ID:772" OBJECT_TYPE="4" ATTRIB_NAME="description" DISPLAY_NAME="rmp.adAttr.Description" DATA_TYPE="String" DATA_HANDLER_TYPE="3" />
    <ADSIAMADAttributes ATTRIB_ID="ADSIAMADAttributes:ATTRIB_ID:779" OBJECT_TYPE="4" ATTRIB_NAME="name" DISPLAY_NAME="rmp.adAttr.Name_CN" DATA_TYPE="String" DATA_HANDLER_TYPE="3" />
    <ADSIAMADAttributes ATTRIB_ID="ADSIAMADAttributes:ATTRIB_ID:780" OBJECT_TYPE="4" ATTRIB_NAME="memberOf" DISPLAY_NAME="rmp.adAttr.MemberOf" DATA_TYPE="String" IS_BACK_LINKED="true"  DATA_HANDLER_TYPE="3" />
    <ADSIAMADAttributes ATTRIB_ID="ADSIAMADAttributes:ATTRIB_ID:781" OBJECT_TYPE="4" ATTRIB_NAME="managedObjects" DISPLAY_NAME="rmp.adAttr.Managed_Objects" DATA_TYPE="String" IS_BACK_LINKED="true"  DATA_HANDLER_TYPE="3" />
    <ADSIAMADAttributes ATTRIB_ID="ADSIAMADAttributes:ATTRIB_ID:791" OBJECT_TYPE="4" ATTRIB_NAME="sAMAccountName" DISPLAY_NAME="rmp.adAttr.User_Logon_Name_pre_Windows_2000" DATA_TYPE="String" DATA_HANDLER_TYPE="3" />
    <ADSIAMADAttributes ATTRIB_ID="ADSIAMADAttributes:ATTRIB_ID:808" OBJECT_TYPE="4" ATTRIB_NAME="info" DISPLAY_NAME="rmp.adAttr.Info" DATA_TYPE="String" DATA_HANDLER_TYPE="3" />
    <ADSIAMADAttributes ATTRIB_ID="ADSIAMADAttributes:ATTRIB_ID:820" OBJECT_TYPE="4" ATTRIB_NAME="distinguishedName" DISPLAY_NAME="rmp.adAttr.DistinguishedName" DATA_TYPE="String" DATA_HANDLER_TYPE="3" />
    <ADSIAMADAttributes ATTRIB_ID="ADSIAMADAttributes:ATTRIB_ID:815" OBJECT_TYPE="4" ATTRIB_NAME="nTSecurityDescriptor" DISPLAY_NAME="rmp.adAttr.NT_Security_Descriptor" DATA_TYPE="Byte[]" DATA_HANDLER_TYPE="8" />
    <ADSIAMADAttributes ATTRIB_ID="ADSIAMADAttributes:ATTRIB_ID:829" OBJECT_TYPE="4" ATTRIB_NAME="managedBy" DISPLAY_NAME="rmp.adAttr.Managed_By" DATA_TYPE="String" DATA_HANDLER_TYPE="3" IS_FORWARD_LINKED="true"  />
    <ADSIAMADAttributes ATTRIB_ID="ADSIAMADAttributes:ATTRIB_ID:840" OBJECT_TYPE="4" ATTRIB_NAME="mail" DISPLAY_NAME="rmp.adAttr.Mail" DATA_TYPE="String" DATA_HANDLER_TYPE="3" />
    <ADSIAMADAttributes ATTRIB_ID="ADSIAMADAttributes:ATTRIB_ID:841" OBJECT_TYPE="4" ATTRIB_NAME="groupType" DISPLAY_NAME="rmp.adAttr.GroupType" DATA_TYPE="String" DATA_HANDLER_TYPE="3" />
    <ADSIAMADAttributes ATTRIB_ID="ADSIAMADAttributes:ATTRIB_ID:842" OBJECT_TYPE="4" ATTRIB_NAME="member" DISPLAY_NAME="rmp.adAttr.Members" DATA_TYPE="String" IS_FORWARD_LINKED="true"  DATA_HANDLER_TYPE="3" />
    <!-- {"memberDN",77},
    {"memberCount",78},
    {"memberspageCount",79},
    {"AddandRemoveIndex",80},
    {"AddandRemoveCount",81}, -->   
    <!-- Exchange General -->
    <ADSIAMADAttributes ATTRIB_ID="ADSIAMADAttributes:ATTRIB_ID:869" OBJECT_TYPE="4" ATTRIB_NAME="authOrig" DISPLAY_NAME="rmp.adAttr.authOrig" DATA_TYPE="String" DATA_HANDLER_TYPE="3" IS_MULTI_VALUED="true"  />
    <ADSIAMADAttributes ATTRIB_ID="ADSIAMADAttributes:ATTRIB_ID:901" OBJECT_TYPE="4" ATTRIB_NAME="unauthOrig" DISPLAY_NAME="rmp.adAttr.unauthOrig" DATA_TYPE="String" DATA_HANDLER_TYPE="3" IS_MULTI_VALUED="true"  />
    <ADSIAMADAttributes ATTRIB_ID="ADSIAMADAttributes:ATTRIB_ID:872" OBJECT_TYPE="4" ATTRIB_NAME="dLMemRejectPerms" DISPLAY_NAME="rmp.adAttr.dLMemRejectPerms" DATA_TYPE="String" DATA_HANDLER_TYPE="3" IS_MULTI_VALUED="true"  />
    <ADSIAMADAttributes ATTRIB_ID="ADSIAMADAttributes:ATTRIB_ID:873" OBJECT_TYPE="4" ATTRIB_NAME="dLMemSubmitPerms" DISPLAY_NAME="rmp.adAttr.dLMemSubmitPerms" DATA_TYPE="String" DATA_HANDLER_TYPE="3" IS_MULTI_VALUED="true"  />
    <ADSIAMADAttributes ATTRIB_ID="ADSIAMADAttributes:ATTRIB_ID:891" OBJECT_TYPE="4" ATTRIB_NAME="mailNickname" DISPLAY_NAME="rmp.adAttr.mailNickname" DATA_TYPE="String" DATA_HANDLER_TYPE="3" />
    <ADSIAMADAttributes ATTRIB_ID="ADSIAMADAttributes:ATTRIB_ID:890" OBJECT_TYPE="4" ATTRIB_NAME="legacyExchangeDN" DISPLAY_NAME="rmp.adAttr.Legacy_Exchange_DN" DATA_TYPE="String" DATA_HANDLER_TYPE="3" />
    <ADSIAMADAttributes ATTRIB_ID="ADSIAMADAttributes:ATTRIB_ID:892" OBJECT_TYPE="4" ATTRIB_NAME="msExchAssistantName" DISPLAY_NAME="rmp.adAttr.Assistant_Name" DATA_TYPE="String" DATA_HANDLER_TYPE="3" />
    <!-- Custom Attributes -->
    <ADSIAMADAttributes ATTRIB_ID="ADSIAMADAttributes:ATTRIB_ID:874" OBJECT_TYPE="4" ATTRIB_NAME="extensionAttribute1" DISPLAY_NAME="rmp.adAttr.Custom_Attribute_1" DATA_TYPE="String" DATA_HANDLER_TYPE="3" />
    <ADSIAMADAttributes ATTRIB_ID="ADSIAMADAttributes:ATTRIB_ID:875" OBJECT_TYPE="4" ATTRIB_NAME="extensionAttribute2" DISPLAY_NAME="rmp.adAttr.Custom_Attribute_2" DATA_TYPE="String" DATA_HANDLER_TYPE="3" />
    <ADSIAMADAttributes ATTRIB_ID="ADSIAMADAttributes:ATTRIB_ID:876" OBJECT_TYPE="4" ATTRIB_NAME="extensionAttribute3" DISPLAY_NAME="rmp.adAttr.Custom_Attribute_3" DATA_TYPE="String" DATA_HANDLER_TYPE="3" />
    <ADSIAMADAttributes ATTRIB_ID="ADSIAMADAttributes:ATTRIB_ID:877" OBJECT_TYPE="4" ATTRIB_NAME="extensionAttribute4" DISPLAY_NAME="rmp.adAttr.Custom_Attribute_4" DATA_TYPE="String" DATA_HANDLER_TYPE="3" />
    <ADSIAMADAttributes ATTRIB_ID="ADSIAMADAttributes:ATTRIB_ID:878" OBJECT_TYPE="4" ATTRIB_NAME="extensionAttribute5" DISPLAY_NAME="rmp.adAttr.Custom_Attribute_5" DATA_TYPE="String" DATA_HANDLER_TYPE="3" />
    <ADSIAMADAttributes ATTRIB_ID="ADSIAMADAttributes:ATTRIB_ID:879" OBJECT_TYPE="4" ATTRIB_NAME="extensionAttribute6" DISPLAY_NAME="rmp.adAttr.Custom_Attribute_6" DATA_TYPE="String" DATA_HANDLER_TYPE="3" />
    <ADSIAMADAttributes ATTRIB_ID="ADSIAMADAttributes:ATTRIB_ID:880" OBJECT_TYPE="4" ATTRIB_NAME="extensionAttribute7" DISPLAY_NAME="rmp.adAttr.Custom_Attribute_7" DATA_TYPE="String" DATA_HANDLER_TYPE="3" />
    <ADSIAMADAttributes ATTRIB_ID="ADSIAMADAttributes:ATTRIB_ID:881" OBJECT_TYPE="4" ATTRIB_NAME="extensionAttribute8" DISPLAY_NAME="rmp.adAttr.Custom_Attribute_8" DATA_TYPE="String" DATA_HANDLER_TYPE="3" />
    <ADSIAMADAttributes ATTRIB_ID="ADSIAMADAttributes:ATTRIB_ID:882" OBJECT_TYPE="4" ATTRIB_NAME="extensionAttribute9" DISPLAY_NAME="rmp.adAttr.Custom_Attribute_9" DATA_TYPE="String" DATA_HANDLER_TYPE="3" />
    <ADSIAMADAttributes ATTRIB_ID="ADSIAMADAttributes:ATTRIB_ID:883" OBJECT_TYPE="4" ATTRIB_NAME="extensionAttribute10" DISPLAY_NAME="rmp.adAttr.Custom_Attribute_10" DATA_TYPE="String" DATA_HANDLER_TYPE="3" />
    <ADSIAMADAttributes ATTRIB_ID="ADSIAMADAttributes:ATTRIB_ID:884" OBJECT_TYPE="4" ATTRIB_NAME="extensionAttribute11" DISPLAY_NAME="rmp.adAttr.Custom_Attribute_11" DATA_TYPE="String" DATA_HANDLER_TYPE="3" />
    <ADSIAMADAttributes ATTRIB_ID="ADSIAMADAttributes:ATTRIB_ID:885" OBJECT_TYPE="4" ATTRIB_NAME="extensionAttribute12" DISPLAY_NAME="rmp.adAttr.Custom_Attribute_12" DATA_TYPE="String" DATA_HANDLER_TYPE="3" />
    <ADSIAMADAttributes ATTRIB_ID="ADSIAMADAttributes:ATTRIB_ID:886" OBJECT_TYPE="4" ATTRIB_NAME="extensionAttribute13" DISPLAY_NAME="rmp.adAttr.Custom_Attribute_13" DATA_TYPE="String" DATA_HANDLER_TYPE="3" />
    <ADSIAMADAttributes ATTRIB_ID="ADSIAMADAttributes:ATTRIB_ID:887" OBJECT_TYPE="4" ATTRIB_NAME="extensionAttribute14" DISPLAY_NAME="rmp.adAttr.Custom_Attribute_14" DATA_TYPE="String" DATA_HANDLER_TYPE="3" />
    <ADSIAMADAttributes ATTRIB_ID="ADSIAMADAttributes:ATTRIB_ID:888" OBJECT_TYPE="4" ATTRIB_NAME="extensionAttribute15" DISPLAY_NAME="rmp.adAttr.Custom_Attribute_15" DATA_TYPE="String" DATA_HANDLER_TYPE="3" />
    <!-- Email Addresses -->
    <ADSIAMADAttributes ATTRIB_ID="ADSIAMADAttributes:ATTRIB_ID:898" OBJECT_TYPE="4" ATTRIB_NAME="proxyAddresses" DISPLAY_NAME="rmp.adAttr.Proxy_Addresses" DATA_TYPE="String" DATA_HANDLER_TYPE="3" IS_MULTI_VALUED="true" />
    <!-- {"textEncodedORAddress", 132}, //B-N -->
    <ADSIAMADAttributes ATTRIB_ID="ADSIAMADAttributes:ATTRIB_ID:932" OBJECT_TYPE="4" ATTRIB_NAME="msExchPoliciesIncluded" DISPLAY_NAME="rmp.adAttr.Policies_Included" DATA_TYPE="String" DATA_HANDLER_TYPE="3" IS_MULTI_VALUED="true" />
    <ADSIAMADAttributes ATTRIB_ID="ADSIAMADAttributes:ATTRIB_ID:895" OBJECT_TYPE="4" ATTRIB_NAME="msExchPoliciesExcluded" DISPLAY_NAME="rmp.adAttr.Policies_Excluded" DATA_TYPE="String" DATA_HANDLER_TYPE="3" IS_MULTI_VALUED="true" />
    <!-- Exchange Advanced -->
    <ADSIAMADAttributes ATTRIB_ID="ADSIAMADAttributes:ATTRIB_ID:958" OBJECT_TYPE="4" ATTRIB_NAME="msExchExpansionServerName" DISPLAY_NAME="rmp.adAttr.Expansion_Server_Name" DATA_TYPE="String" DATA_HANDLER_TYPE="3" />
    <ADSIAMADAttributes ATTRIB_ID="ADSIAMADAttributes:ATTRIB_ID:959" OBJECT_TYPE="4" ATTRIB_NAME="oOFReplyToOriginator" DISPLAY_NAME="rmp.adAttr.OOF_Reply_To_Originator" DATA_TYPE="boolean" DATA_HANDLER_TYPE="6" />
    <ADSIAMADAttributes ATTRIB_ID="ADSIAMADAttributes:ATTRIB_ID:960" OBJECT_TYPE="4" ATTRIB_NAME="reportToOriginator" DISPLAY_NAME="rmp.adAttr.Report_To_Originator" DATA_TYPE="boolean" DATA_HANDLER_TYPE="6" />
    <ADSIAMADAttributes ATTRIB_ID="ADSIAMADAttributes:ATTRIB_ID:961" OBJECT_TYPE="4" ATTRIB_NAME="reportToOwner" DISPLAY_NAME="rmp.adAttr.Report_To_Owner" DATA_TYPE="boolean" DATA_HANDLER_TYPE="6" />
    <ADSIAMADAttributes ATTRIB_ID="ADSIAMADAttributes:ATTRIB_ID:893" OBJECT_TYPE="4" ATTRIB_NAME="msExchHideFromAddressLists" DISPLAY_NAME="rmp.adAttr.Hide_From_Address_Lists" DATA_TYPE="boolean" DATA_HANDLER_TYPE="6" />
    <ADSIAMADAttributes ATTRIB_ID="ADSIAMADAttributes:ATTRIB_ID:867" OBJECT_TYPE="4" ATTRIB_NAME="displayNamePrintable" DISPLAY_NAME="rmp.adAttr.Display_Name_Printable" DATA_TYPE="String" DATA_HANDLER_TYPE="3" />
    <!-- MailFlow Settings - Message size restrictions -->
    <ADSIAMADAttributes ATTRIB_ID="ADSIAMADAttributes:ATTRIB_ID:871" OBJECT_TYPE="4" ATTRIB_NAME="delivContLength" DISPLAY_NAME="rmp.adAttr.Deliver_Msg_Content_Length" DATA_TYPE="String" DATA_HANDLER_TYPE="3" />
    <!-- MailFlow Settings - Message delivery restrictions -->
    <!-- {"altRecipientBL", 100},
    {"authOrigBL", 102},
    {"unauthOrigBL", 134},
    {"dLMemRejectPermsBL", 187},
    {"dLMemSubmitPermsBL", 188}, -->
    <ADSIAMADAttributes ATTRIB_ID="ADSIAMADAttributes:ATTRIB_ID:896" OBJECT_TYPE="4" ATTRIB_NAME="msExchRequireAuthToSendTo" DISPLAY_NAME="rmp.adAttr.Require_Auth_To_Send_To" DATA_TYPE="boolean" DATA_HANDLER_TYPE="6" />
    <!-- Membership Approval -->
    <ADSIAMADAttributes ATTRIB_ID="ADSIAMADAttributes:ATTRIB_ID:964" OBJECT_TYPE="4" ATTRIB_NAME="msExchGroupJoinRestriction" DISPLAY_NAME="rmp.adAttr.Group_Join_Restriction" DATA_TYPE="String" DATA_HANDLER_TYPE="3" />
    <ADSIAMADAttributes ATTRIB_ID="ADSIAMADAttributes:ATTRIB_ID:965" OBJECT_TYPE="4" ATTRIB_NAME="msExchGroupDepartRestriction" DISPLAY_NAME="rmp.adAttr.Group_Depart_Restriction" DATA_TYPE="String" DATA_HANDLER_TYPE="3" />
    <!-- Exchange Advanced Settings -->
    <ADSIAMADAttributes ATTRIB_ID="ADSIAMADAttributes:ATTRIB_ID:889" OBJECT_TYPE="4" ATTRIB_NAME="internetEncoding" DISPLAY_NAME="rmp.adAttr.Internet_Encoding" DATA_TYPE="String" DATA_HANDLER_TYPE="3" />
    <ADSIAMADAttributes ATTRIB_ID="ADSIAMADAttributes:ATTRIB_ID:866" OBJECT_TYPE="4" ATTRIB_NAME="msExchVersion" DISPLAY_NAME="rmp.adAttr.Exchange_Version" DATA_TYPE="String" DATA_HANDLER_TYPE="3" />
    <ADSIAMADAttributes ATTRIB_ID="ADSIAMADAttributes:ATTRIB_ID:865" OBJECT_TYPE="4" ATTRIB_NAME="msExchTransportRecipientSettingsFlags" DISPLAY_NAME="rmp.adAttr.Transport_Recipient_Settings_Flags" DATA_TYPE="String" DATA_HANDLER_TYPE="3" />
    <ADSIAMADAttributes ATTRIB_ID="ADSIAMADAttributes:ATTRIB_ID:864" OBJECT_TYPE="4" ATTRIB_NAME="msExchModerationFlags" DISPLAY_NAME="rmp.adAttr.Moderation_Flags" DATA_TYPE="String" DATA_HANDLER_TYPE="3" />
    <ADSIAMADAttributes ATTRIB_ID="ADSIAMADAttributes:ATTRIB_ID:863" OBJECT_TYPE="4" ATTRIB_NAME="msExchProvisioningFlags" DISPLAY_NAME="rmp.adAttr.Provisioning_Flags" DATA_TYPE="String" DATA_HANDLER_TYPE="3" />

    <ADSIAMADAttributes ATTRIB_ID="ADSIAMADAttributes:ATTRIB_ID:948" OBJECT_TYPE="4" ATTRIB_NAME="msExchRecipientDisplayType" DISPLAY_NAME="rmp.adAttr.Recipient_Display_Type" DATA_TYPE="String" DATA_HANDLER_TYPE="3" />
    <ADSIAMADAttributes ATTRIB_ID="ADSIAMADAttributes:ATTRIB_ID:949" OBJECT_TYPE="4" ATTRIB_NAME="msExchRecipientTypeDetails" DISPLAY_NAME="rmp.adAttr.Recipient_Type_Details" DATA_TYPE="String" DATA_HANDLER_TYPE="3" />
    <!-- {"msExchOriginatingForest", 126}, //B-N -->
    <ADSIAMADAttributes ATTRIB_ID="ADSIAMADAttributes:ATTRIB_ID:899" OBJECT_TYPE="4" ATTRIB_NAME="showInAddressBook" DISPLAY_NAME="rmp.adAttr.Show_In_AddressBook" DATA_TYPE="String" DATA_HANDLER_TYPE="3" IS_MULTI_VALUED="true" />
    <ADSIAMADAttributes ATTRIB_ID="ADSIAMADAttributes:ATTRIB_ID:957" OBJECT_TYPE="4" ATTRIB_NAME="hideDLMembership" DISPLAY_NAME="rmp.adAttr.Hide_DL_Membership" DATA_TYPE="boolean" DATA_HANDLER_TYPE="6" />
    <ADSIAMADAttributes ATTRIB_ID="ADSIAMADAttributes:ATTRIB_ID:930" OBJECT_TYPE="4" ATTRIB_NAME="msExchModeratedByLink" DISPLAY_NAME="rmp.adAttr.Exchange_Moderated_By_Link" DATA_TYPE="String" DATA_HANDLER_TYPE="3" IS_FORWARD_LINKED="true" />
    <ADSIAMADAttributes ATTRIB_ID="ADSIAMADAttributes:ATTRIB_ID:931" OBJECT_TYPE="4" ATTRIB_NAME="msExchModeratedObjectsBL" DISPLAY_NAME="rmp.adAttr.Exchange_Moderated_Objects_DL" DATA_TYPE="String" DATA_HANDLER_TYPE="3" IS_BACK_LINKED="true" />

    <!-- OU -->
    <ADSIAMADAttributes ATTRIB_ID="ADSIAMADAttributes:ATTRIB_ID:1027" OBJECT_TYPE="5" ATTRIB_NAME="displayName" DISPLAY_NAME="rmp.adAttr.Display_Name" DATA_TYPE="String" DATA_HANDLER_TYPE="3" />
    <ADSIAMADAttributes ATTRIB_ID="ADSIAMADAttributes:ATTRIB_ID:1028" OBJECT_TYPE="5" ATTRIB_NAME="description" DISPLAY_NAME="rmp.adAttr.Description" DATA_TYPE="String" DATA_HANDLER_TYPE="3" />
    <ADSIAMADAttributes ATTRIB_ID="ADSIAMADAttributes:ATTRIB_ID:1029" OBJECT_TYPE="5" ATTRIB_NAME="physicalDeliveryOfficeName" DISPLAY_NAME="rmp.adAttr.Physical_Delivery_Office_Name" DATA_TYPE="String" DATA_HANDLER_TYPE="3" />
    <ADSIAMADAttributes ATTRIB_ID="ADSIAMADAttributes:ATTRIB_ID:1030" OBJECT_TYPE="5" ATTRIB_NAME="telephonenumber" DISPLAY_NAME="rmp.adAttr.TelephoneNumber" DATA_TYPE="String" DATA_HANDLER_TYPE="3" />
    <ADSIAMADAttributes ATTRIB_ID="ADSIAMADAttributes:ATTRIB_ID:1031" OBJECT_TYPE="5" ATTRIB_NAME="otherTelephone" DISPLAY_NAME="rmp.adAttr.OtherTelephones" DATA_TYPE="String" DATA_HANDLER_TYPE="3" />
    <ADSIAMADAttributes ATTRIB_ID="ADSIAMADAttributes:ATTRIB_ID:1033" OBJECT_TYPE="5" ATTRIB_NAME="wwwHomePage" DISPLAY_NAME="rmp.adAttr.WWW_Home_Page" DATA_TYPE="String" DATA_HANDLER_TYPE="3" />
    <ADSIAMADAttributes ATTRIB_ID="ADSIAMADAttributes:ATTRIB_ID:1034" OBJECT_TYPE="5" ATTRIB_NAME="url" DISPLAY_NAME="rmp.adAttr.URL" DATA_TYPE="String" DATA_HANDLER_TYPE="3" />
    <ADSIAMADAttributes ATTRIB_ID="ADSIAMADAttributes:ATTRIB_ID:1035" OBJECT_TYPE="5" ATTRIB_NAME="name" DISPLAY_NAME="rmp.adAttr.Name_CN" DATA_TYPE="String" DATA_HANDLER_TYPE="3" />
    <ADSIAMADAttributes ATTRIB_ID="ADSIAMADAttributes:ATTRIB_ID:1040" OBJECT_TYPE="5" ATTRIB_NAME="street" DISPLAY_NAME="rmp.adAttr.Street" DATA_TYPE="String" DATA_HANDLER_TYPE="3" />
    <ADSIAMADAttributes ATTRIB_ID="ADSIAMADAttributes:ATTRIB_ID:1041" OBJECT_TYPE="5" ATTRIB_NAME="postOfficeBox" DISPLAY_NAME="rmp.adAttr.PO_Box" DATA_TYPE="String" DATA_HANDLER_TYPE="3" IS_MULTI_VALUED="true"/>
    <ADSIAMADAttributes ATTRIB_ID="ADSIAMADAttributes:ATTRIB_ID:1042" OBJECT_TYPE="5" ATTRIB_NAME="l" DISPLAY_NAME="rmp.adAttr.City" DATA_TYPE="String" DATA_HANDLER_TYPE="3" />
    <ADSIAMADAttributes ATTRIB_ID="ADSIAMADAttributes:ATTRIB_ID:1043" OBJECT_TYPE="5" ATTRIB_NAME="st" DISPLAY_NAME="rmp.adAttr.State_Province" DATA_TYPE="String" DATA_HANDLER_TYPE="3" />
    <ADSIAMADAttributes ATTRIB_ID="ADSIAMADAttributes:ATTRIB_ID:1044" OBJECT_TYPE="5" ATTRIB_NAME="postalCode" DISPLAY_NAME="rmp.adAttr.Zip_PostalCode" DATA_TYPE="String" DATA_HANDLER_TYPE="3" />
    <ADSIAMADAttributes ATTRIB_ID="ADSIAMADAttributes:ATTRIB_ID:1045" OBJECT_TYPE="5" ATTRIB_NAME="co" DISPLAY_NAME="rmp.adAttr.Country_Region" DATA_TYPE="String" DATA_HANDLER_TYPE="3" />
    <ADSIAMADAttributes ATTRIB_ID="ADSIAMADAttributes:ATTRIB_ID:1071" OBJECT_TYPE="5" ATTRIB_NAME="nTSecurityDescriptor" DISPLAY_NAME="rmp.adAttr.NT_Security_Descriptor" DATA_TYPE="Byte[]" DATA_HANDLER_TYPE="8" />
    <ADSIAMADAttributes ATTRIB_ID="ADSIAMADAttributes:ATTRIB_ID:1085" OBJECT_TYPE="5" ATTRIB_NAME="managedBy" DISPLAY_NAME="rmp.adAttr.Managed_By" DATA_TYPE="String" IS_FORWARD_LINKED="true" DATA_HANDLER_TYPE="3" />
    <ADSIAMADAttributes ATTRIB_ID="ADSIAMADAttributes:ATTRIB_ID:1101" OBJECT_TYPE="5" ATTRIB_NAME="gPLink" DISPLAY_NAME="rmp.adAttr.GPO_Link" DATA_TYPE="String" DATA_HANDLER_TYPE="3" IS_FORWARD_LINKED="true"/>
    <ADSIAMADAttributes ATTRIB_ID="ADSIAMADAttributes:ATTRIB_ID:1076" OBJECT_TYPE="5" ATTRIB_NAME="distinguishedName" DISPLAY_NAME="rmp.adAttr.DistinguishedName" DATA_TYPE="String" DATA_HANDLER_TYPE="3" />

 
    <ADSIAMADAttributes ATTRIB_ID="ADSIAMADAttributes:ATTRIB_ID:1327" OBJECT_TYPE="6" ATTRIB_NAME="nTSecurityDescriptor" DISPLAY_NAME="rmp.adAttr.NT_Security_Descriptor" DATA_TYPE="Byte[]" DATA_HANDLER_TYPE="8" />
    <ADSIAMADAttributes ATTRIB_ID="ADSIAMADAttributes:ATTRIB_ID:1332" OBJECT_TYPE="6" ATTRIB_NAME="distinguishedName" DISPLAY_NAME="rmp.adAttr.DistinguishedName" DATA_TYPE="String" DATA_HANDLER_TYPE="3" />
    <ADSIAMADAttributes ATTRIB_ID="ADSIAMADAttributes:ATTRIB_ID:1362" OBJECT_TYPE="6" ATTRIB_NAME="dNSProperty" DISPLAY_NAME="rmp.adAttr.DNS_Property" DATA_TYPE="byte[]" DATA_HANDLER_TYPE="8"  IS_MULTI_VALUED="true" />
    <ADSIAMADAttributes ATTRIB_ID="ADSIAMADAttributes:ATTRIB_ID:1364" OBJECT_TYPE="6" ATTRIB_NAME="dnsRecord" DISPLAY_NAME="rmp.adAttr.DNS_Record" DATA_TYPE="byte[]" DATA_HANDLER_TYPE="8" IS_MULTI_VALUED="true" />

    <ADSIAMADAttributes ATTRIB_ID="ADSIAMADAttributes:ATTRIB_ID:1583" OBJECT_TYPE="7" ATTRIB_NAME="nTSecurityDescriptor" DISPLAY_NAME="rmp.adAttr.NT_Security_Descriptor" DATA_TYPE="Byte[]" DATA_HANDLER_TYPE="8" />
    <ADSIAMADAttributes ATTRIB_ID="ADSIAMADAttributes:ATTRIB_ID:1588" OBJECT_TYPE="7" ATTRIB_NAME="distinguishedName" DISPLAY_NAME="rmp.adAttr.DistinguishedName" DATA_TYPE="String" DATA_HANDLER_TYPE="3" />
    <ADSIAMADAttributes ATTRIB_ID="ADSIAMADAttributes:ATTRIB_ID:1618" OBJECT_TYPE="7" ATTRIB_NAME="dNSProperty" DISPLAY_NAME="rmp.adAttr.DNS_Property" DATA_TYPE="byte[]" DATA_HANDLER_TYPE="8" IS_MULTI_VALUED="true" />
    <ADSIAMADAttributes ATTRIB_ID="ADSIAMADAttributes:ATTRIB_ID:1623" OBJECT_TYPE="7" ATTRIB_NAME="records" DISPLAY_NAME="rmp.adAttr.Records" DATA_TYPE="String" DATA_HANDLER_TYPE="8"/>    
        
    <!-- GPO Attributes Start -->
    <ADSIAMADAttributes ATTRIB_ID="ADSIAMADAttributes:ATTRIB_ID:1794" OBJECT_TYPE="8" ATTRIB_NAME="displayNamePrintable" DISPLAY_NAME="rmp.adAttr.Display_Name_Printable" DATA_TYPE="String" DATA_HANDLER_TYPE="3" />
    <ADSIAMADAttributes ATTRIB_ID="ADSIAMADAttributes:ATTRIB_ID:1803" OBJECT_TYPE="8" ATTRIB_NAME="displayName" DISPLAY_NAME="rmp.adAttr.Display_Name" DATA_TYPE="String" DATA_HANDLER_TYPE="3" />
    <ADSIAMADAttributes ATTRIB_ID="ADSIAMADAttributes:ATTRIB_ID:1796" OBJECT_TYPE="8" ATTRIB_NAME="description" DISPLAY_NAME="rmp.adAttr.Description" DATA_TYPE="String" DATA_HANDLER_TYPE="3" />
    <ADSIAMADAttributes ATTRIB_ID="ADSIAMADAttributes:ATTRIB_ID:1801" OBJECT_TYPE="8" ATTRIB_NAME="wwwHomePage" DISPLAY_NAME="rmp.adAttr.WWW_Home_Page" DATA_TYPE="String" DATA_HANDLER_TYPE="3" />
    <ADSIAMADAttributes ATTRIB_ID="ADSIAMADAttributes:ATTRIB_ID:1802" OBJECT_TYPE="8" ATTRIB_NAME="url" DISPLAY_NAME="rmp.adAttr.URL" DATA_TYPE="String" DATA_HANDLER_TYPE="3" />
    <ADSIAMADAttributes ATTRIB_ID="ADSIAMADAttributes:ATTRIB_ID:1839" OBJECT_TYPE="8" ATTRIB_NAME="nTSecurityDescriptor" DISPLAY_NAME="rmp.adAttr.NT_Security_Descriptor" DATA_TYPE="Byte[]" DATA_HANDLER_TYPE="8" />
    <ADSIAMADAttributes ATTRIB_ID="ADSIAMADAttributes:ATTRIB_ID:1844" OBJECT_TYPE="8" ATTRIB_NAME="distinguishedName" DISPLAY_NAME="rmp.adAttr.DistinguishedName" DATA_TYPE="String" DATA_HANDLER_TYPE="3" />
    <ADSIAMADAttributes ATTRIB_ID="ADSIAMADAttributes:ATTRIB_ID:1885" OBJECT_TYPE="8" ATTRIB_NAME="versionNumber" DISPLAY_NAME="rmp.adAttr.Policy_Configuration" DATA_TYPE="String" DATA_HANDLER_TYPE="3" />
    <ADSIAMADAttributes ATTRIB_ID="ADSIAMADAttributes:ATTRIB_ID:1892" OBJECT_TYPE="8" ATTRIB_NAME="gpBackLinks" DISPLAY_NAME="rmp.adAttr.GPO_Back_Links" DATA_TYPE="String" IS_BACK_LINKED="true" DATA_HANDLER_TYPE="3" />
    
     <!-- GPO Attributes End -->
    
    <ADSIAMADAttributes ATTRIB_ID="ADSIAMADAttributes:ATTRIB_ID:2059" OBJECT_TYPE="9" ATTRIB_NAME="name" DISPLAY_NAME="rmp.adAttr.Name_CN" DATA_TYPE="String" DATA_HANDLER_TYPE="3" />
    <ADSIAMADAttributes ATTRIB_ID="ADSIAMADAttributes:ATTRIB_ID:2125" OBJECT_TYPE="9" ATTRIB_NAME="gPLink" DISPLAY_NAME="rmp.adAttr.GPO_Link" DATA_TYPE="String" DATA_HANDLER_TYPE="3" IS_FORWARD_LINKED="true"/>
    <ADSIAMADAttributes ATTRIB_ID="ADSIAMADAttributes:ATTRIB_ID:2100" OBJECT_TYPE="9" ATTRIB_NAME="distinguishedName" DISPLAY_NAME="rmp.adAttr.DistinguishedName" DATA_TYPE="String" DATA_HANDLER_TYPE="3" />

    <!-- Dynamic DL Group -->
    <ADSIAMADAttributes ATTRIB_ID="ADSIAMADAttributes:ATTRIB_ID:2307" OBJECT_TYPE="10" ATTRIB_NAME="displayName" DISPLAY_NAME="rmp.adAttr.Display_Name" DATA_TYPE="String" DATA_HANDLER_TYPE="3" />
    <ADSIAMADAttributes ATTRIB_ID="ADSIAMADAttributes:ATTRIB_ID:2308" OBJECT_TYPE="10" ATTRIB_NAME="description" DISPLAY_NAME="rmp.adAttr.Description" DATA_TYPE="String" DATA_HANDLER_TYPE="3" />
    <ADSIAMADAttributes ATTRIB_ID="ADSIAMADAttributes:ATTRIB_ID:2310" OBJECT_TYPE="10" ATTRIB_NAME="msExchBypassAudit" DISPLAY_NAME="rmp.adAttr.Exchange_Bypass_Audit" DATA_TYPE="boolean" DATA_HANDLER_TYPE="6" />
    <ADSIAMADAttributes ATTRIB_ID="ADSIAMADAttributes:ATTRIB_ID:2312" OBJECT_TYPE="10" ATTRIB_NAME="mail" DISPLAY_NAME="rmp.adAttr.Email" DATA_TYPE="String" DATA_HANDLER_TYPE="3" />
    <ADSIAMADAttributes ATTRIB_ID="ADSIAMADAttributes:ATTRIB_ID:2315" OBJECT_TYPE="10" ATTRIB_NAME="name" DISPLAY_NAME="rmp.adAttr.Name_CN" DATA_TYPE="String" DATA_HANDLER_TYPE="3" />
    <ADSIAMADAttributes ATTRIB_ID="ADSIAMADAttributes:ATTRIB_ID:2316" OBJECT_TYPE="10" ATTRIB_NAME="memberOf" DISPLAY_NAME="rmp.adAttr.MemberOf" DATA_TYPE="String" IS_BACK_LINKED="true"  DATA_HANDLER_TYPE="3" />
    <ADSIAMADAttributes ATTRIB_ID="ADSIAMADAttributes:ATTRIB_ID:2317" OBJECT_TYPE="10" ATTRIB_NAME="managedObjects" DISPLAY_NAME="rmp.adAttr.Managed_Objects" DATA_TYPE="String" IS_BACK_LINKED="true"  DATA_HANDLER_TYPE="3" />
    <ADSIAMADAttributes ATTRIB_ID="ADSIAMADAttributes:ATTRIB_ID:2318" OBJECT_TYPE="10" ATTRIB_NAME="directReports" DISPLAY_NAME="rmp.adAttr.Direct_Reports" DATA_TYPE="String" IS_BACK_LINKED="true"  DATA_HANDLER_TYPE="3" />
    <ADSIAMADAttributes ATTRIB_ID="ADSIAMADAttributes:ATTRIB_ID:2319" OBJECT_TYPE="10" ATTRIB_NAME="fromEntry" DISPLAY_NAME="rmp.adAttr.from_Entry" DATA_TYPE="boolean" DATA_HANDLER_TYPE="6" />
    <ADSIAMADAttributes ATTRIB_ID="ADSIAMADAttributes:ATTRIB_ID:2344" OBJECT_TYPE="10" ATTRIB_NAME="info" DISPLAY_NAME="rmp.adAttr.Info" DATA_TYPE="String" DATA_HANDLER_TYPE="3" />
    <ADSIAMADAttributes ATTRIB_ID="ADSIAMADAttributes:ATTRIB_ID:2351" OBJECT_TYPE="10" ATTRIB_NAME="nTSecurityDescriptor" DISPLAY_NAME="rmp.adAttr.NT_Security_Descriptor" DATA_TYPE="Byte[]" DATA_HANDLER_TYPE="8" />
    <ADSIAMADAttributes ATTRIB_ID="ADSIAMADAttributes:ATTRIB_ID:2352" OBJECT_TYPE="10" ATTRIB_NAME="msExchAddressBookFlags" DISPLAY_NAME="rmp.adAttr.Exchange_Address_Book_Flags" DATA_TYPE="String" DATA_HANDLER_TYPE="3" />
    <ADSIAMADAttributes ATTRIB_ID="ADSIAMADAttributes:ATTRIB_ID:2356" OBJECT_TYPE="10" ATTRIB_NAME="distinguishedName" DISPLAY_NAME="rmp.adAttr.DistinguishedName" DATA_TYPE="String" DATA_HANDLER_TYPE="3" />
    <ADSIAMADAttributes ATTRIB_ID="ADSIAMADAttributes:ATTRIB_ID:2365" OBJECT_TYPE="10" ATTRIB_NAME="managedBy" DISPLAY_NAME="rmp.adAttr.Managed_By" DATA_TYPE="String" DATA_HANDLER_TYPE="3" IS_FORWARD_LINKED="true" />
    <ADSIAMADAttributes ATTRIB_ID="ADSIAMADAttributes:ATTRIB_ID:2394" OBJECT_TYPE="10" ATTRIB_NAME="msExchBypassModerationLink" DISPLAY_NAME="rmp.adAttr.Exchange_Bypass_Moderation_Link" DATA_TYPE="String" DATA_HANDLER_TYPE="3" IS_MULTI_VALUED="true" />
    <ADSIAMADAttributes ATTRIB_ID="ADSIAMADAttributes:ATTRIB_ID:2396" OBJECT_TYPE="10" ATTRIB_NAME="msExchEnableModeration" DISPLAY_NAME="rmp.adAttr.Exchange_Enable_Moderation" DATA_TYPE="boolean" DATA_HANDLER_TYPE="6" />
    <ADSIAMADAttributes ATTRIB_ID="ADSIAMADAttributes:ATTRIB_ID:2399" OBJECT_TYPE="10" ATTRIB_NAME="msExchProvisioningFlags" DISPLAY_NAME="rmp.adAttr.Provisioning_Flags" DATA_TYPE="String" DATA_HANDLER_TYPE="3" />
    <ADSIAMADAttributes ATTRIB_ID="ADSIAMADAttributes:ATTRIB_ID:2400" OBJECT_TYPE="10" ATTRIB_NAME="msExchModerationFlags" DISPLAY_NAME="rmp.adAttr.Moderation_Flags" DATA_TYPE="String" DATA_HANDLER_TYPE="3" />
    <ADSIAMADAttributes ATTRIB_ID="ADSIAMADAttributes:ATTRIB_ID:2401" OBJECT_TYPE="10" ATTRIB_NAME="msExchTransportRecipientSettingsFlags" DISPLAY_NAME="rmp.adAttr.Transport_Recipient_Settings_Flags" DATA_TYPE="String" DATA_HANDLER_TYPE="3" />
    <ADSIAMADAttributes ATTRIB_ID="ADSIAMADAttributes:ATTRIB_ID:2402" OBJECT_TYPE="10" ATTRIB_NAME="msExchVersion" DISPLAY_NAME="rmp.adAttr.Exchange_Version" DATA_TYPE="String" DATA_HANDLER_TYPE="3" />
    <ADSIAMADAttributes ATTRIB_ID="ADSIAMADAttributes:ATTRIB_ID:2403" OBJECT_TYPE="10" ATTRIB_NAME="displayNamePrintable" DISPLAY_NAME="rmp.adAttr.Display_Name_Printable" DATA_TYPE="String" DATA_HANDLER_TYPE="3" />
    <ADSIAMADAttributes ATTRIB_ID="ADSIAMADAttributes:ATTRIB_ID:2405" OBJECT_TYPE="10" ATTRIB_NAME="authOrig" DISPLAY_NAME="rmp.adAttr.authOrig" DATA_TYPE="String" DATA_HANDLER_TYPE="3" IS_MULTI_VALUED="true"  />
    <ADSIAMADAttributes ATTRIB_ID="ADSIAMADAttributes:ATTRIB_ID:2408" OBJECT_TYPE="10" ATTRIB_NAME="dLMemRejectPerms" DISPLAY_NAME="rmp.adAttr.dLMemRejectPerms" DATA_TYPE="String" DATA_HANDLER_TYPE="3" IS_MULTI_VALUED="true"  />
    <ADSIAMADAttributes ATTRIB_ID="ADSIAMADAttributes:ATTRIB_ID:2409" OBJECT_TYPE="10" ATTRIB_NAME="dLMemSubmitPerms" DISPLAY_NAME="rmp.adAttr.dLMemSubmitPerms" DATA_TYPE="String" DATA_HANDLER_TYPE="3" IS_MULTI_VALUED="true"  />
    <ADSIAMADAttributes ATTRIB_ID="ADSIAMADAttributes:ATTRIB_ID:2407" OBJECT_TYPE="10" ATTRIB_NAME="delivContLength" DISPLAY_NAME="rmp.adAttr.Deliver_Msg_Content_Length" DATA_TYPE="String" DATA_HANDLER_TYPE="3" />
	
    <!-- Custom Attributes -->
    <ADSIAMADAttributes ATTRIB_ID="ADSIAMADAttributes:ATTRIB_ID:2410" OBJECT_TYPE="10" ATTRIB_NAME="extensionAttribute1" DISPLAY_NAME="rmp.adAttr.Custom_Attribute_1" DATA_TYPE="String" DATA_HANDLER_TYPE="3" />
    <ADSIAMADAttributes ATTRIB_ID="ADSIAMADAttributes:ATTRIB_ID:2411" OBJECT_TYPE="10" ATTRIB_NAME="extensionAttribute2" DISPLAY_NAME="rmp.adAttr.Custom_Attribute_2" DATA_TYPE="String" DATA_HANDLER_TYPE="3" />
    <ADSIAMADAttributes ATTRIB_ID="ADSIAMADAttributes:ATTRIB_ID:2412" OBJECT_TYPE="10" ATTRIB_NAME="extensionAttribute3" DISPLAY_NAME="rmp.adAttr.Custom_Attribute_3" DATA_TYPE="String" DATA_HANDLER_TYPE="3" />
    <ADSIAMADAttributes ATTRIB_ID="ADSIAMADAttributes:ATTRIB_ID:2413" OBJECT_TYPE="10" ATTRIB_NAME="extensionAttribute4" DISPLAY_NAME="rmp.adAttr.Custom_Attribute_4" DATA_TYPE="String" DATA_HANDLER_TYPE="3" />
    <ADSIAMADAttributes ATTRIB_ID="ADSIAMADAttributes:ATTRIB_ID:2414" OBJECT_TYPE="10" ATTRIB_NAME="extensionAttribute5" DISPLAY_NAME="rmp.adAttr.Custom_Attribute_5" DATA_TYPE="String" DATA_HANDLER_TYPE="3" />
    <ADSIAMADAttributes ATTRIB_ID="ADSIAMADAttributes:ATTRIB_ID:2415" OBJECT_TYPE="10" ATTRIB_NAME="extensionAttribute6" DISPLAY_NAME="rmp.adAttr.Custom_Attribute_6" DATA_TYPE="String" DATA_HANDLER_TYPE="3" />
    <ADSIAMADAttributes ATTRIB_ID="ADSIAMADAttributes:ATTRIB_ID:2416" OBJECT_TYPE="10" ATTRIB_NAME="extensionAttribute7" DISPLAY_NAME="rmp.adAttr.Custom_Attribute_7" DATA_TYPE="String" DATA_HANDLER_TYPE="3" />
    <ADSIAMADAttributes ATTRIB_ID="ADSIAMADAttributes:ATTRIB_ID:2417" OBJECT_TYPE="10" ATTRIB_NAME="extensionAttribute8" DISPLAY_NAME="rmp.adAttr.Custom_Attribute_8" DATA_TYPE="String" DATA_HANDLER_TYPE="3" />
    <ADSIAMADAttributes ATTRIB_ID="ADSIAMADAttributes:ATTRIB_ID:2418" OBJECT_TYPE="10" ATTRIB_NAME="extensionAttribute9" DISPLAY_NAME="rmp.adAttr.Custom_Attribute_9" DATA_TYPE="String" DATA_HANDLER_TYPE="3" />
    <ADSIAMADAttributes ATTRIB_ID="ADSIAMADAttributes:ATTRIB_ID:2419" OBJECT_TYPE="10" ATTRIB_NAME="extensionAttribute10" DISPLAY_NAME="rmp.adAttr.Custom_Attribute_10" DATA_TYPE="String" DATA_HANDLER_TYPE="3" />
    <ADSIAMADAttributes ATTRIB_ID="ADSIAMADAttributes:ATTRIB_ID:2420" OBJECT_TYPE="10" ATTRIB_NAME="extensionAttribute11" DISPLAY_NAME="rmp.adAttr.Custom_Attribute_11" DATA_TYPE="String" DATA_HANDLER_TYPE="3" />
    <ADSIAMADAttributes ATTRIB_ID="ADSIAMADAttributes:ATTRIB_ID:2421" OBJECT_TYPE="10" ATTRIB_NAME="extensionAttribute12" DISPLAY_NAME="rmp.adAttr.Custom_Attribute_12" DATA_TYPE="String" DATA_HANDLER_TYPE="3" />
    <ADSIAMADAttributes ATTRIB_ID="ADSIAMADAttributes:ATTRIB_ID:2422" OBJECT_TYPE="10" ATTRIB_NAME="extensionAttribute13" DISPLAY_NAME="rmp.adAttr.Custom_Attribute_13" DATA_TYPE="String" DATA_HANDLER_TYPE="3" />
    <ADSIAMADAttributes ATTRIB_ID="ADSIAMADAttributes:ATTRIB_ID:2423" OBJECT_TYPE="10" ATTRIB_NAME="extensionAttribute14" DISPLAY_NAME="rmp.adAttr.Custom_Attribute_14" DATA_TYPE="String" DATA_HANDLER_TYPE="3" />
    <ADSIAMADAttributes ATTRIB_ID="ADSIAMADAttributes:ATTRIB_ID:2424" OBJECT_TYPE="10" ATTRIB_NAME="extensionAttribute15" DISPLAY_NAME="rmp.adAttr.Custom_Attribute_15" DATA_TYPE="String" DATA_HANDLER_TYPE="3" />
	
    <ADSIAMADAttributes ATTRIB_ID="ADSIAMADAttributes:ATTRIB_ID:2425" OBJECT_TYPE="10" ATTRIB_NAME="internetEncoding" DISPLAY_NAME="rmp.adAttr.Internet_Encoding" DATA_TYPE="String" DATA_HANDLER_TYPE="3" />
    <ADSIAMADAttributes ATTRIB_ID="ADSIAMADAttributes:ATTRIB_ID:2426" OBJECT_TYPE="10" ATTRIB_NAME="legacyExchangeDN" DISPLAY_NAME="rmp.adAttr.Legacy_Exchange_DN" DATA_TYPE="String" DATA_HANDLER_TYPE="3" />
    <ADSIAMADAttributes ATTRIB_ID="ADSIAMADAttributes:ATTRIB_ID:2427" OBJECT_TYPE="10" ATTRIB_NAME="mailNickname" DISPLAY_NAME="rmp.adAttr.mailNickname" DATA_TYPE="String" DATA_HANDLER_TYPE="3" />
    <ADSIAMADAttributes ATTRIB_ID="ADSIAMADAttributes:ATTRIB_ID:2428" OBJECT_TYPE="10" ATTRIB_NAME="msExchAssistantName" DISPLAY_NAME="rmp.adAttr.Assistant_Name" DATA_TYPE="String" DATA_HANDLER_TYPE="3" />
    <ADSIAMADAttributes ATTRIB_ID="ADSIAMADAttributes:ATTRIB_ID:2429" OBJECT_TYPE="10" ATTRIB_NAME="msExchHideFromAddressLists" DISPLAY_NAME="rmp.adAttr.Hide_From_Address_Lists" DATA_TYPE="boolean" DATA_HANDLER_TYPE="6" />
    <ADSIAMADAttributes ATTRIB_ID="ADSIAMADAttributes:ATTRIB_ID:2431" OBJECT_TYPE="10" ATTRIB_NAME="msExchPoliciesExcluded" DISPLAY_NAME="rmp.adAttr.Policies_Excluded" DATA_TYPE="String" DATA_HANDLER_TYPE="3" IS_MULTI_VALUED="true" />
    <ADSIAMADAttributes ATTRIB_ID="ADSIAMADAttributes:ATTRIB_ID:2432" OBJECT_TYPE="10" ATTRIB_NAME="msExchRequireAuthToSendTo" DISPLAY_NAME="rmp.adAttr.Require_Auth_To_Send_To" DATA_TYPE="boolean" DATA_HANDLER_TYPE="6" />
    <ADSIAMADAttributes ATTRIB_ID="ADSIAMADAttributes:ATTRIB_ID:2434" OBJECT_TYPE="10" ATTRIB_NAME="proxyAddresses" DISPLAY_NAME="rmp.adAttr.Proxy_Addresses" DATA_TYPE="String" DATA_HANDLER_TYPE="3" IS_MULTI_VALUED="true" />
    <ADSIAMADAttributes ATTRIB_ID="ADSIAMADAttributes:ATTRIB_ID:2435" OBJECT_TYPE="10" ATTRIB_NAME="showInAddressBook" DISPLAY_NAME="rmp.adAttr.Show_In_AddressBook" DATA_TYPE="String" DATA_HANDLER_TYPE="3" IS_MULTI_VALUED="true" />
    <ADSIAMADAttributes ATTRIB_ID="ADSIAMADAttributes:ATTRIB_ID:2437" OBJECT_TYPE="10" ATTRIB_NAME="unauthOrig" DISPLAY_NAME="rmp.adAttr.unauthOrig" DATA_TYPE="String" DATA_HANDLER_TYPE="3" IS_MULTI_VALUED="true" />
    <ADSIAMADAttributes ATTRIB_ID="ADSIAMADAttributes:ATTRIB_ID:2439" OBJECT_TYPE="10" ATTRIB_NAME="msExchGroupMemberCount" DISPLAY_NAME="rmp.adAttr.Exchange_Group_Member_Count" DATA_TYPE="String" DATA_HANDLER_TYPE="3" />
    <ADSIAMADAttributes ATTRIB_ID="ADSIAMADAttributes:ATTRIB_ID:2464" OBJECT_TYPE="10" ATTRIB_NAME="msExchDynamicDLFilter" DISPLAY_NAME="rmp.adAttr.Exchange_Dynamic_DL_Filter" DATA_TYPE="String" DATA_HANDLER_TYPE="3" />
    <ADSIAMADAttributes ATTRIB_ID="ADSIAMADAttributes:ATTRIB_ID:2465" OBJECT_TYPE="10" ATTRIB_NAME="msExchQueryFilter" DISPLAY_NAME="rmp.adAttr.Exchange_Query_Filter" DATA_TYPE="String" DATA_HANDLER_TYPE="3" />
    <ADSIAMADAttributes ATTRIB_ID="ADSIAMADAttributes:ATTRIB_ID:2466" OBJECT_TYPE="10" ATTRIB_NAME="msExchModeratedByLink" DISPLAY_NAME="rmp.adAttr.Exchange_Moderated_By_Link" DATA_TYPE="String" DATA_HANDLER_TYPE="3" IS_FORWARD_LINKED="true" />
    <ADSIAMADAttributes ATTRIB_ID="ADSIAMADAttributes:ATTRIB_ID:2467" OBJECT_TYPE="10" ATTRIB_NAME="msExchModeratedObjectsBL" DISPLAY_NAME="rmp.adAttr.Exchange_Moderated_Objects_DL" DATA_TYPE="String" DATA_HANDLER_TYPE="3" IS_BACK_LINKED="true" />
    <ADSIAMADAttributes ATTRIB_ID="ADSIAMADAttributes:ATTRIB_ID:2468" OBJECT_TYPE="10" ATTRIB_NAME="msExchPoliciesIncluded" DISPLAY_NAME="rmp.adAttr.Policies_Included" DATA_TYPE="String" DATA_HANDLER_TYPE="3" IS_MULTI_VALUED="true" />
    <ADSIAMADAttributes ATTRIB_ID="ADSIAMADAttributes:ATTRIB_ID:2469" OBJECT_TYPE="10" ATTRIB_NAME="msExchSenderHitTranslations" DISPLAY_NAME="rmp.adAttr.Exchange_Sender_Hit_Translations" DATA_TYPE="String" DATA_HANDLER_TYPE="3" />
    <ADSIAMADAttributes ATTRIB_ID="ADSIAMADAttributes:ATTRIB_ID:2470" OBJECT_TYPE="10" ATTRIB_NAME="msExchQueryFilterMetadata" DISPLAY_NAME="rmp.adAttr.Exchange_Query_Filter_Metadata" DATA_TYPE="String" DATA_HANDLER_TYPE="3" IS_MULTI_VALUED="true" />
    <ADSIAMADAttributes ATTRIB_ID="ADSIAMADAttributes:ATTRIB_ID:2472" OBJECT_TYPE="10" ATTRIB_NAME="msExchUserAccountControl" DISPLAY_NAME="rmp.adAttr.Exchange_UserAccountControl" DATA_TYPE="String" DATA_HANDLER_TYPE="3" />
    <ADSIAMADAttributes ATTRIB_ID="ADSIAMADAttributes:ATTRIB_ID:2474" OBJECT_TYPE="10" ATTRIB_NAME="msExchMailboxAuditEnable" DISPLAY_NAME="rmp.adAttr.Exchange_Mailbox_Audit_Enable" DATA_TYPE="boolean" DATA_HANDLER_TYPE="6" />
    <ADSIAMADAttributes ATTRIB_ID="ADSIAMADAttributes:ATTRIB_ID:2476" OBJECT_TYPE="10" ATTRIB_NAME="msExchMailboxAuditAgeLimit" DISPLAY_NAME="rmp.adAttr.Exchange_Mailbox_Audit_Age_Limit" DATA_TYPE="String" DATA_HANDLER_TYPE="3" />
    <ADSIAMADAttributes ATTRIB_ID="ADSIAMADAttributes:ATTRIB_ID:2484" OBJECT_TYPE="10" ATTRIB_NAME="msExchRecipientDisplayType" DISPLAY_NAME="rmp.adAttr.Recipient_Display_Type" DATA_TYPE="String" DATA_HANDLER_TYPE="3" />
    <ADSIAMADAttributes ATTRIB_ID="ADSIAMADAttributes:ATTRIB_ID:2485" OBJECT_TYPE="10" ATTRIB_NAME="msExchRecipientTypeDetails" DISPLAY_NAME="rmp.adAttr.Recipient_Type_Details" DATA_TYPE="String" DATA_HANDLER_TYPE="3" />
    <ADSIAMADAttributes ATTRIB_ID="ADSIAMADAttributes:ATTRIB_ID:2487" OBJECT_TYPE="10" ATTRIB_NAME="msExchGroupExternalMemberCount" DISPLAY_NAME="rmp.adAttr.Exchange_Group_External_Member_Count" DATA_TYPE="String" DATA_HANDLER_TYPE="3" />
    <ADSIAMADAttributes ATTRIB_ID="ADSIAMADAttributes:ATTRIB_ID:2493" OBJECT_TYPE="10" ATTRIB_NAME="hideDLMembership" DISPLAY_NAME="rmp.adAttr.Hide_DL_Membership" DATA_TYPE="boolean" DATA_HANDLER_TYPE="6" />
    <ADSIAMADAttributes ATTRIB_ID="ADSIAMADAttributes:ATTRIB_ID:2494" OBJECT_TYPE="10" ATTRIB_NAME="msExchExpansionServerName" DISPLAY_NAME="rmp.adAttr.Expansion_Server_Name" DATA_TYPE="String" DATA_HANDLER_TYPE="3" />
    <ADSIAMADAttributes ATTRIB_ID="ADSIAMADAttributes:ATTRIB_ID:2495" OBJECT_TYPE="10" ATTRIB_NAME="oOFReplyToOriginator" DISPLAY_NAME="rmp.adAttr.OOF_Reply_To_Originator" DATA_TYPE="boolean" DATA_HANDLER_TYPE="6" />
    <ADSIAMADAttributes ATTRIB_ID="ADSIAMADAttributes:ATTRIB_ID:2496" OBJECT_TYPE="10" ATTRIB_NAME="reportToOriginator" DISPLAY_NAME="rmp.adAttr.Report_To_Originator" DATA_TYPE="boolean" DATA_HANDLER_TYPE="6" />
    <ADSIAMADAttributes ATTRIB_ID="ADSIAMADAttributes:ATTRIB_ID:2497" OBJECT_TYPE="10" ATTRIB_NAME="reportToOwner" DISPLAY_NAME="rmp.adAttr.Report_To_Owner" DATA_TYPE="boolean" DATA_HANDLER_TYPE="6" />
    <ADSIAMADAttributes ATTRIB_ID="ADSIAMADAttributes:ATTRIB_ID:2502" OBJECT_TYPE="10" ATTRIB_NAME="publicDelegates" DISPLAY_NAME="rmp.adAttr.Public_Delegates" DATA_TYPE="String" DATA_HANDLER_TYPE="3" IS_MULTI_VALUED="true" />
    <ADSIAMADAttributes ATTRIB_ID="ADSIAMADAttributes:ATTRIB_ID:2503" OBJECT_TYPE="10" ATTRIB_NAME="msExchDynamicDLBaseDN" DISPLAY_NAME="rmp.adAttr.Exchange_Dynamic_DL_Base_DN" DATA_TYPE="String" DATA_HANDLER_TYPE="3" />

</AdAttributesDetails>
<!--$Id$-->
