<?xml version="1.0" encoding="UTF-8"?>
<ADSDomain>
    
	<ADSCredentials CREDENTIAL_ID="ADSCredentials:UNIQUE_ID:1" USER_NAME="Administrator" PASSWORD="Recovery@123" DOMAIN_NAME="recover.me"/>
	<ADSForestConfiguration FOREST_ID="ADSForestConfiguration:UNIQUE_ID:1" FOREST_NAME="RECOVER.ME" FOREST_DN="DC=RECOVER,DC=ME" ROOT_DOMAIN_NAMING_CONTEXT="DC=RECOVER,DC=ME" SCHEMA_NAMING_CONTEXT="CN=Schema,CN=Configuration,DC=RECOVER,DC=ME" CONFIGURATION_NAMING_CONTEXT="CN=Configuration,DC=RECOVER,DC=ME" CREDENTIAL_ID="ADSCredentials:UNIQUE_ID:1"/>
	<ADSDomainConfiguration DOMAIN_ID="ADSDomainConfiguration:UNIQUE_ID:1" DOMAIN_NAME="recover.me" DOMAIN_DNS_NAME="RECOVER.ME" DOMAIN_FLAT_NAME="RECOVER" DEFAULT_NAMING_CONTEXT="DC=RECOVER,DC=ME" IS_AUTHENTICATION_REQUIRED="true" IS_DEFAULT_DOMAIN="true" DOMAIN_FUNCTIONAL_LEVEL="Windows Server 2008 R2" STATUS_MESSAGE="admp.domain_settings.common.statmsg.success" CREDENTIAL_ID="ADSCredentials:UNIQUE_ID:1" FOREST_ID="ADSForestConfiguration:UNIQUE_ID:1" />
	<ADSDCConfiguration DOMAIN_CONTROLLER_ID="ADSDCConfiguration:UNIQUE_ID:1" DOMAIN_CONTROLLER_NAME="recover-dc1" DOMAIN_ID="ADSDomainConfiguration:UNIQUE_ID:1" PRIORITY_ID="1"/>
        
        
	<!-- <ADSCredentials CREDENTIAL_ID="ADSCredentials:UNIQUE_ID:1" USER_NAME="Administrator" PASSWORD="Recovery@123" DOMAIN_NAME="RECOVERYMANAGER.ME.LOCAL"/>
	<ADSForestConfiguration FOREST_ID="ADSForestConfiguration:UNIQUE_ID:1" FOREST_NAME="ME.LOCAL" FOREST_DN="DC=ME,DC=LOCAL" ROOT_DOMAIN_NAMING_CONTEXT="DC=ME,DC=LOCAL" SCHEMA_NAMING_CONTEXT="CN=Schema,CN=Configuration,DC=RECOVER,DC=ME" CONFIGURATION_NAMING_CONTEXT="CN=Configuration,DC=RECOVER,DC=ME" CREDENTIAL_ID="ADSCredentials:UNIQUE_ID:1"/>
	<ADSDomainConfiguration DOMAIN_ID="ADSDomainConfiguration:UNIQUE_ID:1" DOMAIN_NAME="RECOVERYMANAGER.ME.LOCAL" DOMAIN_DNS_NAME="RECOVERYMANAGER.ME.LOCAL" DOMAIN_FLAT_NAME="RECOVERYMANAGER" DEFAULT_NAMING_CONTEXT="DC=RECOVERYMANAGER,DC=ME,DC=LOCAL" IS_AUTHENTICATION_REQUIRED="true" IS_DEFAULT_DOMAIN="true" DOMAIN_FUNCTIONAL_LEVEL="Windows Server 2008 R2" STATUS_MESSAGE="admp.domain_settings.common.statmsg.success" CREDENTIAL_ID="ADSCredentials:UNIQUE_ID:1" FOREST_ID="ADSForestConfiguration:UNIQUE_ID:1" />
	<ADSDCConfiguration DOMAIN_CONTROLLER_ID="ADSDCConfiguration:UNIQUE_ID:1" DOMAIN_CONTROLLER_NAME="devserv2k8r2" DOMAIN_ID="ADSDomainConfiguration:UNIQUE_ID:1" PRIORITY_ID="1"/>
	
	
	<ADSCredentials CREDENTIAL_ID="ADSCredentials:UNIQUE_ID:2" USER_NAME="Administrator" PASSWORD="Recovery@123" DOMAIN_NAME="rmp.me"/>
	<ADSForestConfiguration FOREST_ID="ADSForestConfiguration:UNIQUE_ID:2" FOREST_NAME="RMP.ME" FOREST_DN="DC=RMP,DC=ME" ROOT_DOMAIN_NAMING_CONTEXT="DC=RMP,DC=ME" SCHEMA_NAMING_CONTEXT="CN=Schema,CN=Configuration,DC=RMP,DC=ME" CONFIGURATION_NAMING_CONTEXT="CN=Configuration,DC=RMP,DC=ME" CREDENTIAL_ID="ADSCredentials:UNIQUE_ID:2"/>
	<ADSDomainConfiguration DOMAIN_ID="ADSDomainConfiguration:UNIQUE_ID:2" DOMAIN_NAME="rmp.me" DOMAIN_DNS_NAME="RMP.ME" DOMAIN_FLAT_NAME="RMP" DEFAULT_NAMING_CONTEXT="DC=RMP,DC=ME" IS_AUTHENTICATION_REQUIRED="true" IS_DEFAULT_DOMAIN="true" DOMAIN_FUNCTIONAL_LEVEL="Windows Server 2012" STATUS_MESSAGE="admp.domain_settings.common.statmsg.success" CREDENTIAL_ID="ADSCredentials:UNIQUE_ID:2" FOREST_ID="ADSForestConfiguration:UNIQUE_ID:2" />
	<ADSDCConfiguration DOMAIN_CONTROLLER_ID="ADSDCConfiguration:UNIQUE_ID:2" DOMAIN_CONTROLLER_NAME="rmp-dc1" DOMAIN_ID="ADSDomainConfiguration:UNIQUE_ID:2" PRIORITY_ID="1"/> -->
</ADSDomain>
<!--$Id$-->
