	<!-- $Id$ -->
<DBSyncFilter>

		<ADSDBSTableFilter DBS_MODULE_ID="ADSDBSyncModules:DBS_MODULE_ID:1" TABLE_NAME="ADSProductDetails" ALLOWED_OPERATIONS="4"/>
		<ADSDBSColumnFilter DBS_MODULE_COLUMN_ID="ADSDBSyncModuleColumns:DBS_MODULE_COLUMN_ID:1" COLUMN_NAME="PRODUCT_ID">
                    <ADSDBSReferenceTables REFERENCE_TABLE_ID="ADSDBSReferenceTables:REFERENCE_TABLE_ID:1" DBS_MODULE_COLUMN_ID="ADSDBSyncModuleColumns:DBS_MODULE_COLUMN_ID:1" TABLE_NAME="ADSProducts"/>
                    <ADSDBSReferenceColumns REFERENCE_TABLE_ID="ADSDBSReferenceTables:REFERENCE_TABLE_ID:1" COLUMN_NAME="ADSProducts.PRODUCT_NAME"/>
                </ADSDBSColumnFilter>
		<ADSDBSColumnFilter DBS_MODULE_COLUMN_ID="ADSDBSyncModuleColumns:DBS_MODULE_COLUMN_ID:2" COLUMN_NAME="HOST" />	
		<ADSDBSColumnFilter DBS_MODULE_COLUMN_ID="ADSDBSyncModuleColumns:DBS_MODULE_COLUMN_ID:3" COLUMN_NAME="PORT" />
		<ADSDBSColumnFilter DBS_MODULE_COLUMN_ID="ADSDBSyncModuleColumns:DBS_MODULE_COLUMN_ID:4" COLUMN_NAME="PROTOCOL" />
		<ADSDBSColumnFilter DBS_MODULE_COLUMN_ID="ADSDBSyncModuleColumns:DBS_MODULE_COLUMN_ID:5" COLUMN_NAME="CONTEXT" />
		<ADSDBSColumnFilter DBS_MODULE_COLUMN_ID="ADSDBSyncModuleColumns:DBS_MODULE_COLUMN_ID:6" COLUMN_NAME="INTEGRATED_PRODUCT_NAME" />
		<ADSDBSColumnFilter DBS_MODULE_COLUMN_ID="ADSDBSyncModuleColumns:DBS_MODULE_COLUMN_ID:7" COLUMN_NAME="SEQUENCE_ID" />
	
		<!-- Mapping For Domain Configuration Starts Here  -->
		<ADSDBSTableFilter DBS_MODULE_ID="ADSDBSyncModules:DBS_MODULE_ID:2" TABLE_NAME="RMPDomainConfiguration" ALLOWED_OPERATIONS="4"/>
		<ADSDBSColumnFilter DBS_MODULE_COLUMN_ID="ADSDBSyncModuleColumns:DBS_MODULE_COLUMN_ID:8" COLUMN_NAME="DOMAIN_NAME"/>
		<!-- Mapping For Domain Configuration Ends Here  -->

		<!-- Mapping For API sync Starts Here  -->
		<ADSDBSTableFilter DBS_MODULE_ID="ADSDBSyncModules:DBS_MODULE_ID:3" TABLE_NAME="ADSProductAPIs" ALLOWED_OPERATIONS="-1"/>
		<ADSDBSColumnFilter DBS_MODULE_COLUMN_ID="ADSDBSyncModuleColumns:DBS_MODULE_COLUMN_ID:18" COLUMN_NAME="PRODUCT_NAME"/>
		<ADSDBSColumnFilter DBS_MODULE_COLUMN_ID="ADSDBSyncModuleColumns:DBS_MODULE_COLUMN_ID:19" COLUMN_NAME="API_NAME"/>
		<ADSDBSColumnFilter DBS_MODULE_COLUMN_ID="ADSDBSyncModuleColumns:DBS_MODULE_COLUMN_ID:20" COLUMN_NAME="API_URL"/>
		<ADSDBSColumnFilter DBS_MODULE_COLUMN_ID="ADSDBSyncModuleColumns:DBS_MODULE_COLUMN_ID:21" COLUMN_NAME="MTCALL_NAME"/>
		<ADSDBSColumnFilter DBS_MODULE_COLUMN_ID="ADSDBSyncModuleColumns:DBS_MODULE_COLUMN_ID:22" COLUMN_NAME="MTCALL_VALUE"/>
		<ADSDBSColumnFilter DBS_MODULE_COLUMN_ID="ADSDBSyncModuleColumns:DBS_MODULE_COLUMN_ID:23" COLUMN_NAME="IS_HS_REQUIRED" />	
		<ADSDBSColumnFilter DBS_MODULE_COLUMN_ID="ADSDBSyncModuleColumns:DBS_MODULE_COLUMN_ID:24" COLUMN_NAME="API_PARAMS"/>
		<!-- Mapping For API sync Ends Here  -->
                <ADSDBSTableFilter DBS_MODULE_ID="ADSDBSyncModules:DBS_MODULE_ID:4" TABLE_NAME="ADSMailSettings" ALLOWED_OPERATIONS="4"/>
		<ADSDBSColumnFilter DBS_MODULE_COLUMN_ID="ADSDBSyncModuleColumns:DBS_MODULE_COLUMN_ID:25" COLUMN_NAME="UNIQUE_ID"/>
		<ADSDBSColumnFilter DBS_MODULE_COLUMN_ID="ADSDBSyncModuleColumns:DBS_MODULE_COLUMN_ID:26" COLUMN_NAME="SERVER_NAME"/>
		<ADSDBSColumnFilter DBS_MODULE_COLUMN_ID="ADSDBSyncModuleColumns:DBS_MODULE_COLUMN_ID:27" COLUMN_NAME="PORT"/>
		<ADSDBSColumnFilter DBS_MODULE_COLUMN_ID="ADSDBSyncModuleColumns:DBS_MODULE_COLUMN_ID:28" COLUMN_NAME="USER_NAME"/>
		<ADSDBSColumnFilter DBS_MODULE_COLUMN_ID="ADSDBSyncModuleColumns:DBS_MODULE_COLUMN_ID:29" COLUMN_NAME="PASSWORD"/>
		<ADSDBSColumnFilter DBS_MODULE_COLUMN_ID="ADSDBSyncModuleColumns:DBS_MODULE_COLUMN_ID:30" COLUMN_NAME="CONNECTION_SECURITY_ID" />
		<ADSDBSColumnFilter DBS_MODULE_COLUMN_ID="ADSDBSyncModuleColumns:DBS_MODULE_COLUMN_ID:31" COLUMN_NAME="FROM_MAIL_ID" />
		<ADSDBSColumnFilter DBS_MODULE_COLUMN_ID="ADSDBSyncModuleColumns:DBS_MODULE_COLUMN_ID:32" COLUMN_NAME="ADMIN_MAIL_ID" />
		<ADSDBSColumnFilter DBS_MODULE_COLUMN_ID="ADSDBSyncModuleColumns:DBS_MODULE_COLUMN_ID:33" COLUMN_NAME="ENABLE_HTML_FORMAT"/>
		
		<ADSDBSTableFilter DBS_MODULE_ID="ADSDBSyncModules:DBS_MODULE_ID:5" TABLE_NAME="ADSCentralizedSettings" ALLOWED_OPERATIONS="4"/>
		<ADSDBSColumnFilter DBS_MODULE_COLUMN_ID="ADSDBSyncModuleColumns:DBS_MODULE_COLUMN_ID:34" COLUMN_NAME="UNIQUE_ID" IS_UNIQUE="true"/>		
		<ADSDBSColumnFilter DBS_MODULE_COLUMN_ID="ADSDBSyncModuleColumns:DBS_MODULE_COLUMN_ID:35" COLUMN_NAME="SINGLE_SIGNOUT" />	
		<ADSDBSColumnFilter DBS_MODULE_COLUMN_ID="ADSDBSyncModuleColumns:DBS_MODULE_COLUMN_ID:36" COLUMN_NAME="SINGLE_CONSOLE" />	
                <!-- Mapping For ADSProducts sync Starts Here  -->
                <ADSDBSTableFilter DBS_MODULE_ID="ADSDBSyncModules:DBS_MODULE_ID:6" TABLE_NAME="ADSProducts" ALLOWED_OPERATIONS="2"/>
                <ADSDBSColumnFilter DBS_MODULE_COLUMN_ID="ADSDBSyncModuleColumns:DBS_MODULE_COLUMN_ID:37" COLUMN_NAME="PRODUCT_NAME"/>
                <ADSDBSColumnFilter DBS_MODULE_COLUMN_ID="ADSDBSyncModuleColumns:DBS_MODULE_COLUMN_ID:38" COLUMN_NAME="IS_ENABLED"/>

                <!-- Mapping For ADSFeatures sync Starts Here  -->
                <ADSDBSTableFilter DBS_MODULE_ID="ADSDBSyncModules:DBS_MODULE_ID:7" TABLE_NAME="ADSFeatures" ALLOWED_OPERATIONS="4"/>
                <ADSDBSColumnFilter DBS_MODULE_COLUMN_ID="ADSDBSyncModuleColumns:DBS_MODULE_COLUMN_ID:39" COLUMN_NAME="PRODUCT_ID">
                        <ADSDBSReferenceTables REFERENCE_TABLE_ID="ADSDBSReferenceTables:REFERENCE_TABLE_ID:2" DBS_MODULE_COLUMN_ID="ADSDBSyncModuleColumns:DBS_MODULE_COLUMN_ID:39" TABLE_NAME="ADSProducts"/>
                        <ADSDBSReferenceColumns REFERENCE_TABLE_ID="ADSDBSReferenceTables:REFERENCE_TABLE_ID:2" COLUMN_NAME="ADSProducts.PRODUCT_NAME"/>
                </ADSDBSColumnFilter>
                <ADSDBSColumnFilter DBS_MODULE_COLUMN_ID="ADSDBSyncModuleColumns:DBS_MODULE_COLUMN_ID:40" COLUMN_NAME="FEATURE_NAME"/>
                <ADSDBSColumnFilter DBS_MODULE_COLUMN_ID="ADSDBSyncModuleColumns:DBS_MODULE_COLUMN_ID:41" COLUMN_NAME="IS_ENABLED"/>
                <ADSDBSColumnFilter DBS_MODULE_COLUMN_ID="ADSDBSyncModuleColumns:DBS_MODULE_COLUMN_ID:42" COLUMN_NAME="DB_SYNC_MODULE_NAME"/>
                <ADSDBSColumnFilter DBS_MODULE_COLUMN_ID="ADSDBSyncModuleColumns:DBS_MODULE_COLUMN_ID:43" COLUMN_NAME="IS_DB_SYNC_ENABLED"/>
		
			
</DBSyncFilter>

