<!-- $Id$ -->
<DBSyncModules>

	<ADSDBSyncModules DBS_MODULE_ID="ADSDBSyncModules:DBS_MODULE_ID:1" MODULE_NAME="ProductSync">
		<ADSDBSyncModuleColumns DBS_MODULE_COLUMN_ID="ADSDBSyncModuleColumns:DBS_MODULE_COLUMN_ID:1" COLUMN_NAME="ProductId" IS_UNIQUE="true"/>
		<ADSDBSyncModuleColumns DBS_MODULE_COLUMN_ID="ADSDBSyncModuleColumns:DBS_MODULE_COLUMN_ID:2" COLUMN_NAME="Host" IS_UNIQUE="false"/>	
		<ADSDBSyncModuleColumns DBS_MODULE_COLUMN_ID="ADSDBSyncModuleColumns:DBS_MODULE_COLUMN_ID:3" COLUMN_NAME="Port" IS_UNIQUE="false"/>
		<ADSDBSyncModuleColumns DBS_MODULE_COLUMN_ID="ADSDBSyncModuleColumns:DBS_MODULE_COLUMN_ID:4" COLUMN_NAME="Protocol" IS_UNIQUE="false"/>
		<ADSDBSyncModuleColumns DBS_MODULE_COLUMN_ID="ADSDBSyncModuleColumns:DBS_MODULE_COLUMN_ID:5" COLUMN_NAME="Context" IS_UNIQUE="false"/>
		<ADSDBSyncModuleColumns DBS_MODULE_COLUMN_ID="ADSDBSyncModuleColumns:DBS_MODULE_COLUMN_ID:6" COLUMN_NAME="INTEGRATED_PRODUCT_NAME" IS_UNIQUE="true"/>
		<ADSDBSyncModuleColumns DBS_MODULE_COLUMN_ID="ADSDBSyncModuleColumns:DBS_MODULE_COLUMN_ID:7" COLUMN_NAME="SEQUENCE_ID" IS_UNIQUE="false"/>
	</ADSDBSyncModules>
	
	<ADSDBSyncModules DBS_MODULE_ID="ADSDBSyncModules:DBS_MODULE_ID:2" MODULE_NAME="DomainConfiguration">
		<ADSDBSyncModuleColumns DBS_MODULE_COLUMN_ID="ADSDBSyncModuleColumns:DBS_MODULE_COLUMN_ID:8" COLUMN_NAME="DomainName" IS_UNIQUE="true"/>
		<ADSDBSyncModuleColumns DBS_MODULE_COLUMN_ID="ADSDBSyncModuleColumns:DBS_MODULE_COLUMN_ID:9" COLUMN_NAME="DomainFlatName" IS_UNIQUE="false"/>
		<ADSDBSyncModuleColumns DBS_MODULE_COLUMN_ID="ADSDBSyncModuleColumns:DBS_MODULE_COLUMN_ID:10" COLUMN_NAME="DomainDN" IS_UNIQUE="false"/>
		<ADSDBSyncModuleColumns DBS_MODULE_COLUMN_ID="ADSDBSyncModuleColumns:DBS_MODULE_COLUMN_ID:11" COLUMN_NAME="DomainDNSName" IS_UNIQUE="false"/>
		<ADSDBSyncModuleColumns DBS_MODULE_COLUMN_ID="ADSDBSyncModuleColumns:DBS_MODULE_COLUMN_ID:12" COLUMN_NAME="DomainFunctionalLevel" IS_UNIQUE="false"/>
		<ADSDBSyncModuleColumns DBS_MODULE_COLUMN_ID="ADSDBSyncModuleColumns:DBS_MODULE_COLUMN_ID:13" COLUMN_NAME="IsAuthRequired" IS_UNIQUE="false"/>	
		<ADSDBSyncModuleColumns DBS_MODULE_COLUMN_ID="ADSDBSyncModuleColumns:DBS_MODULE_COLUMN_ID:14" COLUMN_NAME="UserName" IS_UNIQUE="false"/>
		<ADSDBSyncModuleColumns DBS_MODULE_COLUMN_ID="ADSDBSyncModuleColumns:DBS_MODULE_COLUMN_ID:15" COLUMN_NAME="Password" IS_UNIQUE="false"/>
		<ADSDBSyncModuleColumns DBS_MODULE_COLUMN_ID="ADSDBSyncModuleColumns:DBS_MODULE_COLUMN_ID:16" COLUMN_NAME="DCList" IS_UNIQUE="false"/>
		<ADSDBSyncModuleColumns DBS_MODULE_COLUMN_ID="ADSDBSyncModuleColumns:DBS_MODULE_COLUMN_ID:17" COLUMN_NAME="IsDefaultDomain" IS_UNIQUE="false"/>
	</ADSDBSyncModules>
	
	<ADSDBSyncModules DBS_MODULE_ID="ADSDBSyncModules:DBS_MODULE_ID:3" MODULE_NAME="ADSProductAPIS" FORCE_PUBLISH="true">
		<ADSDBSyncModuleColumns DBS_MODULE_COLUMN_ID="ADSDBSyncModuleColumns:DBS_MODULE_COLUMN_ID:18" COLUMN_NAME="PRODUCT_NAME" IS_UNIQUE="true"/>
		<ADSDBSyncModuleColumns DBS_MODULE_COLUMN_ID="ADSDBSyncModuleColumns:DBS_MODULE_COLUMN_ID:19" COLUMN_NAME="API_NAME" IS_UNIQUE="true"/>
		<ADSDBSyncModuleColumns DBS_MODULE_COLUMN_ID="ADSDBSyncModuleColumns:DBS_MODULE_COLUMN_ID:20" COLUMN_NAME="API_URL" IS_UNIQUE="false"/>
		<ADSDBSyncModuleColumns DBS_MODULE_COLUMN_ID="ADSDBSyncModuleColumns:DBS_MODULE_COLUMN_ID:21" COLUMN_NAME="MTCALL_NAME" IS_UNIQUE="false"/>
		<ADSDBSyncModuleColumns DBS_MODULE_COLUMN_ID="ADSDBSyncModuleColumns:DBS_MODULE_COLUMN_ID:22" COLUMN_NAME="MTCALL_VALUE" IS_UNIQUE="false"/>
		<ADSDBSyncModuleColumns DBS_MODULE_COLUMN_ID="ADSDBSyncModuleColumns:DBS_MODULE_COLUMN_ID:23" COLUMN_NAME="IS_HS_REQUIRED" IS_UNIQUE="false"/>	
		<ADSDBSyncModuleColumns DBS_MODULE_COLUMN_ID="ADSDBSyncModuleColumns:DBS_MODULE_COLUMN_ID:24" COLUMN_NAME="API_PARAMS" IS_UNIQUE="false"/>
	</ADSDBSyncModules>
        
        <ADSDBSyncModules DBS_MODULE_ID="ADSDBSyncModules:DBS_MODULE_ID:4" MODULE_NAME="ADSMailSettings" FORCE_PUBLISH="false">
		<ADSDBSyncModuleColumns DBS_MODULE_COLUMN_ID="ADSDBSyncModuleColumns:DBS_MODULE_COLUMN_ID:25" COLUMN_NAME="UNIQUE_ID" IS_UNIQUE="true"/>
		<ADSDBSyncModuleColumns DBS_MODULE_COLUMN_ID="ADSDBSyncModuleColumns:DBS_MODULE_COLUMN_ID:26" COLUMN_NAME="SERVER_NAME" IS_UNIQUE="true"/>
		<ADSDBSyncModuleColumns DBS_MODULE_COLUMN_ID="ADSDBSyncModuleColumns:DBS_MODULE_COLUMN_ID:27" COLUMN_NAME="PORT" IS_UNIQUE="true"/>
		<ADSDBSyncModuleColumns DBS_MODULE_COLUMN_ID="ADSDBSyncModuleColumns:DBS_MODULE_COLUMN_ID:28" COLUMN_NAME="USER_NAME" IS_UNIQUE="true"/>
		<ADSDBSyncModuleColumns DBS_MODULE_COLUMN_ID="ADSDBSyncModuleColumns:DBS_MODULE_COLUMN_ID:29" COLUMN_NAME="PASSWORD" IS_UNIQUE="true"/>
		<ADSDBSyncModuleColumns DBS_MODULE_COLUMN_ID="ADSDBSyncModuleColumns:DBS_MODULE_COLUMN_ID:30" COLUMN_NAME="CONNECTION_SECURITY_ID" IS_UNIQUE="true"/>	
		<ADSDBSyncModuleColumns DBS_MODULE_COLUMN_ID="ADSDBSyncModuleColumns:DBS_MODULE_COLUMN_ID:31" COLUMN_NAME="FROM_MAIL_ID" IS_UNIQUE="true"/>
		<ADSDBSyncModuleColumns DBS_MODULE_COLUMN_ID="ADSDBSyncModuleColumns:DBS_MODULE_COLUMN_ID:32" COLUMN_NAME="ADMIN_MAIL_ID" IS_UNIQUE="true"/>
		<ADSDBSyncModuleColumns DBS_MODULE_COLUMN_ID="ADSDBSyncModuleColumns:DBS_MODULE_COLUMN_ID:33" COLUMN_NAME="ENABLE_HTML_FORMAT" IS_UNIQUE="true"/> 
	</ADSDBSyncModules>
        
  	<ADSDBSyncModules DBS_MODULE_ID="ADSDBSyncModules:DBS_MODULE_ID:5" MODULE_NAME="CentralizedSettings">
		<ADSDBSyncModuleColumns DBS_MODULE_COLUMN_ID="ADSDBSyncModuleColumns:DBS_MODULE_COLUMN_ID:34" COLUMN_NAME="UNIQUE_ID" IS_UNIQUE="true"/>		
		<ADSDBSyncModuleColumns DBS_MODULE_COLUMN_ID="ADSDBSyncModuleColumns:DBS_MODULE_COLUMN_ID:35" COLUMN_NAME="SINGLE_SIGNOUT" IS_UNIQUE="false" />
		<ADSDBSyncModuleColumns DBS_MODULE_COLUMN_ID="ADSDBSyncModuleColumns:DBS_MODULE_COLUMN_ID:36" COLUMN_NAME="SINGLE_CONSOLE" IS_UNIQUE="false" />	
        </ADSDBSyncModules>
       
        <!-- ADSProducts Sync -->
  	<ADSDBSyncModules DBS_MODULE_ID="ADSDBSyncModules:DBS_MODULE_ID:6" MODULE_NAME="ADSProducts" REPUBLISH="false">
  	        <ADSDBSyncModuleColumns DBS_MODULE_COLUMN_ID="ADSDBSyncModuleColumns:DBS_MODULE_COLUMN_ID:37" COLUMN_NAME="PRODUCT_NAME" IS_UNIQUE="true"/>
  	        <ADSDBSyncModuleColumns DBS_MODULE_COLUMN_ID="ADSDBSyncModuleColumns:DBS_MODULE_COLUMN_ID:38" COLUMN_NAME="IS_ENABLED" IS_UNIQUE="false"/>
  	</ADSDBSyncModules>
  	
  	<!-- ADSFeatures Sync -->
  	<ADSDBSyncModules DBS_MODULE_ID="ADSDBSyncModules:DBS_MODULE_ID:7" MODULE_NAME="ADSFeatures" FORCE_PUBLISH="true" REPUBLISH="false">
  	        <ADSDBSyncModuleColumns DBS_MODULE_COLUMN_ID="ADSDBSyncModuleColumns:DBS_MODULE_COLUMN_ID:39" COLUMN_NAME="PRODUCT_ID" IS_UNIQUE="true"/>
  	        <ADSDBSyncModuleColumns DBS_MODULE_COLUMN_ID="ADSDBSyncModuleColumns:DBS_MODULE_COLUMN_ID:40" COLUMN_NAME="FEATURE_NAME" IS_UNIQUE="true"/>
  	        <ADSDBSyncModuleColumns DBS_MODULE_COLUMN_ID="ADSDBSyncModuleColumns:DBS_MODULE_COLUMN_ID:41" COLUMN_NAME="IS_ENABLED" IS_UNIQUE="false"/>
  	        <ADSDBSyncModuleColumns DBS_MODULE_COLUMN_ID="ADSDBSyncModuleColumns:DBS_MODULE_COLUMN_ID:42" COLUMN_NAME="DB_SYNC_MODULE_NAME" IS_UNIQUE="false"/>
  	        <ADSDBSyncModuleColumns DBS_MODULE_COLUMN_ID="ADSDBSyncModuleColumns:DBS_MODULE_COLUMN_ID:43" COLUMN_NAME="IS_DB_SYNC_ENABLED" IS_UNIQUE="false"/>
	</ADSDBSyncModules>
</DBSyncModules>