<?xml version="1.0" encoding="UTF-8"?>
<Notifications>
    <ADSNotificationCenter NOTIFICATION_ID="ADSNotificationCenter:NOTIFICATION_ID:1" NOTIFICATION_NAME="SERVICE_NOTIFIER" IMPL_CLASS="com.manageengine.ads.fw.notifications.impl.ServiceNotifier"/>
	<ADSNotificationCenter NOTIFICATION_ID="ADSNotificationCenter:NOTIFICATION_ID:2" NOTIFICATION_NAME="MAIL_SERVER_NOTIFIER" IMPL_CLASS="com.manageengine.ads.fw.notifications.impl.MailServerNotifier"/>
	<ADSNotificationCenter NOTIFICATION_ID="ADSNotificationCenter:NOTIFICATION_ID:3" NOTIFICATION_NAME="FREE_SPACE_NOTIFIER" IMPL_CLASS="com.manageengine.ads.fw.notifications.impl.FreeSpaceNotifier"/>
	<ADSNotificationCenter NOTIFICATION_ID="ADSNotificationCenter:NOTIFICATION_ID:4" NOTIFICATION_NAME="GPO_ERROR_NOTIFIER" IMPL_CLASS="com.manageengine.rmp.admin.productnotifier.GPOErrorNotifier"/>
	<ADSNotificationCenter NOTIFICATION_ID="ADSNotificationCenter:NOTIFICATION_ID:5" NOTIFICATION_NAME="REGISTRY_UPDATE_NOTIFIER" IMPL_CLASS="com.manageengine.rmp.admin.productnotifier.RegistryUpdateNotifier"/>

	<ADSRoleVsNotification NOTIFICATION_ID="ADSNotificationCenter:NOTIFICATION_ID:1" ROLE_ID="AaaRole:role_id:0"/>
	<ADSRoleVsNotification NOTIFICATION_ID="ADSNotificationCenter:NOTIFICATION_ID:2" ROLE_ID="AaaRole:role_id:0"/>
	<ADSRoleVsNotification NOTIFICATION_ID="ADSNotificationCenter:NOTIFICATION_ID:3" ROLE_ID="AaaRole:role_id:0"/>
	<ADSRoleVsNotification NOTIFICATION_ID="ADSNotificationCenter:NOTIFICATION_ID:4" ROLE_ID="AaaRole:role_id:0"/>
	<ADSRoleVsNotification NOTIFICATION_ID="ADSNotificationCenter:NOTIFICATION_ID:5" ROLE_ID="AaaRole:role_id:0"/>
</Notifications>
