<?xml version="1.0" encoding="iso-8859-1"?>
<ProductParams>
	<ADSProductParams PARAM_ID="ADSProductParams:PARAM_ID:1" PRODUCT_ID="ADSProducts:PRODUCT_ID:1" PARAM_NAME="JUMPTO_URL" PARAM_VALUE="/html/ad360.html" />
	<ADSProductParams PARAM_ID="ADSProductParams:PARAM_ID:2" PRODUCT_ID="ADSProducts:PRODUCT_ID:2" PARAM_NAME="JUMPTO_URL" PARAM_VALUE="/html/admp.html" />
	<ADSProductParams PARAM_ID="ADSProductParams:PARAM_ID:3" PRODUCT_ID="ADSProducts:PRODUCT_ID:3" PARAM_NAME="JUMPTO_URL" PARAM_VALUE="/html/adap.html?LinkID=65" />
	<ADSProductParams PARAM_ID="ADSProductParams:PARAM_ID:4" PRODUCT_ID="ADSProducts:PRODUCT_ID:4" PARAM_NAME="JUMPTO_URL" PARAM_VALUE="/html/adssp.html?LinkID=64" />
	<ADSProductParams PARAM_ID="ADSProductParams:PARAM_ID:5" PRODUCT_ID="ADSProducts:PRODUCT_ID:5" PARAM_NAME="JUMPTO_URL" PARAM_VALUE="/html/erp.html?LinkID=66" />
	<!--<ADSProductParams PARAM_ID="ADSProductParams:PARAM_ID:6" PRODUCT_ID="ADSProducts:PRODUCT_ID:6" PARAM_NAME="JUMPTO_URL" PARAM_VALUE="/html/serviceDeskPlusMkg.html" />-->
	<ADSProductParams PARAM_ID="ADSProductParams:PARAM_ID:6" PRODUCT_ID="ADSProducts:PRODUCT_ID:7" PARAM_NAME="PRODUCT_DEFAULT_DOCBASE_VALUE" PARAM_VALUE="/admp_rmp"/>
        
	<ADSDomainDiscovery UNIQUE_ID="ADSDomainDiscovery:UNIQUE_ID:1" IS_ENABLED="true" SEARCH_SCOPE="FOREST"/>
	
	<ADSDomainModules MODULE_ID="ADSDomainModules:MODULE_ID:1" MODULE_NAME="Domain" IS_ENABLED="true"/>

	<ADSDomainSubModules SUB_MODULE_ID="ADSDomainSubModules:SUB_MODULE_ID:1" MODULE_ID="ADSDomainModules:MODULE_ID:1" SUB_MODULE_NAME="Domain" IMPL_CLASS_NAME="com.manageengine.rmp.util.RMPDomainNativeImpl" DB_IMPL_CLASS_NAME="com.manageengine.rmp.util.RMPDomainHandler" IS_ENABLED="true" IS_DEL_UPDATE_ENABLED="false" ORDER_ID="1"/>
	
</ProductParams>

<!-- $Id$ -->

