<?xml version="1.0" encoding="UTF-8"?>


<ProductAPIs>
	
<!--AD360 Product-->
	<ADSProductAPIs PRODUCT_ID="ADSProducts:PRODUCT_ID:1" API_ID="ADSProductAPIs:API_ID:1" API_NAME="HSKEY_AUTHENTICATOR" API_URL="/servlet/HSKeyAuthenticator">
		<ADSProductAPIParams API_PARAM_ID="ADSProductAPIParams:API_PARAM_ID:1" PARAM_NAME="productName" IS_MANDATORY="true"/>
		<ADSProductAPIParams API_PARAM_ID="ADSProductAPIParams:API_PARAM_ID:2" PARAM_NAME="handshakeKey" IS_MANDATORY="true"/>
		<ADSProductAPIParams API_PARAM_ID="ADSProductAPIParams:API_PARAM_ID:3" PARAM_NAME="format" IS_MANDATORY="false"/>
	</ADSProductAPIs>

	<ADSProductAPIs PRODUCT_ID="ADSProducts:PRODUCT_ID:1" API_ID="ADSProductAPIs:API_ID:2" API_NAME="GET_SSO_TICKET_DETAILS" API_URL="/servlet/GetSSOTicket">
		<ADSProductAPIParams API_PARAM_ID="ADSProductAPIParams:API_PARAM_ID:11" PARAM_NAME="ticket" IS_MANDATORY="true"/>
	</ADSProductAPIs>
	<ADSProductAPIs PRODUCT_ID="ADSProducts:PRODUCT_ID:1" API_ID="ADSProductAPIs:API_ID:3" API_NAME="FETCH_EVENTS" API_URL="/RestAPI/FetchEvents" MTCALL_NAME="operation" MTCALL_VALUE="fetchEvents">
		<ADSProductAPIParams API_PARAM_ID="ADSProductAPIParams:API_PARAM_ID:21" PARAM_NAME="LAST_EVENT_ID" IS_MANDATORY="true"/>
	</ADSProductAPIs>

	<ADSProductAPIs PRODUCT_ID="ADSProducts:PRODUCT_ID:1" API_ID="ADSProductAPIs:API_ID:4" API_NAME="SYNC_NOW" API_URL="/RestAPI/Synchronize" MTCALL_NAME="operation" MTCALL_VALUE="synchronizeNow"/>
	<ADSProductAPIs PRODUCT_ID="ADSProducts:PRODUCT_ID:1" API_ID="ADSProductAPIs:API_ID:5" API_NAME="GET_PRODUCT_VERSION" API_URL="/servlet/GetProductVersion"/>
	<ADSProductAPIs PRODUCT_ID="ADSProducts:PRODUCT_ID:1" API_ID="ADSProductAPIs:API_ID:6" API_NAME="GLOBAL_LOGOUT" API_URL="/RestAPI/SSO/GlobalLogout" MTCALL_NAME="operation" MTCALL_VALUE="logout"/>
          
	 <!--RMP Product-->
	<ADSProductAPIs PRODUCT_ID="ADSProducts:PRODUCT_ID:7" API_ID="ADSProductAPIs:API_ID:501" API_NAME="HSKEY_AUTHENTICATOR" API_URL="/servlet/HSKeyAuthenticator"/>
	<ADSProductAPIs PRODUCT_ID="ADSProducts:PRODUCT_ID:7" API_ID="ADSProductAPIs:API_ID:502" API_NAME="LOAD_DASHBOARD_CONTAINERS" API_URL="/RestAPI/GetDashboard" MTCALL_NAME="operation" MTCALL_VALUE="loadContainers"/>
	<ADSProductAPIs PRODUCT_ID="ADSProducts:PRODUCT_ID:7" API_ID="ADSProductAPIs:API_ID:503" API_NAME="LOAD_DASHBOARD_COMPONENT" API_URL="/RestAPI/GetDashboard" MTCALL_NAME="operation" MTCALL_VALUE="loadComponent"/>
	<ADSProductAPIs PRODUCT_ID="ADSProducts:PRODUCT_ID:7" API_ID="ADSProductAPIs:API_ID:504" API_NAME="GET_SSO_TICKET_DETAILS" API_URL="/servlet/GetSSOTicket">
		<ADSProductAPIParams API_PARAM_ID="ADSProductAPIParams:API_PARAM_ID:541" PARAM_NAME="ticket" IS_MANDATORY="true"/>
	</ADSProductAPIs>
	<ADSProductAPIs PRODUCT_ID="ADSProducts:PRODUCT_ID:7" API_ID="ADSProductAPIs:API_ID:505" API_NAME="FETCH_EVENTS" API_URL="/RestAPI/FetchEvents" MTCALL_NAME="operation" MTCALL_VALUE="fetchEvents">
		<ADSProductAPIParams API_PARAM_ID="ADSProductAPIParams:API_PARAM_ID:551" PARAM_NAME="LAST_EVENT_ID" IS_MANDATORY="true"/>
	</ADSProductAPIs>
	<ADSProductAPIs PRODUCT_ID="ADSProducts:PRODUCT_ID:7" API_ID="ADSProductAPIs:API_ID:506" API_NAME="SYNC_NOW" API_URL="/RestAPI/Synchronize" MTCALL_NAME="operation" MTCALL_VALUE="synchronizeNow"/>
	<ADSProductAPIs PRODUCT_ID="ADSProducts:PRODUCT_ID:7" API_ID="ADSProductAPIs:API_ID:507" API_NAME="GET_PRODUCT_VERSION" API_URL="/servlet/GetProductVersion"/>
	<ADSProductAPIs PRODUCT_ID="ADSProducts:PRODUCT_ID:7" API_ID="ADSProductAPIs:API_ID:508" API_NAME="UPGRADE_LICENSE" API_URL="/RestAPI/UpgradeLicense"/>
	<ADSProductAPIs PRODUCT_ID="ADSProducts:PRODUCT_ID:7" API_ID="ADSProductAPIs:API_ID:509" API_NAME="UPDATE_PRODUCT_DETAILS" API_URL="/servlet/UpdateProductDetails"/>
        <ADSProductAPIs PRODUCT_ID="ADSProducts:PRODUCT_ID:7" API_ID="ADSProductAPIs:API_ID:510" API_NAME="GET_LICENSE_DETAILS" API_URL="/RestAPI/LicenseMgr" MTCALL_NAME="operation" MTCALL_VALUE="getLicenseDetails"/>
        <ADSProductAPIs PRODUCT_ID="ADSProducts:PRODUCT_ID:7" API_ID="ADSProductAPIs:API_ID:511" API_NAME="SINGLE_SIGNOUT" API_URL="/RestAPI/SSOutAction" MTCALL_NAME="operation" MTCALL_VALUE="logout"/>
        <ADSProductAPIs PRODUCT_ID="ADSProducts:PRODUCT_ID:7" API_ID="ADSProductAPIs:API_ID:512" API_NAME="GET_WIDGET_DETAILS" API_URL="/RestAPI/GetDashboard" MTCALL_NAME="operation" MTCALL_VALUE="getUnusedWidgetDetails"/>
         
	<!-- Notification Center -->
	<ADSProductAPIs PRODUCT_ID="ADSProducts:PRODUCT_ID:7" API_ID="ADSProductAPIs:API_ID:8" API_NAME="NOTIFICATION_CENTER" API_URL="/RestAPI/WC/Notification" MTCALL_NAME="mTCall" MTCALL_VALUE="executeAction" IS_DB_SYNC_ENABLED="false" IS_HS_REQUIRED="false" IS_ALLOWED_ON_DEMO="true"/>
	<ADSProductAPIs PRODUCT_ID="ADSProducts:PRODUCT_ID:7" API_ID="ADSProductAPIs:API_ID:9" API_NAME="GET_ALL_NOTIFICATIONS" API_URL="/RestAPI/WC/Notification" MTCALL_NAME="mTCall" MTCALL_VALUE="getAllNotifications" IS_DB_SYNC_ENABLED="false" IS_HS_REQUIRED="false" IS_ALLOWED_ON_DEMO="true"/>
	<ADSProductAPIs PRODUCT_ID="ADSProducts:PRODUCT_ID:7" API_ID="ADSProductAPIs:API_ID:10" API_NAME="GET_NOTIFICATION_BY_NAME" API_URL="/RestAPI/WC/Notification" MTCALL_NAME="mTCall" MTCALL_VALUE="getNotification" IS_DB_SYNC_ENABLED="false" IS_HS_REQUIRED="false" IS_ALLOWED_ON_DEMO="true"/>
         
        <!-- ADS Features -->
        <ADSFeatures PARAM_ID="ADSFeatures:PARAM_ID:1" PRODUCT_ID="ADSProducts:PRODUCT_ID:7" FEATURE_NAME="CUSTOM_SSO" IS_ENABLED="true"/>
        <ADSFeatures PARAM_ID="ADSFeatures:PARAM_ID:2" PRODUCT_ID="ADSProducts:PRODUCT_ID:7" FEATURE_NAME="CENTRALIZED_MAIL_SETTINGS" DB_SYNC_MODULE_NAME="ADSMailSettings" IS_DB_SYNC_ENABLED="true"/>
        <ADSFeatures PARAM_ID="ADSFeatures:PARAM_ID:3" PRODUCT_ID="ADSProducts:PRODUCT_ID:7" FEATURE_NAME="CLICK_JACKING" IS_ENABLED="false"/>
        <ADSFeatures PARAM_ID="ADSFeatures:PARAM_ID:4" PRODUCT_ID="ADSProducts:PRODUCT_ID:7" FEATURE_NAME="HIGH_AVAILABILITY" IS_ENABLED="true"/>
        <ADSFeatures PARAM_ID="ADSFeatures:PARAM_ID:5" PRODUCT_ID="ADSProducts:PRODUCT_ID:7" FEATURE_NAME="SINGLE_APPSPANE" IS_ENABLED="true"/>
        
        <!--ADS Filter Params Entry-->
        <ADSFilterParams PARAM_ID="ADSFilterParams:PARAM_ID:1" PRODUCT_ID="ADSProducts:PRODUCT_ID:7" PARAM_NAME="URL_PATTERN" PARAM_VALUE=".*.html|.*.do"/>
        <ADSFilterParams PARAM_ID="ADSFilterParams:PARAM_ID:2" PRODUCT_ID="ADSProducts:PRODUCT_ID:7" PARAM_NAME="LOGOUT_URL" PARAM_VALUE="/SSOutAction.do|/logout.do"/>
        <ADSFilterParams PARAM_ID="ADSFilterParams:PARAM_ID:3" PRODUCT_ID="ADSProducts:PRODUCT_ID:7" PARAM_NAME="EXCLUDE_URL_PATTERN" PARAM_VALUE="/servlet/.*|/RestAPI/.*|/RestAPIResponse.do"/>
        <ADSFilterParams PARAM_ID="ADSFilterParams:PARAM_ID:4" PRODUCT_ID="ADSProducts:PRODUCT_ID:7" PARAM_NAME="TICKET_GENERATOR" PARAM_VALUE="com.manageengine.rmp.api.authentication.RMPTicketGenerator"/>
        <ADSFilterParams PARAM_ID="ADSFilterParams:PARAM_ID:5" PRODUCT_ID="ADSProducts:PRODUCT_ID:7" PARAM_NAME="CUSTOM_SSO_AUTH_CLASS" PARAM_VALUE="com.manageengine.rmp.api.authentication.RMPCustomSSOAuthenticator"/>
        <ADSFilterParams PARAM_ID="ADSFilterParams:PARAM_ID:6" PRODUCT_ID="ADSProducts:PRODUCT_ID:7" PARAM_NAME="API_URL_PATTERN" PARAM_VALUE="/RestAPI/.*"/>
        <ADSFilterParams PARAM_ID="ADSFilterParams:PARAM_ID:7" PRODUCT_ID="ADSProducts:PRODUCT_ID:7" PARAM_NAME="API_AUTHORIZATION" PARAM_VALUE="com.manageengine.rmp.api.APIAuthorization"/>
        <ADSFilterParams PARAM_ID="ADSFilterParams:PARAM_ID:8" PRODUCT_ID="ADSProducts:PRODUCT_ID:7" PARAM_NAME="API_ERROR_HANDLER" PARAM_VALUE="com.manageengine.rmp.api.APIErrorHandler"/>
        <ADSFilterParams PARAM_ID="ADSFilterParams:PARAM_ID:9" PRODUCT_ID="ADSProducts:PRODUCT_ID:7" PARAM_NAME="X-FRAME-OPTION" PARAM_VALUE="SAMEORIGIN"/>
        <ADSFilterParams PARAM_ID="ADSFilterParams:PARAM_ID:10" PRODUCT_ID="ADSProducts:PRODUCT_ID:7" PARAM_NAME="APPSPANE_EXCLUDE_URL_PATTERN" PARAM_VALUE="/.*.png|/.*.jpg|/.*.gif|/.*.ico|/.*.js|/.*.css|.*.jsp|/.*.txt|/.*.html|/servlet/.*|/RestAPI/.*|/Login.do|/AppsHome.do|/Home.do|/JumpToAction.do|/ADSLayout.do|/RestAPIResponse.do"/>
	<ADSFilterParams PARAM_ID="ADSFilterParams:PARAM_ID:11" PRODUCT_ID="ADSProducts:PRODUCT_ID:7" PARAM_NAME="APPSPANE_REDIRECT_URL" PARAM_VALUE="/"/>
	<ADSFilterParams PARAM_ID="ADSFilterParams:PARAM_ID:12" PRODUCT_ID="ADSProducts:PRODUCT_ID:7" PARAM_NAME="APPSPANE_HOMEPAGE_URL" PARAM_VALUE="/AppsHome.do"/>
	<ADSFilterParams PARAM_ID="ADSFilterParams:PARAM_ID:13" PRODUCT_ID="ADSProducts:PRODUCT_ID:7" PARAM_NAME="APPSPANE_URL_PATTERN" PARAM_VALUE="/.*"/>
</ProductAPIs>

