<?xml version="1.0" encoding="UTF-8"?>

<conf-files>

<ConfFile url="ADProducts.xml"/>
<ConfFile url="ProductParams.xml"/>
<ConfFile url="iamapps.xml" />
<ConfFile url="ADSProductAPIs.xml"/>

<ConfFile url="ADSProductParams.xml" />

<ConfFile url="popup/ADSObjectViewModel.xml" />
<ConfFile url="popup/ADSObjectType.xml" />
<ConfFile url="popup/ADSPopupMenuItems.xml" />
<ConfFile url="popup/ADSPopupSelection.xml" />
<ConfFile url="popup/ADSObjectPopup.xml" />
<ConfFile url="popup/ADSPopupTabs.xml" />
<ConfFile url="popup/ADSPopupAdvancedFilter.xml" />	
<ConfFile url="popup/ADSFilterToViewModel.xml" />
<ConfFile url="popup/ADSPopupMenuMapping.xml" />

<ConfFile url="delegation/ADSRoles.xml" />
<ConfFile url="delegation/ADSActions.xml" />
<ConfFile url="delegation/ADSRoleVsActions.xml" />
<ConfFile url="delegation/ADSTechnicianDelegatedRoles.xml" />

<ConfFile url="layout/ADSLayout.xml" />

<ConfFile url="AdAttributesDetails.xml" />
<ConfFile url="ADSCountries.xml" />
<ConfFile url="ADSService.xml" />
<ConfFile url="ADSSecretKeys.xml"/>
<ConfFile url="ADSDBSync.xml" />
<ConfFile url="ADSDBSyncModules.xml" />
<ConfFile url="ADSDBSyncModuleMapping.xml" />

<ConfFile url="ADSNotifications.xml" />
</conf-files>
<!--$Id$-->
