<?xml version="1.0" encoding="UTF-8"?>

<ADSActions>
    <ADSActionTypes TYPE_ID="ADSActionTypes:TYPE_ID:1" TYPE_NAME="Tabs"/>
    <ADSActionTypes TYPE_ID="ADSActionTypes:TYPE_ID:2" TYPE_NAME="SubTabs"/>
    <ADSActionTypes TYPE_ID="ADSActionTypes:TYPE_ID:3" TYPE_NAME="Domain Actions"/>
    <ADSActionTypes TYPE_ID="ADSActionTypes:TYPE_ID:4" TYPE_NAME="Common Actions"/>
    <!-- Main tabs -->
    <ADSActions ACTION_ID="ADSActions:ACTION_ID:1" ACTION_NAME="#/dashboard" DISPLAY_NAME="rmp.common.Dashboard" PARENT_ACTION_ID="0" ACTION_URL="/dashboard" PRIORITY="1" ACTION_TYPE_ID="ADSActionTypes:TYPE_ID:1"/>
    <ADSActions ACTION_ID="ADSActions:ACTION_ID:2" ACTION_NAME="#/activedirectory/backupsummary" DISPLAY_NAME="rmp.common.Recovery" PARENT_ACTION_ID="0" ACTION_URL="/dashboard" PRIORITY="2" ACTION_TYPE_ID="ADSActionTypes:TYPE_ID:1"/>
    <ADSActions ACTION_ID="ADSActions:ACTION_ID:73" ACTION_NAME="#/virtualenvironment/vconfiguration" DISPLAY_NAME="rmp.common.Virtual_Environment" PARENT_ACTION_ID="0" ACTION_URL="" PRIORITY="3" ACTION_TYPE_ID="ADSActionTypes:TYPE_ID:1"/>
    <ADSActions ACTION_ID="ADSActions:ACTION_ID:4" ACTION_NAME="#/admin/ntservice" DISPLAY_NAME="rmp.common.Admin" PARENT_ACTION_ID="0" ACTION_URL="" PRIORITY="5" ACTION_TYPE_ID="ADSActionTypes:TYPE_ID:1"/>
    <ADSActions ACTION_ID="ADSActions:ACTION_ID:5" ACTION_NAME="#/support" DISPLAY_NAME="rmp.common.Support" PARENT_ACTION_ID="0" ACTION_URL="" PRIORITY="6" ACTION_TYPE_ID="ADSActionTypes:TYPE_ID:1"/>
    <!-- Main tabs ends here-->
    <!-- Actions in dashboard-->
    <ADSActions ACTION_ID="ADSActions:ACTION_ID:6" ACTION_NAME="Quick(Initial) Backup in Dashboard with credential Update" DISPLAY_NAME="rmp.actions.dashboard_quick_backup_with_credential_update" PARENT_ACTION_ID="ADSActions:ACTION_ID:1" ACTION_URL="/QuickBackupNow/UpdateCredentials/Backup" PRIORITY="1" ACTION_TYPE_ID="ADSActionTypes:TYPE_ID:3"/>
    <ADSActions ACTION_ID="ADSActions:ACTION_ID:7" ACTION_NAME="Quick(Initial) Backup in Dashboard with out credential update" DISPLAY_NAME="rmp.actions.dashboard_quick_backup_without_credential_update" PARENT_ACTION_ID="ADSActions:ACTION_ID:1" ACTION_URL="/QuickBackupNow/Backup" PRIORITY="2" ACTION_TYPE_ID="ADSActionTypes:TYPE_ID:3"/>
    <ADSActions ACTION_ID="ADSActions:ACTION_ID:8" ACTION_NAME="Backup Now in Dashboard" DISPLAY_NAME="rmp.actions.dashboard_backup" PARENT_ACTION_ID="ADSActions:ACTION_ID:1" ACTION_URL="/BackupNow" PRIORITY="3" ACTION_TYPE_ID="ADSActionTypes:TYPE_ID:3"/>
    <ADSActions ACTION_ID="ADSActions:ACTION_ID:9" ACTION_NAME="Add domain in Dashboard" DISPLAY_NAME="rmp.actions.dashboard_add_domain" PARENT_ACTION_ID="ADSActions:ACTION_ID:1" ACTION_URL="/AddDomain/Add" PRIORITY="4" ACTION_TYPE_ID="ADSActionTypes:TYPE_ID:4"/>
    <ADSActions ACTION_ID="ADSActions:ACTION_ID:50" ACTION_NAME="Retry Backup in Dashboard" DISPLAY_NAME="rmp.actions.dashboard_retry_backup" PARENT_ACTION_ID="ADSActions:ACTION_ID:1" ACTION_URL="/RetryBackup" PRIORITY="5" ACTION_TYPE_ID="ADSActionTypes:TYPE_ID:3"/>
    <!-- Actions in dashboard ends here-->
    <!-- Sub tabs in Backup & Recovery-->
    <ADSActions ACTION_ID="ADSActions:ACTION_ID:10" ACTION_NAME="activedirectory.backupsummary" DISPLAY_NAME="rmp.common.Status" PARENT_ACTION_ID="ADSActions:ACTION_ID:2" ACTION_URL="/dashboard" PRIORITY="1" ACTION_TYPE_ID="ADSActionTypes:TYPE_ID:2"/>
    <ADSActions ACTION_ID="ADSActions:ACTION_ID:11" ACTION_NAME="activedirectory.restore" DISPLAY_NAME="rmp.common.Restore" PARENT_ACTION_ID="ADSActions:ACTION_ID:2" ACTION_URL="/restore/search" PRIORITY="2" ACTION_TYPE_ID="ADSActionTypes:TYPE_ID:2"/>
    <ADSActions ACTION_ID="ADSActions:ACTION_ID:12" ACTION_NAME="activedirectory.rollback" DISPLAY_NAME="rmp.common.Rollback" PARENT_ACTION_ID="ADSActions:ACTION_ID:2" ACTION_URL="/rollback" PRIORITY="3" ACTION_TYPE_ID="ADSActionTypes:TYPE_ID:2"/>
    <ADSActions ACTION_ID="ADSActions:ACTION_ID:13" ACTION_NAME="activedirectory.recyclebin" DISPLAY_NAME="rmp.common.Recycle_Bin" PARENT_ACTION_ID="ADSActions:ACTION_ID:2" ACTION_URL="/recyclebin" PRIORITY="4" ACTION_TYPE_ID="ADSActionTypes:TYPE_ID:2"/>
    <ADSActions ACTION_ID="ADSActions:ACTION_ID:51" ACTION_NAME="activedirectory.bmrconfiguration" DISPLAY_NAME="rmp.common.Bmr" PARENT_ACTION_ID="ADSActions:ACTION_ID:2" ACTION_URL="/BMRConfiguration.do" PRIORITY="5" ACTION_TYPE_ID="ADSActionTypes:TYPE_ID:2"/>
    <ADSActions ACTION_ID="ADSActions:ACTION_ID:52" ACTION_NAME="activedirectory.bmrsummary" DISPLAY_NAME="rmp.common.Status" PARENT_ACTION_ID="ADSActions:ACTION_ID:2" ACTION_URL="/BMRConfiguration.do" PRIORITY="6" ACTION_TYPE_ID="ADSActionTypes:TYPE_ID:2"/>
    <ADSActions ACTION_ID="ADSActions:ACTION_ID:53" ACTION_NAME="activedirectory.bmrrestore" DISPLAY_NAME="rmp.common.Baremetal" PARENT_ACTION_ID="ADSActions:ACTION_ID:2" ACTION_URL="/BMRConfiguration.do" PRIORITY="7" ACTION_TYPE_ID="ADSActionTypes:TYPE_ID:2"/>
    <ADSActions ACTION_ID="ADSActions:ACTION_ID:84" ACTION_NAME="activedirectory.bmrrepository" DISPLAY_NAME="rmp.common.BMRRepository" PARENT_ACTION_ID="ADSActions:ACTION_ID:2" ACTION_URL="/BMRConfiguration.do" PRIORITY="8" ACTION_TYPE_ID="ADSActionTypes:TYPE_ID:2"/>
    <ADSActions ACTION_ID="ADSActions:ACTION_ID:85" ACTION_NAME="activedirectory.licensemanagement" DISPLAY_NAME="rmp.license.License_Management" PARENT_ACTION_ID="ADSActions:ACTION_ID:2" ACTION_URL="" PRIORITY="8" ACTION_TYPE_ID="ADSActionTypes:TYPE_ID:2"/>
    <!-- Sub tabs in Backup & Recovery ends here-->
    <!-- Actions in Backup Explorer subtab-->
    <ADSActions ACTION_ID="ADSActions:ACTION_ID:14" ACTION_NAME="Revert changes" DISPLAY_NAME="rmp.actions.revert" PARENT_ACTION_ID="ADSActions:ACTION_ID:10" ACTION_URL="/Revert" PRIORITY="1" ACTION_TYPE_ID="ADSActionTypes:TYPE_ID:3"/>
    <!-- Actions in Backup Explorer subtab ends here-->
    <!-- Actions in Restore subtab-->
    <ADSActions ACTION_ID="ADSActions:ACTION_ID:15" ACTION_NAME="restoreAction" DISPLAY_NAME="rmp.actions.restore" PARENT_ACTION_ID="ADSActions:ACTION_ID:11" ACTION_URL="/restore/apply" PRIORITY="1" ACTION_TYPE_ID="ADSActionTypes:TYPE_ID:3"/>
    <!-- Actions in Restore subtab ends here-->
    <!-- Actions in Rollback subtab-->
    <ADSActions ACTION_ID="ADSActions:ACTION_ID:16" ACTION_NAME="rollbackAction" DISPLAY_NAME="rmp.actions.rollback" PARENT_ACTION_ID="ADSActions:ACTION_ID:12" ACTION_URL="/Rollback" PRIORITY="1" ACTION_TYPE_ID="ADSActionTypes:TYPE_ID:3"/>
    <ADSActions ACTION_ID="ADSActions:ACTION_ID:17" ACTION_NAME="backupAction" DISPLAY_NAME="rmp.actions.backup" PARENT_ACTION_ID="ADSActions:ACTION_ID:12" ACTION_URL="/AddNewRollback" PRIORITY="2" ACTION_TYPE_ID="ADSActionTypes:TYPE_ID:3"/>
    <!-- Actions in Rollback subtab ends here-->
    <!-- Actions in Recycle Bin subtab-->
    <ADSActions ACTION_ID="ADSActions:ACTION_ID:18" ACTION_NAME="recycle" DISPLAY_NAME="rmp.actions.recycle" PARENT_ACTION_ID="ADSActions:ACTION_ID:13" ACTION_URL="/Recycle" PRIORITY="1" ACTION_TYPE_ID="ADSActionTypes:TYPE_ID:3"/>
    <!-- Actions in Recycle Bin subtab ends here-->
    <!-- Sub tabs in Recovery-->
    <ADSActions ACTION_ID="ADSActions:ACTION_ID:19" ACTION_NAME="activedirectory.domainsettings" DISPLAY_NAME="rmp.common.Domain_Settings" PARENT_ACTION_ID="ADSActions:ACTION_ID:2" ACTION_URL="/domainSettingsShow" PRIORITY="9" ACTION_TYPE_ID="ADSActionTypes:TYPE_ID:2"/>
    <ADSActions ACTION_ID="ADSActions:ACTION_ID:20" ACTION_NAME="activedirectory.backupsettings" DISPLAY_NAME="rmp.common.Backup_Settings" PARENT_ACTION_ID="ADSActions:ACTION_ID:2" ACTION_URL="/backupSettingsShow" PRIORITY="10" ACTION_TYPE_ID="ADSActionTypes:TYPE_ID:2"/>
    <ADSActions ACTION_ID="ADSActions:ACTION_ID:21" ACTION_NAME="activedirectory.recoverysettings" DISPLAY_NAME="rmp.common.Recovery_Settings" PARENT_ACTION_ID="ADSActions:ACTION_ID:2" ACTION_URL="/recoverySettingsShow" PRIORITY="11" ACTION_TYPE_ID="ADSActionTypes:TYPE_ID:2"/>
    <!-- <ADSActions ACTION_ID="ADSActions:ACTION_ID:45" ACTION_NAME="" DISPLAY_NAME="" PARENT_ACTION_ID="ADSActions:ACTION_ID:2" ACTION_URL="" PRIORITY="11" ACTION_TYPE_ID="ADSActionTypes:TYPE_ID:2"/> -->
    <ADSActions ACTION_ID="ADSActions:ACTION_ID:46" ACTION_NAME="activedirectory.customattributes" DISPLAY_NAME="rmp.common.Custom_Attributes" PARENT_ACTION_ID="ADSActions:ACTION_ID:2" ACTION_URL="/customattributes/*" PRIORITY="12" ACTION_TYPE_ID="ADSActionTypes:TYPE_ID:2"/>
    <ADSActions ACTION_ID="ADSActions:ACTION_ID:54" ACTION_NAME="View bmrSettings" DISPLAY_NAME="rmp.common.Bmr" PARENT_ACTION_ID="ADSActions:ACTION_ID:51" ACTION_URL="/BMRConfiguration.do" PRIORITY="2" ACTION_TYPE_ID="ADSActionTypes:TYPE_ID:3"/>
    <!-- Sub tabs in Recovery ends here-->
    <!-- Actions in bmrconfiguration subtab -->
    <ADSActions ACTION_ID="ADSActions:ACTION_ID:87" ACTION_NAME="Add_New_Server" DISPLAY_NAME="rmp.virtual.vconfiguration.addnewserver" PARENT_ACTION_ID="ADSActions:ACTION_ID:51" ACTION_URL="/BMRConfiguration.do/saveSchedule" PRIORITY="1" ACTION_TYPE_ID="ADSActionTypes:TYPE_ID:3"/>
    <ADSActions ACTION_ID="ADSActions:ACTION_ID:88" ACTION_NAME="Edit_Server" DISPLAY_NAME="rmp.virtual.vconfiguration.updateserver" PARENT_ACTION_ID="ADSActions:ACTION_ID:51" ACTION_URL="/BMRConfiguration.do/updateSchedule" PRIORITY="2" ACTION_TYPE_ID="ADSActionTypes:TYPE_ID:3"/>
    <ADSActions ACTION_ID="ADSActions:ACTION_ID:89" ACTION_NAME="Delete_Server" DISPLAY_NAME="rmp.virtual.vconfiguration.deleteserver" PARENT_ACTION_ID="ADSActions:ACTION_ID:51" ACTION_URL="/BMRConfiguration.do/uninstallAgent" PRIORITY="2" ACTION_TYPE_ID="ADSActionTypes:TYPE_ID:3"/>
    <ADSActions ACTION_ID="ADSActions:ACTION_ID:90" ACTION_NAME="Enable_Disable Server" DISPLAY_NAME="Toggle Server" PARENT_ACTION_ID="ADSActions:ACTION_ID:51" ACTION_URL="/BMRConfiguration.do/pauseOrResumeSchedule" PRIORITY="2" ACTION_TYPE_ID="ADSActionTypes:TYPE_ID:3"/>
    <ADSActions ACTION_ID="ADSActions:ACTION_ID:91" ACTION_NAME="Add_repository" DISPLAY_NAME="rmp.virtual.vbackup.addRepository" PARENT_ACTION_ID="ADSActions:ACTION_ID:51" ACTION_URL="/repositoryAction.do/addRepository" PRIORITY="1" ACTION_TYPE_ID="ADSActionTypes:TYPE_ID:4"/>
    <ADSActions ACTION_ID="ADSActions:ACTION_ID:92" ACTION_NAME="Backup_Now" DISPLAY_NAME="rmp.virtual.vbackup.vbackupnow" PARENT_ACTION_ID="ADSActions:ACTION_ID:51" ACTION_URL="/BMRConfiguration.do/checkCompletionStatus" PRIORITY="1" ACTION_TYPE_ID="ADSActionTypes:TYPE_ID:3"/>
    <ADSActions ACTION_ID="ADSActions:ACTION_ID:93" ACTION_NAME="Add_New_Unconfigured_Server" DISPLAY_NAME="Add New Unconfigured Server" PARENT_ACTION_ID="ADSActions:ACTION_ID:51" ACTION_URL="/BMRConfiguration.do/configureDC" PRIORITY="1" ACTION_TYPE_ID="ADSActionTypes:TYPE_ID:3"/>
    <ADSActions ACTION_ID="ADSActions:ACTION_ID:94" ACTION_NAME="Retry_Agent_Installation" DISPLAY_NAME="Retry Agent Installation" PARENT_ACTION_ID="ADSActions:ACTION_ID:51" ACTION_URL="/BMRConfiguration.do/firstInstall" PRIORITY="1" ACTION_TYPE_ID="ADSActionTypes:TYPE_ID:3"/>
    <ADSActions ACTION_ID="ADSActions:ACTION_ID:95" ACTION_NAME="Update_Interrupted_Status" DISPLAY_NAME="rmp.virtual.vbackup.createSchedule" PARENT_ACTION_ID="ADSActions:ACTION_ID:51" ACTION_URL="/BMRConfiguration.do/updateInterruptedBackupStatus" PRIORITY="1" ACTION_TYPE_ID="ADSActionTypes:TYPE_ID:3"/>
    <ADSActions ACTION_ID="ADSActions:ACTION_ID:115" ACTION_NAME="Update_Credentials" DISPLAY_NAME="update credentials" PARENT_ACTION_ID="ADSActions:ACTION_ID:51" ACTION_URL="/BMRConfiguration.do/updateCredentials" PRIORITY="1" ACTION_TYPE_ID="ADSActionTypes:TYPE_ID:3"/>
    <ADSActions ACTION_ID="ADSActions:ACTION_ID:120" ACTION_NAME="Upgrade_Agent" DISPLAY_NAME="upgrade agent" PARENT_ACTION_ID="ADSActions:ACTION_ID:51" ACTION_URL="/BMRConfiguration.do/updateAgent" PRIORITY="1" ACTION_TYPE_ID="ADSActionTypes:TYPE_ID:3"/>
    <!-- Actions in bmrconfiguration subtab ends here-->
    <!-- Actions in bmrrestore subtab -->
    <ADSActions ACTION_ID="ADSActions:ACTION_ID:96" ACTION_NAME="Restore_Now" DISPLAY_NAME="Restore Now" PARENT_ACTION_ID="ADSActions:ACTION_ID:53" ACTION_URL="/BMRConfiguration.do/validateSelectedVolumes" PRIORITY="1" ACTION_TYPE_ID="ADSActionTypes:TYPE_ID:3"/>
    <ADSActions ACTION_ID="ADSActions:ACTION_ID:97" ACTION_NAME="Merge_And_Mount" DISPLAY_NAME="Merge And Mount" PARENT_ACTION_ID="ADSActions:ACTION_ID:53" ACTION_URL="/BMRConfiguration.do/mergeAndMountBackups" PRIORITY="2" ACTION_TYPE_ID="ADSActionTypes:TYPE_ID:3"/>
    <ADSActions ACTION_ID="ADSActions:ACTION_ID:98" ACTION_NAME="Create_Iso" DISPLAY_NAME="Create Iso" PARENT_ACTION_ID="ADSActions:ACTION_ID:53" ACTION_URL="/BMRConfiguration.do/createIso" PRIORITY="2" ACTION_TYPE_ID="ADSActionTypes:TYPE_ID:4"/>
    <ADSActions ACTION_ID="ADSActions:ACTION_ID:99" ACTION_NAME="Check_Wim_File" DISPLAY_NAME="Check Wim File" PARENT_ACTION_ID="ADSActions:ACTION_ID:53" ACTION_URL="/BMRConfiguration.do/checkWimFile" PRIORITY="2" ACTION_TYPE_ID="ADSActionTypes:TYPE_ID:4"/>
    <ADSActions ACTION_ID="ADSActions:ACTION_ID:100" ACTION_NAME="Update_Interrupted_Restore_Status" DISPLAY_NAME="Update Interrupted Restore Status" PARENT_ACTION_ID="ADSActions:ACTION_ID:53" ACTION_URL="/BMRConfiguration.do/updateInterruptedRestoreStatus" PRIORITY="2" ACTION_TYPE_ID="ADSActionTypes:TYPE_ID:3"/>
    <ADSActions ACTION_ID="ADSActions:ACTION_ID:106" ACTION_NAME="Unmount_Drives" DISPLAY_NAME="Unmount Drives" PARENT_ACTION_ID="ADSActions:ACTION_ID:53" ACTION_URL="/BMRConfiguration.do/getRunningProcesses" PRIORITY="2" ACTION_TYPE_ID="ADSActionTypes:TYPE_ID:3"/>
    <ADSActions ACTION_ID="ADSActions:ACTION_ID:117" ACTION_NAME="get_Mounted_Point_Details" DISPLAY_NAME="Get Mounted Point Details" PARENT_ACTION_ID="ADSActions:ACTION_ID:53" ACTION_URL="/BMRConfiguration.do/getMountedPointDetails" PRIORITY="2" ACTION_TYPE_ID="ADSActionTypes:TYPE_ID:3"/>
    <!-- Actions in bmrrestore subtab ends here-->
    <!-- Actions in bmrrepository subtab -->
    <ADSActions ACTION_ID="ADSActions:ACTION_ID:101" ACTION_NAME="DELETE BMR REPOSITORY" DISPLAY_NAME="rmp.virtual.vbackup.deleteRepository" PARENT_ACTION_ID="ADSActions:ACTION_ID:84" ACTION_URL="/BMRConfiguration.do/bmrDeleteRepository" PRIORITY="1" ACTION_TYPE_ID="ADSActionTypes:TYPE_ID:4"/>
    <!-- Actions in bmrrepository subtab ends here-->
    <!-- Actions in licensemanagement subtab-->
    <ADSActions ACTION_ID="ADSActions:ACTION_ID:102" ACTION_NAME="Add_License" DISPLAY_NAME="add license" PARENT_ACTION_ID="ADSActions:ACTION_ID:85" ACTION_URL="/BMRConfiguration.do/applyLicense" PRIORITY="1" ACTION_TYPE_ID="ADSActionTypes:TYPE_ID:4"/>
    <!-- Actions in licensemanagement subtab ends here-->
    <!-- Actions in domain settings sub tab-->
    <ADSActions ACTION_ID="ADSActions:ACTION_ID:22" ACTION_NAME="Enable/Disable domain" DISPLAY_NAME="rmp.actions.enable_domain" PARENT_ACTION_ID="ADSActions:ACTION_ID:19" ACTION_URL="/DomainSettingsAction/EnableDomain" PRIORITY="1" ACTION_TYPE_ID="ADSActionTypes:TYPE_ID:3"/>
    <ADSActions ACTION_ID="ADSActions:ACTION_ID:23" ACTION_NAME="Add new domain" DISPLAY_NAME="rmp.actions.add_domain" PARENT_ACTION_ID="ADSActions:ACTION_ID:19" ACTION_URL="/AddDomain/Add" PRIORITY="2" ACTION_TYPE_ID="ADSActionTypes:TYPE_ID:4"/>
    <ADSActions ACTION_ID="ADSActions:ACTION_ID:24" ACTION_NAME="Edit domain" DISPLAY_NAME="rmp.actions.edit_domain" PARENT_ACTION_ID="ADSActions:ACTION_ID:19" ACTION_URL="/AddDomain/Edit" PRIORITY="3" ACTION_TYPE_ID="ADSActionTypes:TYPE_ID:3"/>
    <ADSActions ACTION_ID="ADSActions:ACTION_ID:25" ACTION_NAME="Update domain credentials" DISPLAY_NAME="rmp.actions.update_Credential" PARENT_ACTION_ID="ADSActions:ACTION_ID:19" ACTION_URL="/AddDomain/UpdateCredential" PRIORITY="4" ACTION_TYPE_ID="ADSActionTypes:TYPE_ID:3"/>
    <!-- Actions in domain settings sub tab ends here-->
    <!-- Actions in backup settings sub tab-->
    <ADSActions ACTION_ID="ADSActions:ACTION_ID:26" ACTION_NAME="Edit backup settings" DISPLAY_NAME="rmp.actions.edit_backup_settings" PARENT_ACTION_ID="ADSActions:ACTION_ID:20" ACTION_URL="/ConfigureBackupSettings/saveSchedule" PRIORITY="2" ACTION_TYPE_ID="ADSActionTypes:TYPE_ID:3"/>
    <ADSActions ACTION_ID="ADSActions:ACTION_ID:27" ACTION_NAME="Backup Settings/BackupNow" DISPLAY_NAME="rmp.actions.backup_settings_backup" PARENT_ACTION_ID="ADSActions:ACTION_ID:20" ACTION_URL="/BackupNow" PRIORITY="1" ACTION_TYPE_ID="ADSActionTypes:TYPE_ID:3"/>
    <!-- Actions in backup settings sub tab ends here-->
    <!-- Actions in custom attributes sub tab -->
    <ADSActions ACTION_ID="ADSActions:ACTION_ID:47" ACTION_NAME="add_custom_attributes" DISPLAY_NAME="Add Custom Attributes" PARENT_ACTION_ID="ADSActions:ACTION_ID:46" ACTION_URL="/ConfigureCustomAttributes/Add" PRIORITY="1" ACTION_TYPE_ID="ADSActionTypes:TYPE_ID:4"/>
    <ADSActions ACTION_ID="ADSActions:ACTION_ID:48" ACTION_NAME="edit_custom_attributes" DISPLAY_NAME="Edit Custom Attributes" PARENT_ACTION_ID="ADSActions:ACTION_ID:46" ACTION_URL="/ConfigureCustomAttributes/Edit" PRIORITY="2" ACTION_TYPE_ID="ADSActionTypes:TYPE_ID:4"/>
    <ADSActions ACTION_ID="ADSActions:ACTION_ID:49" ACTION_NAME="delete_custom_attributes" DISPLAY_NAME="Delete Custom Attributes" PARENT_ACTION_ID="ADSActions:ACTION_ID:46" ACTION_URL="/ConfigureCustomAttributes/Delete" PRIORITY="3" ACTION_TYPE_ID="ADSActionTypes:TYPE_ID:4"/>
    <!-- Actions in custom attributes sub tab ends here-->
    <!-- Actions in recovery settings sub tab-->
    <ADSActions ACTION_ID="ADSActions:ACTION_ID:28" ACTION_NAME="Edit recovery settings" DISPLAY_NAME="rmp.actions.edit_recovery_settings" PARENT_ACTION_ID="ADSActions:ACTION_ID:21" ACTION_URL="/recoverySettings/UPDATE" PRIORITY="1" ACTION_TYPE_ID="ADSActionTypes:TYPE_ID:3"/>
    <!-- Actions in recovery settings sub tab ends here-->
    <!-- Sub tabs in Admin-->
    <ADSActions ACTION_ID="ADSActions:ACTION_ID:29" ACTION_NAME="admin.ntservice" DISPLAY_NAME="rmp.common.nt_service" PARENT_ACTION_ID="ADSActions:ACTION_ID:4" ACTION_URL="" PRIORITY="1" ACTION_TYPE_ID="ADSActionTypes:TYPE_ID:2"/>
    <ADSActions ACTION_ID="ADSActions:ACTION_ID:30" ACTION_NAME="admin.serverconfiguration" DISPLAY_NAME="rmp.common.server" PARENT_ACTION_ID="ADSActions:ACTION_ID:4" ACTION_URL="/mailServer/GET" PRIORITY="2" ACTION_TYPE_ID="ADSActionTypes:TYPE_ID:2"/>
    <ADSActions ACTION_ID="ADSActions:ACTION_ID:31" ACTION_NAME="admin.productconfiguration" DISPLAY_NAME="rmp.common.connection" PARENT_ACTION_ID="ADSActions:ACTION_ID:4" ACTION_URL="/productConfiguration/GET" PRIORITY="3" ACTION_TYPE_ID="ADSActionTypes:TYPE_ID:2"/>
    <ADSActions ACTION_ID="ADSActions:ACTION_ID:32" ACTION_NAME="admin.notification" DISPLAY_NAME="rmp.common.notification" PARENT_ACTION_ID="ADSActions:ACTION_ID:4" ACTION_URL="/notifications/1" PRIORITY="4" ACTION_TYPE_ID="ADSActionTypes:TYPE_ID:2"/>
    <ADSActions ACTION_ID="ADSActions:ACTION_ID:33" ACTION_NAME="admin.technicians" DISPLAY_NAME="rmp.common.technicians" PARENT_ACTION_ID="ADSActions:ACTION_ID:4" ACTION_URL="/technicianAction.do" PRIORITY="5" ACTION_TYPE_ID="ADSActionTypes:TYPE_ID:2"/>
    <ADSActions ACTION_ID="ADSActions:ACTION_ID:78" ACTION_NAME="admin.dbdump" DISPLAY_NAME="rmp.common.dbdump" PARENT_ACTION_ID="ADSActions:ACTION_ID:4" ACTION_URL="/backupDBAction.do" PRIORITY="6" ACTION_TYPE_ID="ADSActionTypes:TYPE_ID:2"/>
    <!-- Sub tabs in Admin ends here-->
    <!-- Sub tabs in Virtual Environment-->
    <ADSActions ACTION_ID="ADSActions:ACTION_ID:74" ACTION_NAME="virtualenvironment.vconfiguration" DISPLAY_NAME="rmp.common.Vconfiguration" PARENT_ACTION_ID="ADSActions:ACTION_ID:73" ACTION_URL="" PRIORITY="1" ACTION_TYPE_ID="ADSActionTypes:TYPE_ID:2"/>
    <ADSActions ACTION_ID="ADSActions:ACTION_ID:75" ACTION_NAME="virtualenvironment.vbackup" DISPLAY_NAME="rmp.common.Vbackup" PARENT_ACTION_ID="ADSActions:ACTION_ID:73" ACTION_URL="" PRIORITY="2" ACTION_TYPE_ID="ADSActionTypes:TYPE_ID:2"/>
    <ADSActions ACTION_ID="ADSActions:ACTION_ID:76" ACTION_NAME="virtualenvironment.vrestore" DISPLAY_NAME="rmp.common.Vrestore" PARENT_ACTION_ID="ADSActions:ACTION_ID:73" ACTION_URL="" PRIORITY="3" ACTION_TYPE_ID="ADSActionTypes:TYPE_ID:2"/>
    <ADSActions ACTION_ID="ADSActions:ACTION_ID:79" ACTION_NAME="virtualenvironment.hconfiguration" DISPLAY_NAME="rmp.common.Vconfiguration" PARENT_ACTION_ID="ADSActions:ACTION_ID:73" ACTION_URL="" PRIORITY="4" ACTION_TYPE_ID="ADSActionTypes:TYPE_ID:2"/>
    <ADSActions ACTION_ID="ADSActions:ACTION_ID:80" ACTION_NAME="virtualenvironment.hbackup" DISPLAY_NAME="rmp.common.Vbackup" PARENT_ACTION_ID="ADSActions:ACTION_ID:73" ACTION_URL="" PRIORITY="5" ACTION_TYPE_ID="ADSActionTypes:TYPE_ID:2"/>
    <ADSActions ACTION_ID="ADSActions:ACTION_ID:81" ACTION_NAME="virtualenvironment.hrestore" DISPLAY_NAME="rmp.common.Vrestore" PARENT_ACTION_ID="ADSActions:ACTION_ID:73" ACTION_URL="" PRIORITY="6" ACTION_TYPE_ID="ADSActionTypes:TYPE_ID:2"/>
    <ADSActions ACTION_ID="ADSActions:ACTION_ID:55" ACTION_NAME="virtualenvironment.lrepository" DISPLAY_NAME="rmp.common.Lrepository" PARENT_ACTION_ID="ADSActions:ACTION_ID:73" ACTION_URL="" PRIORITY="7" ACTION_TYPE_ID="ADSActionTypes:TYPE_ID:2"/>
    <ADSActions ACTION_ID="ADSActions:ACTION_ID:82" ACTION_NAME="virtualenvironment.srepository" DISPLAY_NAME="rmp.common.Srepository" PARENT_ACTION_ID="ADSActions:ACTION_ID:73" ACTION_URL="" PRIORITY="8" ACTION_TYPE_ID="ADSActionTypes:TYPE_ID:2"/>
    <ADSActions ACTION_ID="ADSActions:ACTION_ID:119" ACTION_NAME="virtualenvironment.vproxy" DISPLAY_NAME="rmp.common.Vproxy" PARENT_ACTION_ID="ADSActions:ACTION_ID:73" ACTION_URL="" PRIORITY="11" ACTION_TYPE_ID="ADSActionTypes:TYPE_ID:2"/>
    <ADSActions ACTION_ID="ADSActions:ACTION_ID:83" ACTION_NAME="virtualenvironment.license" DISPLAY_NAME="rmp.common.License_Management" PARENT_ACTION_ID="ADSActions:ACTION_ID:73" ACTION_URL="" PRIORITY="9" ACTION_TYPE_ID="ADSActionTypes:TYPE_ID:2"/>
    <ADSActions ACTION_ID="ADSActions:ACTION_ID:118" ACTION_NAME="virtualenvironment.vrecover" DISPLAY_NAME="rmp.common.Vrecover" PARENT_ACTION_ID="ADSActions:ACTION_ID:73" ACTION_URL="" PRIORITY="10" ACTION_TYPE_ID="ADSActionTypes:TYPE_ID:2"/>
    <!-- Sub tabs in Virtual Environment ends here-->
    <!-- Actions in vconfiguration subtab -->
    <ADSActions ACTION_ID="ADSActions:ACTION_ID:56" ACTION_NAME="Add New Server" DISPLAY_NAME="rmp.virtual.vconfiguration.addnewserver" PARENT_ACTION_ID="ADSActions:ACTION_ID:74" ACTION_URL="/virtualConfiguration.do/addNewServer" PRIORITY="1" ACTION_TYPE_ID="ADSActionTypes:TYPE_ID:4"/>
    <ADSActions ACTION_ID="ADSActions:ACTION_ID:57" ACTION_NAME="Edit Server" DISPLAY_NAME="rmp.virtual.vconfiguration.updateserver" PARENT_ACTION_ID="ADSActions:ACTION_ID:74" ACTION_URL="/virtualConfiguration.do/updateServer" PRIORITY="2" ACTION_TYPE_ID="ADSActionTypes:TYPE_ID:4"/>
    <ADSActions ACTION_ID="ADSActions:ACTION_ID:58" ACTION_NAME="Delete Server" DISPLAY_NAME="rmp.virtual.vconfiguration.deleteserver" PARENT_ACTION_ID="ADSActions:ACTION_ID:74" ACTION_URL="/virtualConfiguration.do/deleteServer" PRIORITY="2" ACTION_TYPE_ID="ADSActionTypes:TYPE_ID:4"/>
    <ADSActions ACTION_ID="ADSActions:ACTION_ID:59" ACTION_NAME="Enable Disable Server" DISPLAY_NAME="rmp.virtual.vconfiguration.enabledisableserver" PARENT_ACTION_ID="ADSActions:ACTION_ID:74" ACTION_URL="/virtualConfiguration.do/enableDisableServer" PRIORITY="2" ACTION_TYPE_ID="ADSActionTypes:TYPE_ID:4"/>
    <ADSActions ACTION_ID="ADSActions:ACTION_ID:60" ACTION_NAME="Apply License" DISPLAY_NAME="rmp.virtual.vconfiguration.applylicense" PARENT_ACTION_ID="ADSActions:ACTION_ID:74" ACTION_URL="/configurationUtil.do/applyLicense" PRIORITY="2" ACTION_TYPE_ID="ADSActionTypes:TYPE_ID:4"/>
    <!-- Actions in vconfiguration subtab ends here-->
    <!-- Actions in hconfiguration subtab -->
    <ADSActions ACTION_ID="ADSActions:ACTION_ID:107" ACTION_NAME="Add New Server" DISPLAY_NAME="rmp.virtual.vconfiguration.addnewserver" PARENT_ACTION_ID="ADSActions:ACTION_ID:79" ACTION_URL="/hypervConfiguration.do/addNewServer" PRIORITY="1" ACTION_TYPE_ID="ADSActionTypes:TYPE_ID:4"/>
    <ADSActions ACTION_ID="ADSActions:ACTION_ID:108" ACTION_NAME="Edit Server" DISPLAY_NAME="rmp.virtual.vconfiguration.updateserver" PARENT_ACTION_ID="ADSActions:ACTION_ID:79" ACTION_URL="/hypervConfiguration.do/updateServer" PRIORITY="2" ACTION_TYPE_ID="ADSActionTypes:TYPE_ID:4"/>
    <ADSActions ACTION_ID="ADSActions:ACTION_ID:109" ACTION_NAME="Delete Server" DISPLAY_NAME="rmp.virtual.vconfiguration.deleteserver" PARENT_ACTION_ID="ADSActions:ACTION_ID:79" ACTION_URL="/hypervConfiguration.do/deleteServer" PRIORITY="2" ACTION_TYPE_ID="ADSActionTypes:TYPE_ID:4"/>
    <!-- Actions in hconfiguration subtab ends here-->
    <!-- Actions in vbackup subtab -->
    <ADSActions ACTION_ID="ADSActions:ACTION_ID:61" ACTION_NAME="Create New Schedule" DISPLAY_NAME="rmp.virtual.vbackup.createSchedule" PARENT_ACTION_ID="ADSActions:ACTION_ID:75" ACTION_URL="/virtualBackup.do/createSchedule" PRIORITY="1" ACTION_TYPE_ID="ADSActionTypes:TYPE_ID:4"/>
    <ADSActions ACTION_ID="ADSActions:ACTION_ID:62" ACTION_NAME="Update Schedule" DISPLAY_NAME="rmp.virtual.vbackup.updateSchedule" PARENT_ACTION_ID="ADSActions:ACTION_ID:75" ACTION_URL="/virtualBackup.do/updateSchedule" PRIORITY="1" ACTION_TYPE_ID="ADSActionTypes:TYPE_ID:4"/>
    <ADSActions ACTION_ID="ADSActions:ACTION_ID:64" ACTION_NAME="Virtual Backup Now" DISPLAY_NAME="rmp.virtual.vbackup.vbackupnow" PARENT_ACTION_ID="ADSActions:ACTION_ID:75" ACTION_URL="/backupUtil.do/backupNow" PRIORITY="1" ACTION_TYPE_ID="ADSActionTypes:TYPE_ID:4"/>
    <ADSActions ACTION_ID="ADSActions:ACTION_ID:65" ACTION_NAME="Enable Diable Backup" DISPLAY_NAME="rmp.virtual.vbackup.enabledisablebackup" PARENT_ACTION_ID="ADSActions:ACTION_ID:75" ACTION_URL="/backupUtil.do/enableDisableBackup" PRIORITY="1" ACTION_TYPE_ID="ADSActionTypes:TYPE_ID:4"/>
    <ADSActions ACTION_ID="ADSActions:ACTION_ID:66" ACTION_NAME="Delete Backup" DISPLAY_NAME="rmp.virtual.vbackup.deleteBackup" PARENT_ACTION_ID="ADSActions:ACTION_ID:75" ACTION_URL="/virtualBackup.do/deleteBackup" PRIORITY="1" ACTION_TYPE_ID="ADSActionTypes:TYPE_ID:4"/>
    <!-- Actions in vbackup subtab ends here-->
    <!-- Actions in hbackup subtab -->
    <ADSActions ACTION_ID="ADSActions:ACTION_ID:110" ACTION_NAME="Create New Schedule" DISPLAY_NAME="rmp.virtual.vbackup.createSchedule" PARENT_ACTION_ID="ADSActions:ACTION_ID:80" ACTION_URL="/hypervBackup.do/createSchedule" PRIORITY="1" ACTION_TYPE_ID="ADSActionTypes:TYPE_ID:4"/>
    <ADSActions ACTION_ID="ADSActions:ACTION_ID:111" ACTION_NAME="Update Schedule" DISPLAY_NAME="rmp.virtual.vbackup.updateSchedule" PARENT_ACTION_ID="ADSActions:ACTION_ID:80" ACTION_URL="/hypervBackup.do/updateSchedule" PRIORITY="1" ACTION_TYPE_ID="ADSActionTypes:TYPE_ID:4"/>
    <ADSActions ACTION_ID="ADSActions:ACTION_ID:63" ACTION_NAME="Add repository" DISPLAY_NAME="rmp.virtual.vbackup.addRepository" PARENT_ACTION_ID="ADSActions:ACTION_ID:80" ACTION_URL="/hypervBackup.do/addRepository" PRIORITY="1" ACTION_TYPE_ID="ADSActionTypes:TYPE_ID:4"/>
    <ADSActions ACTION_ID="ADSActions:ACTION_ID:112" ACTION_NAME="Delete Backup" DISPLAY_NAME="rmp.virtual.vbackup.deleteBackup" PARENT_ACTION_ID="ADSActions:ACTION_ID:80" ACTION_URL="/hypervBackup.do/deleteBackup" PRIORITY="1" ACTION_TYPE_ID="ADSActionTypes:TYPE_ID:4"/>
    <!-- Actions in hbackup subtab ends here-->
    <!-- Actions in vrepository subtab -->
    <ADSActions ACTION_ID="ADSActions:ACTION_ID:67" ACTION_NAME="TOGGLE REPOSITORY" DISPLAY_NAME="rmp.virtual.vbackup.toggleRepository" PARENT_ACTION_ID="ADSActions:ACTION_ID:55" ACTION_URL="/repositoryAction.do/toggleRepository" PRIORITY="1" ACTION_TYPE_ID="ADSActionTypes:TYPE_ID:4"/>
    <ADSActions ACTION_ID="ADSActions:ACTION_ID:68" ACTION_NAME="ADD REPOSITORY" DISPLAY_NAME="rmp.virtual.vbackup.addRepository" PARENT_ACTION_ID="ADSActions:ACTION_ID:55" ACTION_URL="/repositoryAction.do/addRepository" PRIORITY="1" ACTION_TYPE_ID="ADSActionTypes:TYPE_ID:4"/>
    <ADSActions ACTION_ID="ADSActions:ACTION_ID:69" ACTION_NAME="EDIT REPOSITORY" DISPLAY_NAME="rmp.virtual.vbackup.editRepository" PARENT_ACTION_ID="ADSActions:ACTION_ID:55" ACTION_URL="/repositoryAction.do/editRepository" PRIORITY="1" ACTION_TYPE_ID="ADSActionTypes:TYPE_ID:4"/>
    <ADSActions ACTION_ID="ADSActions:ACTION_ID:70" ACTION_NAME="DELETE REPOSITORY" DISPLAY_NAME="rmp.virtual.vbackup.deleteRepository" PARENT_ACTION_ID="ADSActions:ACTION_ID:55" ACTION_URL="/repositoryAction.do/deleteRepository" PRIORITY="1" ACTION_TYPE_ID="ADSActionTypes:TYPE_ID:4"/>
    <!-- Actions in vrepository subtab ends here-->
    <!-- Actions in vrestore subtab -->
    <ADSActions ACTION_ID="ADSActions:ACTION_ID:71" ACTION_NAME="CREATE RESTORE" DISPLAY_NAME="rmp.virtual.vbackup.createRestore" PARENT_ACTION_ID="ADSActions:ACTION_ID:76" ACTION_URL="/virtualRestore.do/createRestore" PRIORITY="1" ACTION_TYPE_ID="ADSActionTypes:TYPE_ID:4"/>
    <ADSActions ACTION_ID="ADSActions:ACTION_ID:72" ACTION_NAME="RETRY RESTORE" DISPLAY_NAME="rmp.virtual.vbackup.retryRestore" PARENT_ACTION_ID="ADSActions:ACTION_ID:76" ACTION_URL="/restoreUtil.do/retryRestore" PRIORITY="1" ACTION_TYPE_ID="ADSActionTypes:TYPE_ID:4"/>
    <ADSActions ACTION_ID="ADSActions:ACTION_ID:77" ACTION_NAME="CREATE REVERT" DISPLAY_NAME="rmp.virtual.vbackup.createRevert" PARENT_ACTION_ID="ADSActions:ACTION_ID:76" ACTION_URL="/virtualRestore.do/createRevert" PRIORITY="1" ACTION_TYPE_ID="ADSActionTypes:TYPE_ID:4"/>
    <ADSActions ACTION_ID="ADSActions:ACTION_ID:86" ACTION_NAME="CHECK VM NAME" DISPLAY_NAME="rmp.virtual.vbackup.checkvmname" PARENT_ACTION_ID="ADSActions:ACTION_ID:76" ACTION_URL="/virtualRestore.do/checkVMName" PRIORITY="1" ACTION_TYPE_ID="ADSActionTypes:TYPE_ID:4"/>
    <ADSActions ACTION_ID="ADSActions:ACTION_ID:103" ACTION_NAME="LIVE MIGRATION" DISPLAY_NAME="rmp.virtual.vbackup.livemigrate" PARENT_ACTION_ID="ADSActions:ACTION_ID:76" ACTION_URL="/virtualRestore.do/liveMigrateVM" PRIORITY="1" ACTION_TYPE_ID="ADSActionTypes:TYPE_ID:4"/>
    <ADSActions ACTION_ID="ADSActions:ACTION_ID:104" ACTION_NAME="MOUNT VM BACKUP" DISPLAY_NAME="rmp.virtual.vbackup.mountvmbackup" PARENT_ACTION_ID="ADSActions:ACTION_ID:76" ACTION_URL="/virtualRestore.do/mountBackup" PRIORITY="1" ACTION_TYPE_ID="ADSActionTypes:TYPE_ID:4"/>
    <ADSActions ACTION_ID="ADSActions:ACTION_ID:105" ACTION_NAME="INITIATE FLR" DISPLAY_NAME="rmp.virtual.vbackup.initiateflr" PARENT_ACTION_ID="ADSActions:ACTION_ID:76" ACTION_URL="/virtualRestore.do/initiateFlr" PRIORITY="1" ACTION_TYPE_ID="ADSActionTypes:TYPE_ID:4"/>
    <!-- Actions in vrestore subtab ends here-->
    <!-- Actions in vrestore subtab -->
    <ADSActions ACTION_ID="ADSActions:ACTION_ID:113" ACTION_NAME="CREATE RESTORE" DISPLAY_NAME="rmp.virtual.vbackup.createRestore" PARENT_ACTION_ID="ADSActions:ACTION_ID:81" ACTION_URL="/hypervRestore.do/createRestore" PRIORITY="1" ACTION_TYPE_ID="ADSActionTypes:TYPE_ID:4"/>
    <ADSActions ACTION_ID="ADSActions:ACTION_ID:114" ACTION_NAME="CHECK VM NAME" DISPLAY_NAME="rmp.virtual.vbackup.checkvmname" PARENT_ACTION_ID="ADSActions:ACTION_ID:81" ACTION_URL="/hypervRestore.do/checkVMName" PRIORITY="1" ACTION_TYPE_ID="ADSActionTypes:TYPE_ID:4"/>
    <ADSActions ACTION_ID="ADSActions:ACTION_ID:116" ACTION_NAME="MOUNT VM BACKUP" DISPLAY_NAME="rmp.virtual.vbackup.mountvmbackup" PARENT_ACTION_ID="ADSActions:ACTION_ID:81" ACTION_URL="/hypervRestore.do/mountBackup" PRIORITY="1" ACTION_TYPE_ID="ADSActionTypes:TYPE_ID:4"/>
    <!-- Actions in vrestore subtab ends here-->
    <!-- Actions in vrecover subtab -->
    <ADSActions ACTION_ID="ADSActions:ACTION_ID:121" ACTION_NAME="MIGRATE VM" DISPLAY_NAME="rmp.virtual.vrecover.migratevm" PARENT_ACTION_ID="ADSActions:ACTION_ID:118" ACTION_URL="/virtualRestore.do/verifyMigrationInfo" PRIORITY="1" ACTION_TYPE_ID="ADSActionTypes:TYPE_ID:4"/>
    <ADSActions ACTION_ID="ADSActions:ACTION_ID:122" ACTION_NAME="UNREGISTER VM" DISPLAY_NAME="rmp.virtual.vrecover.unregistervm" PARENT_ACTION_ID="ADSActions:ACTION_ID:118" ACTION_URL="/virtualRestore.do/verifyStopPublishing" PRIORITY="1" ACTION_TYPE_ID="ADSActionTypes:TYPE_ID:4"/>
    <ADSActions ACTION_ID="ADSActions:ACTION_ID:123" ACTION_NAME="CREATE INSTANT RECOVERY" DISPLAY_NAME="rmp.virtual.vrecover.createinstantrecovery" PARENT_ACTION_ID="ADSActions:ACTION_ID:118" ACTION_URL="/virtualRestore.do/verifyIRdata" PRIORITY="1" ACTION_TYPE_ID="ADSActionTypes:TYPE_ID:4"/>
    <!-- Actions in vrecover subtab ends here-->
    <!-- Actions in vproxy subtab -->
    <ADSActions ACTION_ID="ADSActions:ACTION_ID:124" ACTION_NAME="EDIT CONFIGURATION" DISPLAY_NAME="rmp.virtual.vproxy.editconfiguration" PARENT_ACTION_ID="ADSActions:ACTION_ID:119" ACTION_URL="/repositoryAction.do/validateRepository" PRIORITY="1" ACTION_TYPE_ID="ADSActionTypes:TYPE_ID:4"/>
    <ADSActions ACTION_ID="ADSActions:ACTION_ID:125" ACTION_NAME="DELETE PROXY" DISPLAY_NAME="rmp.virtual.vproxy.deleteproxy" PARENT_ACTION_ID="ADSActions:ACTION_ID:119" ACTION_URL="/repositoryAction.do/deleteNfsServer" PRIORITY="1" ACTION_TYPE_ID="ADSActionTypes:TYPE_ID:4"/>
    <ADSActions ACTION_ID="ADSActions:ACTION_ID:126" ACTION_NAME="ADD PROXY" DISPLAY_NAME="rmp.virtual.vproxy.addproxy" PARENT_ACTION_ID="ADSActions:ACTION_ID:119" ACTION_URL="/repositoryAction.do/addNfsServer" PRIORITY="1" ACTION_TYPE_ID="ADSActionTypes:TYPE_ID:4"/>
    <!-- Actions in vproxy subtab ends here-->
    <!-- Actions in server subtab-->
    <ADSActions ACTION_ID="ADSActions:ACTION_ID:34" ACTION_NAME="Save mail server configuration" DISPLAY_NAME="rmp.actions.save_mail_server_config" PARENT_ACTION_ID="ADSActions:ACTION_ID:30" ACTION_URL="/mailServer/SAVE" PRIORITY="1" ACTION_TYPE_ID="ADSActionTypes:TYPE_ID:4"/>
    <!-- Actions in server subtab ends here-->
    <!-- Actions in connection subtab-->
    <ADSActions ACTION_ID="ADSActions:ACTION_ID:35" ACTION_NAME="Save connection settings" DISPLAY_NAME="rmp.actions.save_connection_settings" PARENT_ACTION_ID="ADSActions:ACTION_ID:31" ACTION_URL="/productConfiguration/SAVE" PRIORITY="1" ACTION_TYPE_ID="ADSActionTypes:TYPE_ID:4"/>
    <!-- Actions in connection subtab ends here-->
    <!-- Actions in technicians subtab-->
    <ADSActions ACTION_ID="ADSActions:ACTION_ID:36" ACTION_NAME="Technicians management" DISPLAY_NAME="rmp.actions.technician_management" PARENT_ACTION_ID="ADSActions:ACTION_ID:33" ACTION_URL="/technicianAction.do" PRIORITY="1" ACTION_TYPE_ID="ADSActionTypes:TYPE_ID:4"/>
    <ADSActions ACTION_ID="ADSActions:ACTION_ID:37" ACTION_NAME="Create Technicians" DISPLAY_NAME="rmp.actions.create_technician" PARENT_ACTION_ID="ADSActions:ACTION_ID:33" ACTION_URL="/technicianAction.do/createTechnicians" PRIORITY="2" ACTION_TYPE_ID="ADSActionTypes:TYPE_ID:4"/>
    <ADSActions ACTION_ID="ADSActions:ACTION_ID:38" ACTION_NAME="Modify Technician" DISPLAY_NAME="rmp.actions.modify_technician" PARENT_ACTION_ID="ADSActions:ACTION_ID:33" ACTION_URL="/technicianAction.do/modifyTechnician" PRIORITY="3" ACTION_TYPE_ID="ADSActionTypes:TYPE_ID:4"/>
    <ADSActions ACTION_ID="ADSActions:ACTION_ID:39" ACTION_NAME="Delete Technician" DISPLAY_NAME="rmp.actions.delete_technician" PARENT_ACTION_ID="ADSActions:ACTION_ID:33" ACTION_URL="/technicianAction.do/deleteTechnician" PRIORITY="4" ACTION_TYPE_ID="ADSActionTypes:TYPE_ID:4"/>
    <!-- Actions in technicians subtab ends here-->
    <ADSActions ACTION_ID="ADSActions:ACTION_ID:40" ACTION_NAME="license" DISPLAY_NAME="rmp.license.license" PARENT_ACTION_ID="ADSActions:ACTION_ID:4" ACTION_URL="/License" PRIORITY="5" ACTION_TYPE_ID="ADSActionTypes:TYPE_ID:4"/>

    <!-- Actions defining view permmission in settings tab-->
    <ADSActions ACTION_ID="ADSActions:ACTION_ID:41" ACTION_NAME="View domainSettings" DISPLAY_NAME="rmp.common.Domain_Settings" PARENT_ACTION_ID="ADSActions:ACTION_ID:19" ACTION_URL="/domainSettingsShow" PRIORITY="5" ACTION_TYPE_ID="ADSActionTypes:TYPE_ID:3"/>
    <ADSActions ACTION_ID="ADSActions:ACTION_ID:42" ACTION_NAME="View backupSettings" DISPLAY_NAME="rmp.common.Backup_Settings" PARENT_ACTION_ID="ADSActions:ACTION_ID:20" ACTION_URL="/backupSettingsShow" PRIORITY="3" ACTION_TYPE_ID="ADSActionTypes:TYPE_ID:3"/>
    <ADSActions ACTION_ID="ADSActions:ACTION_ID:43" ACTION_NAME="View recoverySettings" DISPLAY_NAME="rmp.common.Recovery_Settings" PARENT_ACTION_ID="ADSActions:ACTION_ID:21" ACTION_URL="/recoverySettingsShow" PRIORITY="2" ACTION_TYPE_ID="ADSActionTypes:TYPE_ID:3"/>
    <ADSActions ACTION_ID="ADSActions:ACTION_ID:44" ACTION_NAME="View customAttributes" DISPLAY_NAME="rmp.common.Recovery_Settings" PARENT_ACTION_ID="ADSActions:ACTION_ID:46" ACTION_URL="/CustomAttributesServ/*" PRIORITY="7" ACTION_TYPE_ID="ADSActionTypes:TYPE_ID:3"/>
    <!-- Actions defining view permmission in settings tab ends here-->

</ADSActions>
