<?xml version="1.0" encoding="UTF-8"?>
<ADSRoleVsActions>
    <!-- Actions for Admin(ROLE_ID=1)-->
    <ADSRoleVsActions ROLE_ID="ADSRoles:ROLE_ID:1" ACTION_ID="ADSActions:ACTION_ID:1"/>
    <ADSRoleVsActions ROLE_ID="ADSRoles:ROLE_ID:1" ACTION_ID="ADSActions:ACTION_ID:2"/>
    <ADSRoleVsActions ROLE_ID="ADSRoles:ROLE_ID:1" ACTION_ID="ADSActions:ACTION_ID:4"/>
    <ADSRoleVsActions ROLE_ID="ADSRoles:ROLE_ID:1" ACTION_ID="ADSActions:ACTION_ID:5"/>
    <ADSRoleVsActions ROLE_ID="ADSRoles:ROLE_ID:1" ACTION_ID="ADSActions:ACTION_ID:6"/>
    <ADSRoleVsActions ROLE_ID="ADSRoles:ROLE_ID:1" ACTION_ID="ADSActions:ACTION_ID:7"/>
    <ADSRoleVsActions ROLE_ID="ADSRoles:ROLE_ID:1" ACTION_ID="ADSActions:ACTION_ID:8"/>
    <ADSRoleVsActions ROLE_ID="ADSRoles:ROLE_ID:1" ACTION_ID="ADSActions:ACTION_ID:9"/>
    <ADSRoleVsActions ROLE_ID="ADSRoles:ROLE_ID:1" ACTION_ID="ADSActions:ACTION_ID:10"/>
    <ADSRoleVsActions ROLE_ID="ADSRoles:ROLE_ID:1" ACTION_ID="ADSActions:ACTION_ID:11"/>
    <ADSRoleVsActions ROLE_ID="ADSRoles:ROLE_ID:1" ACTION_ID="ADSActions:ACTION_ID:12"/>
    <ADSRoleVsActions ROLE_ID="ADSRoles:ROLE_ID:1" ACTION_ID="ADSActions:ACTION_ID:13"/>
    <ADSRoleVsActions ROLE_ID="ADSRoles:ROLE_ID:1" ACTION_ID="ADSActions:ACTION_ID:14"/>
    <ADSRoleVsActions ROLE_ID="ADSRoles:ROLE_ID:1" ACTION_ID="ADSActions:ACTION_ID:15"/>
    <ADSRoleVsActions ROLE_ID="ADSRoles:ROLE_ID:1" ACTION_ID="ADSActions:ACTION_ID:16"/>
    <ADSRoleVsActions ROLE_ID="ADSRoles:ROLE_ID:1" ACTION_ID="ADSActions:ACTION_ID:17"/>
    <ADSRoleVsActions ROLE_ID="ADSRoles:ROLE_ID:1" ACTION_ID="ADSActions:ACTION_ID:18"/>
    <ADSRoleVsActions ROLE_ID="ADSRoles:ROLE_ID:1" ACTION_ID="ADSActions:ACTION_ID:19"/>
    <ADSRoleVsActions ROLE_ID="ADSRoles:ROLE_ID:1" ACTION_ID="ADSActions:ACTION_ID:20"/>
    <ADSRoleVsActions ROLE_ID="ADSRoles:ROLE_ID:1" ACTION_ID="ADSActions:ACTION_ID:21"/>
    <ADSRoleVsActions ROLE_ID="ADSRoles:ROLE_ID:1" ACTION_ID="ADSActions:ACTION_ID:22"/>
    <ADSRoleVsActions ROLE_ID="ADSRoles:ROLE_ID:1" ACTION_ID="ADSActions:ACTION_ID:23"/>
    <ADSRoleVsActions ROLE_ID="ADSRoles:ROLE_ID:1" ACTION_ID="ADSActions:ACTION_ID:24"/>
    <ADSRoleVsActions ROLE_ID="ADSRoles:ROLE_ID:1" ACTION_ID="ADSActions:ACTION_ID:25"/>
    <ADSRoleVsActions ROLE_ID="ADSRoles:ROLE_ID:1" ACTION_ID="ADSActions:ACTION_ID:26"/>
    <ADSRoleVsActions ROLE_ID="ADSRoles:ROLE_ID:1" ACTION_ID="ADSActions:ACTION_ID:27"/>
    <ADSRoleVsActions ROLE_ID="ADSRoles:ROLE_ID:1" ACTION_ID="ADSActions:ACTION_ID:28"/>
    <ADSRoleVsActions ROLE_ID="ADSRoles:ROLE_ID:1" ACTION_ID="ADSActions:ACTION_ID:29"/>
    <ADSRoleVsActions ROLE_ID="ADSRoles:ROLE_ID:1" ACTION_ID="ADSActions:ACTION_ID:30"/>
    <ADSRoleVsActions ROLE_ID="ADSRoles:ROLE_ID:1" ACTION_ID="ADSActions:ACTION_ID:31"/>
    <ADSRoleVsActions ROLE_ID="ADSRoles:ROLE_ID:1" ACTION_ID="ADSActions:ACTION_ID:32"/>
    <ADSRoleVsActions ROLE_ID="ADSRoles:ROLE_ID:1" ACTION_ID="ADSActions:ACTION_ID:33"/>
    <ADSRoleVsActions ROLE_ID="ADSRoles:ROLE_ID:1" ACTION_ID="ADSActions:ACTION_ID:34"/>
    <ADSRoleVsActions ROLE_ID="ADSRoles:ROLE_ID:1" ACTION_ID="ADSActions:ACTION_ID:35"/>
    <ADSRoleVsActions ROLE_ID="ADSRoles:ROLE_ID:1" ACTION_ID="ADSActions:ACTION_ID:36"/>
    <ADSRoleVsActions ROLE_ID="ADSRoles:ROLE_ID:1" ACTION_ID="ADSActions:ACTION_ID:37"/>
    <ADSRoleVsActions ROLE_ID="ADSRoles:ROLE_ID:1" ACTION_ID="ADSActions:ACTION_ID:38"/>
    <ADSRoleVsActions ROLE_ID="ADSRoles:ROLE_ID:1" ACTION_ID="ADSActions:ACTION_ID:39"/>
    <ADSRoleVsActions ROLE_ID="ADSRoles:ROLE_ID:1" ACTION_ID="ADSActions:ACTION_ID:40"/>
    <ADSRoleVsActions ROLE_ID="ADSRoles:ROLE_ID:1" ACTION_ID="ADSActions:ACTION_ID:41"/>
    <ADSRoleVsActions ROLE_ID="ADSRoles:ROLE_ID:1" ACTION_ID="ADSActions:ACTION_ID:42"/>
    <ADSRoleVsActions ROLE_ID="ADSRoles:ROLE_ID:1" ACTION_ID="ADSActions:ACTION_ID:43"/>
    <ADSRoleVsActions ROLE_ID="ADSRoles:ROLE_ID:1" ACTION_ID="ADSActions:ACTION_ID:44"/>
    <ADSRoleVsActions ROLE_ID="ADSRoles:ROLE_ID:1" ACTION_ID="ADSActions:ACTION_ID:46"/>
    <ADSRoleVsActions ROLE_ID="ADSRoles:ROLE_ID:1" ACTION_ID="ADSActions:ACTION_ID:47"/>
    <ADSRoleVsActions ROLE_ID="ADSRoles:ROLE_ID:1" ACTION_ID="ADSActions:ACTION_ID:48"/>
    <ADSRoleVsActions ROLE_ID="ADSRoles:ROLE_ID:1" ACTION_ID="ADSActions:ACTION_ID:49"/>
    <ADSRoleVsActions ROLE_ID="ADSRoles:ROLE_ID:1" ACTION_ID="ADSActions:ACTION_ID:50"/>
    <ADSRoleVsActions ROLE_ID="ADSRoles:ROLE_ID:1" ACTION_ID="ADSActions:ACTION_ID:51"/>
    <ADSRoleVsActions ROLE_ID="ADSRoles:ROLE_ID:1" ACTION_ID="ADSActions:ACTION_ID:52"/>
    <ADSRoleVsActions ROLE_ID="ADSRoles:ROLE_ID:1" ACTION_ID="ADSActions:ACTION_ID:53"/>
    <ADSRoleVsActions ROLE_ID="ADSRoles:ROLE_ID:1" ACTION_ID="ADSActions:ACTION_ID:54"/>
    <ADSRoleVsActions ROLE_ID="ADSRoles:ROLE_ID:1" ACTION_ID="ADSActions:ACTION_ID:55"/>
    <ADSRoleVsActions ROLE_ID="ADSRoles:ROLE_ID:1" ACTION_ID="ADSActions:ACTION_ID:56"/>
    <ADSRoleVsActions ROLE_ID="ADSRoles:ROLE_ID:1" ACTION_ID="ADSActions:ACTION_ID:57"/>
    <ADSRoleVsActions ROLE_ID="ADSRoles:ROLE_ID:1" ACTION_ID="ADSActions:ACTION_ID:58"/>
    <ADSRoleVsActions ROLE_ID="ADSRoles:ROLE_ID:1" ACTION_ID="ADSActions:ACTION_ID:59"/>
    <ADSRoleVsActions ROLE_ID="ADSRoles:ROLE_ID:1" ACTION_ID="ADSActions:ACTION_ID:60"/>
    <ADSRoleVsActions ROLE_ID="ADSRoles:ROLE_ID:1" ACTION_ID="ADSActions:ACTION_ID:61"/>
    <ADSRoleVsActions ROLE_ID="ADSRoles:ROLE_ID:1" ACTION_ID="ADSActions:ACTION_ID:62"/>
    <ADSRoleVsActions ROLE_ID="ADSRoles:ROLE_ID:1" ACTION_ID="ADSActions:ACTION_ID:63"/>
    <ADSRoleVsActions ROLE_ID="ADSRoles:ROLE_ID:1" ACTION_ID="ADSActions:ACTION_ID:64"/>
    <ADSRoleVsActions ROLE_ID="ADSRoles:ROLE_ID:1" ACTION_ID="ADSActions:ACTION_ID:65"/>
    <ADSRoleVsActions ROLE_ID="ADSRoles:ROLE_ID:1" ACTION_ID="ADSActions:ACTION_ID:66"/>
    <ADSRoleVsActions ROLE_ID="ADSRoles:ROLE_ID:1" ACTION_ID="ADSActions:ACTION_ID:67"/>
    <ADSRoleVsActions ROLE_ID="ADSRoles:ROLE_ID:1" ACTION_ID="ADSActions:ACTION_ID:68"/>
    <ADSRoleVsActions ROLE_ID="ADSRoles:ROLE_ID:1" ACTION_ID="ADSActions:ACTION_ID:69"/>
    <ADSRoleVsActions ROLE_ID="ADSRoles:ROLE_ID:1" ACTION_ID="ADSActions:ACTION_ID:70"/>
    <ADSRoleVsActions ROLE_ID="ADSRoles:ROLE_ID:1" ACTION_ID="ADSActions:ACTION_ID:71"/>
    <ADSRoleVsActions ROLE_ID="ADSRoles:ROLE_ID:1" ACTION_ID="ADSActions:ACTION_ID:72"/>
    <ADSRoleVsActions ROLE_ID="ADSRoles:ROLE_ID:1" ACTION_ID="ADSActions:ACTION_ID:73"/>
    <ADSRoleVsActions ROLE_ID="ADSRoles:ROLE_ID:1" ACTION_ID="ADSActions:ACTION_ID:74"/>
    <ADSRoleVsActions ROLE_ID="ADSRoles:ROLE_ID:1" ACTION_ID="ADSActions:ACTION_ID:75"/>
    <ADSRoleVsActions ROLE_ID="ADSRoles:ROLE_ID:1" ACTION_ID="ADSActions:ACTION_ID:76"/>
    <ADSRoleVsActions ROLE_ID="ADSRoles:ROLE_ID:1" ACTION_ID="ADSActions:ACTION_ID:77"/>
    <ADSRoleVsActions ROLE_ID="ADSRoles:ROLE_ID:1" ACTION_ID="ADSActions:ACTION_ID:78"/>
    <ADSRoleVsActions ROLE_ID="ADSRoles:ROLE_ID:1" ACTION_ID="ADSActions:ACTION_ID:79"/>
    <ADSRoleVsActions ROLE_ID="ADSRoles:ROLE_ID:1" ACTION_ID="ADSActions:ACTION_ID:80"/>
    <ADSRoleVsActions ROLE_ID="ADSRoles:ROLE_ID:1" ACTION_ID="ADSActions:ACTION_ID:81"/>
    <ADSRoleVsActions ROLE_ID="ADSRoles:ROLE_ID:1" ACTION_ID="ADSActions:ACTION_ID:82"/>
    <ADSRoleVsActions ROLE_ID="ADSRoles:ROLE_ID:1" ACTION_ID="ADSActions:ACTION_ID:83"/>
    <ADSRoleVsActions ROLE_ID="ADSRoles:ROLE_ID:1" ACTION_ID="ADSActions:ACTION_ID:84"/>
    <ADSRoleVsActions ROLE_ID="ADSRoles:ROLE_ID:1" ACTION_ID="ADSActions:ACTION_ID:85"/>
    <ADSRoleVsActions ROLE_ID="ADSRoles:ROLE_ID:1" ACTION_ID="ADSActions:ACTION_ID:86"/>
    <ADSRoleVsActions ROLE_ID="ADSRoles:ROLE_ID:1" ACTION_ID="ADSActions:ACTION_ID:87"/>
    <ADSRoleVsActions ROLE_ID="ADSRoles:ROLE_ID:1" ACTION_ID="ADSActions:ACTION_ID:88"/>
    <ADSRoleVsActions ROLE_ID="ADSRoles:ROLE_ID:1" ACTION_ID="ADSActions:ACTION_ID:89"/>
    <ADSRoleVsActions ROLE_ID="ADSRoles:ROLE_ID:1" ACTION_ID="ADSActions:ACTION_ID:90"/>
    <ADSRoleVsActions ROLE_ID="ADSRoles:ROLE_ID:1" ACTION_ID="ADSActions:ACTION_ID:91"/>
    <ADSRoleVsActions ROLE_ID="ADSRoles:ROLE_ID:1" ACTION_ID="ADSActions:ACTION_ID:92"/>
    <ADSRoleVsActions ROLE_ID="ADSRoles:ROLE_ID:1" ACTION_ID="ADSActions:ACTION_ID:93"/>
    <ADSRoleVsActions ROLE_ID="ADSRoles:ROLE_ID:1" ACTION_ID="ADSActions:ACTION_ID:94"/>
    <ADSRoleVsActions ROLE_ID="ADSRoles:ROLE_ID:1" ACTION_ID="ADSActions:ACTION_ID:95"/>
    <ADSRoleVsActions ROLE_ID="ADSRoles:ROLE_ID:1" ACTION_ID="ADSActions:ACTION_ID:96"/>
    <ADSRoleVsActions ROLE_ID="ADSRoles:ROLE_ID:1" ACTION_ID="ADSActions:ACTION_ID:97"/>
    <ADSRoleVsActions ROLE_ID="ADSRoles:ROLE_ID:1" ACTION_ID="ADSActions:ACTION_ID:98"/>
    <ADSRoleVsActions ROLE_ID="ADSRoles:ROLE_ID:1" ACTION_ID="ADSActions:ACTION_ID:99"/>
    <ADSRoleVsActions ROLE_ID="ADSRoles:ROLE_ID:1" ACTION_ID="ADSActions:ACTION_ID:100"/>
    <ADSRoleVsActions ROLE_ID="ADSRoles:ROLE_ID:1" ACTION_ID="ADSActions:ACTION_ID:101"/>
    <ADSRoleVsActions ROLE_ID="ADSRoles:ROLE_ID:1" ACTION_ID="ADSActions:ACTION_ID:102"/>
    <ADSRoleVsActions ROLE_ID="ADSRoles:ROLE_ID:1" ACTION_ID="ADSActions:ACTION_ID:103"/>
    <ADSRoleVsActions ROLE_ID="ADSRoles:ROLE_ID:1" ACTION_ID="ADSActions:ACTION_ID:104"/>
    <ADSRoleVsActions ROLE_ID="ADSRoles:ROLE_ID:1" ACTION_ID="ADSActions:ACTION_ID:105"/>
    <ADSRoleVsActions ROLE_ID="ADSRoles:ROLE_ID:1" ACTION_ID="ADSActions:ACTION_ID:106"/>
    <ADSRoleVsActions ROLE_ID="ADSRoles:ROLE_ID:1" ACTION_ID="ADSActions:ACTION_ID:107"/>
    <ADSRoleVsActions ROLE_ID="ADSRoles:ROLE_ID:1" ACTION_ID="ADSActions:ACTION_ID:108"/>
    <ADSRoleVsActions ROLE_ID="ADSRoles:ROLE_ID:1" ACTION_ID="ADSActions:ACTION_ID:109"/>
    <ADSRoleVsActions ROLE_ID="ADSRoles:ROLE_ID:1" ACTION_ID="ADSActions:ACTION_ID:110"/>
    <ADSRoleVsActions ROLE_ID="ADSRoles:ROLE_ID:1" ACTION_ID="ADSActions:ACTION_ID:111"/>
    <ADSRoleVsActions ROLE_ID="ADSRoles:ROLE_ID:1" ACTION_ID="ADSActions:ACTION_ID:112"/>
    <ADSRoleVsActions ROLE_ID="ADSRoles:ROLE_ID:1" ACTION_ID="ADSActions:ACTION_ID:113"/>
    <ADSRoleVsActions ROLE_ID="ADSRoles:ROLE_ID:1" ACTION_ID="ADSActions:ACTION_ID:114"/>
    <ADSRoleVsActions ROLE_ID="ADSRoles:ROLE_ID:1" ACTION_ID="ADSActions:ACTION_ID:115"/>
    <ADSRoleVsActions ROLE_ID="ADSRoles:ROLE_ID:1" ACTION_ID="ADSActions:ACTION_ID:116"/>
    <ADSRoleVsActions ROLE_ID="ADSRoles:ROLE_ID:1" ACTION_ID="ADSActions:ACTION_ID:117"/>
    <ADSRoleVsActions ROLE_ID="ADSRoles:ROLE_ID:1" ACTION_ID="ADSActions:ACTION_ID:118"/>
    <ADSRoleVsActions ROLE_ID="ADSRoles:ROLE_ID:1" ACTION_ID="ADSActions:ACTION_ID:119"/>
    <ADSRoleVsActions ROLE_ID="ADSRoles:ROLE_ID:1" ACTION_ID="ADSActions:ACTION_ID:120"/>
    <ADSRoleVsActions ROLE_ID="ADSRoles:ROLE_ID:1" ACTION_ID="ADSActions:ACTION_ID:121"/>
    <ADSRoleVsActions ROLE_ID="ADSRoles:ROLE_ID:1" ACTION_ID="ADSActions:ACTION_ID:122"/>
    <ADSRoleVsActions ROLE_ID="ADSRoles:ROLE_ID:1" ACTION_ID="ADSActions:ACTION_ID:123"/>
    <ADSRoleVsActions ROLE_ID="ADSRoles:ROLE_ID:1" ACTION_ID="ADSActions:ACTION_ID:124"/>
    <ADSRoleVsActions ROLE_ID="ADSRoles:ROLE_ID:1" ACTION_ID="ADSActions:ACTION_ID:125"/>
    <ADSRoleVsActions ROLE_ID="ADSRoles:ROLE_ID:1" ACTION_ID="ADSActions:ACTION_ID:126"/>


    <!-- Actions for Admin role ends here-->


    <!-- Actions for Operator(ROLE_ID=2)-->
    <ADSRoleVsActions ROLE_ID="ADSRoles:ROLE_ID:2" ACTION_ID="ADSActions:ACTION_ID:1"/>
    <ADSRoleVsActions ROLE_ID="ADSRoles:ROLE_ID:2" ACTION_ID="ADSActions:ACTION_ID:2"/>
    <ADSRoleVsActions ROLE_ID="ADSRoles:ROLE_ID:2" ACTION_ID="ADSActions:ACTION_ID:5"/>
    <ADSRoleVsActions ROLE_ID="ADSRoles:ROLE_ID:2" ACTION_ID="ADSActions:ACTION_ID:7"/>
    <ADSRoleVsActions ROLE_ID="ADSRoles:ROLE_ID:2" ACTION_ID="ADSActions:ACTION_ID:8"/>
    <ADSRoleVsActions ROLE_ID="ADSRoles:ROLE_ID:2" ACTION_ID="ADSActions:ACTION_ID:10"/>
    <ADSRoleVsActions ROLE_ID="ADSRoles:ROLE_ID:2" ACTION_ID="ADSActions:ACTION_ID:11"/>
    <ADSRoleVsActions ROLE_ID="ADSRoles:ROLE_ID:2" ACTION_ID="ADSActions:ACTION_ID:12"/>
    <ADSRoleVsActions ROLE_ID="ADSRoles:ROLE_ID:2" ACTION_ID="ADSActions:ACTION_ID:13"/>
    <ADSRoleVsActions ROLE_ID="ADSRoles:ROLE_ID:2" ACTION_ID="ADSActions:ACTION_ID:17"/>
    <ADSRoleVsActions ROLE_ID="ADSRoles:ROLE_ID:2" ACTION_ID="ADSActions:ACTION_ID:20"/>
    <ADSRoleVsActions ROLE_ID="ADSRoles:ROLE_ID:2" ACTION_ID="ADSActions:ACTION_ID:26"/>
    <ADSRoleVsActions ROLE_ID="ADSRoles:ROLE_ID:2" ACTION_ID="ADSActions:ACTION_ID:27"/>
    <ADSRoleVsActions ROLE_ID="ADSRoles:ROLE_ID:2" ACTION_ID="ADSActions:ACTION_ID:42"/>
    <ADSRoleVsActions ROLE_ID="ADSRoles:ROLE_ID:2" ACTION_ID="ADSActions:ACTION_ID:44"/>
    <ADSRoleVsActions ROLE_ID="ADSRoles:ROLE_ID:2" ACTION_ID="ADSActions:ACTION_ID:50"/>
    <ADSRoleVsActions ROLE_ID="ADSRoles:ROLE_ID:2" ACTION_ID="ADSActions:ACTION_ID:51"/>
    <ADSRoleVsActions ROLE_ID="ADSRoles:ROLE_ID:2" ACTION_ID="ADSActions:ACTION_ID:52"/>
    <ADSRoleVsActions ROLE_ID="ADSRoles:ROLE_ID:2" ACTION_ID="ADSActions:ACTION_ID:53"/>
    <ADSRoleVsActions ROLE_ID="ADSRoles:ROLE_ID:2" ACTION_ID="ADSActions:ACTION_ID:54"/>
    <ADSRoleVsActions ROLE_ID="ADSRoles:ROLE_ID:2" ACTION_ID="ADSActions:ACTION_ID:55"/>
    <ADSRoleVsActions ROLE_ID="ADSRoles:ROLE_ID:2" ACTION_ID="ADSActions:ACTION_ID:61"/>
    <ADSRoleVsActions ROLE_ID="ADSRoles:ROLE_ID:2" ACTION_ID="ADSActions:ACTION_ID:62"/>
    <ADSRoleVsActions ROLE_ID="ADSRoles:ROLE_ID:2" ACTION_ID="ADSActions:ACTION_ID:63"/>
    <ADSRoleVsActions ROLE_ID="ADSRoles:ROLE_ID:2" ACTION_ID="ADSActions:ACTION_ID:64"/>
    <ADSRoleVsActions ROLE_ID="ADSRoles:ROLE_ID:2" ACTION_ID="ADSActions:ACTION_ID:65"/>
    <ADSRoleVsActions ROLE_ID="ADSRoles:ROLE_ID:2" ACTION_ID="ADSActions:ACTION_ID:66"/>
    <ADSRoleVsActions ROLE_ID="ADSRoles:ROLE_ID:2" ACTION_ID="ADSActions:ACTION_ID:67"/>
    <ADSRoleVsActions ROLE_ID="ADSRoles:ROLE_ID:2" ACTION_ID="ADSActions:ACTION_ID:68"/>
    <ADSRoleVsActions ROLE_ID="ADSRoles:ROLE_ID:2" ACTION_ID="ADSActions:ACTION_ID:69"/>
    <ADSRoleVsActions ROLE_ID="ADSRoles:ROLE_ID:2" ACTION_ID="ADSActions:ACTION_ID:70"/>
    <ADSRoleVsActions ROLE_ID="ADSRoles:ROLE_ID:2" ACTION_ID="ADSActions:ACTION_ID:71"/>
    <ADSRoleVsActions ROLE_ID="ADSRoles:ROLE_ID:2" ACTION_ID="ADSActions:ACTION_ID:72"/>
    <ADSRoleVsActions ROLE_ID="ADSRoles:ROLE_ID:2" ACTION_ID="ADSActions:ACTION_ID:73"/>
    <ADSRoleVsActions ROLE_ID="ADSRoles:ROLE_ID:2" ACTION_ID="ADSActions:ACTION_ID:74"/>
    <ADSRoleVsActions ROLE_ID="ADSRoles:ROLE_ID:2" ACTION_ID="ADSActions:ACTION_ID:75"/>
    <ADSRoleVsActions ROLE_ID="ADSRoles:ROLE_ID:2" ACTION_ID="ADSActions:ACTION_ID:76"/>
    <ADSRoleVsActions ROLE_ID="ADSRoles:ROLE_ID:2" ACTION_ID="ADSActions:ACTION_ID:77"/>
    <ADSRoleVsActions ROLE_ID="ADSRoles:ROLE_ID:2" ACTION_ID="ADSActions:ACTION_ID:78"/>
    <ADSRoleVsActions ROLE_ID="ADSRoles:ROLE_ID:2" ACTION_ID="ADSActions:ACTION_ID:79"/>
    <ADSRoleVsActions ROLE_ID="ADSRoles:ROLE_ID:2" ACTION_ID="ADSActions:ACTION_ID:80"/>
    <ADSRoleVsActions ROLE_ID="ADSRoles:ROLE_ID:2" ACTION_ID="ADSActions:ACTION_ID:81"/>
    <ADSRoleVsActions ROLE_ID="ADSRoles:ROLE_ID:2" ACTION_ID="ADSActions:ACTION_ID:82"/>
    <ADSRoleVsActions ROLE_ID="ADSRoles:ROLE_ID:2" ACTION_ID="ADSActions:ACTION_ID:83"/>
    <ADSRoleVsActions ROLE_ID="ADSRoles:ROLE_ID:2" ACTION_ID="ADSActions:ACTION_ID:84"/>
    <ADSRoleVsActions ROLE_ID="ADSRoles:ROLE_ID:2" ACTION_ID="ADSActions:ACTION_ID:85"/>
    <ADSRoleVsActions ROLE_ID="ADSRoles:ROLE_ID:2" ACTION_ID="ADSActions:ACTION_ID:86"/>
    <ADSRoleVsActions ROLE_ID="ADSRoles:ROLE_ID:2" ACTION_ID="ADSActions:ACTION_ID:88"/>
    <ADSRoleVsActions ROLE_ID="ADSRoles:ROLE_ID:2" ACTION_ID="ADSActions:ACTION_ID:90"/>
    <ADSRoleVsActions ROLE_ID="ADSRoles:ROLE_ID:2" ACTION_ID="ADSActions:ACTION_ID:91"/>
    <ADSRoleVsActions ROLE_ID="ADSRoles:ROLE_ID:2" ACTION_ID="ADSActions:ACTION_ID:92"/>
    <ADSRoleVsActions ROLE_ID="ADSRoles:ROLE_ID:2" ACTION_ID="ADSActions:ACTION_ID:94"/>
    <ADSRoleVsActions ROLE_ID="ADSRoles:ROLE_ID:2" ACTION_ID="ADSActions:ACTION_ID:95"/>
    <ADSRoleVsActions ROLE_ID="ADSRoles:ROLE_ID:2" ACTION_ID="ADSActions:ACTION_ID:96"/>
    <ADSRoleVsActions ROLE_ID="ADSRoles:ROLE_ID:2" ACTION_ID="ADSActions:ACTION_ID:97"/>
    <ADSRoleVsActions ROLE_ID="ADSRoles:ROLE_ID:2" ACTION_ID="ADSActions:ACTION_ID:98"/>
    <ADSRoleVsActions ROLE_ID="ADSRoles:ROLE_ID:2" ACTION_ID="ADSActions:ACTION_ID:99"/>
    <ADSRoleVsActions ROLE_ID="ADSRoles:ROLE_ID:2" ACTION_ID="ADSActions:ACTION_ID:100"/>
    <ADSRoleVsActions ROLE_ID="ADSRoles:ROLE_ID:2" ACTION_ID="ADSActions:ACTION_ID:101"/>
    <ADSRoleVsActions ROLE_ID="ADSRoles:ROLE_ID:2" ACTION_ID="ADSActions:ACTION_ID:103"/>
    <ADSRoleVsActions ROLE_ID="ADSRoles:ROLE_ID:2" ACTION_ID="ADSActions:ACTION_ID:104"/>
    <ADSRoleVsActions ROLE_ID="ADSRoles:ROLE_ID:2" ACTION_ID="ADSActions:ACTION_ID:105"/>
    <ADSRoleVsActions ROLE_ID="ADSRoles:ROLE_ID:2" ACTION_ID="ADSActions:ACTION_ID:106"/>
    <ADSRoleVsActions ROLE_ID="ADSRoles:ROLE_ID:2" ACTION_ID="ADSActions:ACTION_ID:110"/>
    <ADSRoleVsActions ROLE_ID="ADSRoles:ROLE_ID:2" ACTION_ID="ADSActions:ACTION_ID:111"/>
    <ADSRoleVsActions ROLE_ID="ADSRoles:ROLE_ID:2" ACTION_ID="ADSActions:ACTION_ID:112"/>
    <ADSRoleVsActions ROLE_ID="ADSRoles:ROLE_ID:2" ACTION_ID="ADSActions:ACTION_ID:113"/>
    <ADSRoleVsActions ROLE_ID="ADSRoles:ROLE_ID:2" ACTION_ID="ADSActions:ACTION_ID:114"/>
    <ADSRoleVsActions ROLE_ID="ADSRoles:ROLE_ID:2" ACTION_ID="ADSActions:ACTION_ID:115"/>
    <ADSRoleVsActions ROLE_ID="ADSRoles:ROLE_ID:2" ACTION_ID="ADSActions:ACTION_ID:116"/>
    <ADSRoleVsActions ROLE_ID="ADSRoles:ROLE_ID:2" ACTION_ID="ADSActions:ACTION_ID:117"/>
    <ADSRoleVsActions ROLE_ID="ADSRoles:ROLE_ID:2" ACTION_ID="ADSActions:ACTION_ID:118"/>
    <ADSRoleVsActions ROLE_ID="ADSRoles:ROLE_ID:2" ACTION_ID="ADSActions:ACTION_ID:119"/>
    <ADSRoleVsActions ROLE_ID="ADSRoles:ROLE_ID:2" ACTION_ID="ADSActions:ACTION_ID:120"/>
    <ADSRoleVsActions ROLE_ID="ADSRoles:ROLE_ID:2" ACTION_ID="ADSActions:ACTION_ID:121"/>
    <ADSRoleVsActions ROLE_ID="ADSRoles:ROLE_ID:2" ACTION_ID="ADSActions:ACTION_ID:122"/>
    <ADSRoleVsActions ROLE_ID="ADSRoles:ROLE_ID:2" ACTION_ID="ADSActions:ACTION_ID:123"/>
    <ADSRoleVsActions ROLE_ID="ADSRoles:ROLE_ID:2" ACTION_ID="ADSActions:ACTION_ID:124"/>
    <ADSRoleVsActions ROLE_ID="ADSRoles:ROLE_ID:2" ACTION_ID="ADSActions:ACTION_ID:125"/>
    <ADSRoleVsActions ROLE_ID="ADSRoles:ROLE_ID:2" ACTION_ID="ADSActions:ACTION_ID:126"/>

    <!-- Acions for Operator role ends here-->


    <!-- Actions for Audior(ROLE_ID=3)-->
    <ADSRoleVsActions ROLE_ID="ADSRoles:ROLE_ID:3" ACTION_ID="ADSActions:ACTION_ID:1"/>
    <ADSRoleVsActions ROLE_ID="ADSRoles:ROLE_ID:3" ACTION_ID="ADSActions:ACTION_ID:2"/>
    <ADSRoleVsActions ROLE_ID="ADSRoles:ROLE_ID:3" ACTION_ID="ADSActions:ACTION_ID:5"/>
    <ADSRoleVsActions ROLE_ID="ADSRoles:ROLE_ID:3" ACTION_ID="ADSActions:ACTION_ID:10"/>
    <ADSRoleVsActions ROLE_ID="ADSRoles:ROLE_ID:3" ACTION_ID="ADSActions:ACTION_ID:11"/>
    <ADSRoleVsActions ROLE_ID="ADSRoles:ROLE_ID:3" ACTION_ID="ADSActions:ACTION_ID:12"/>
    <ADSRoleVsActions ROLE_ID="ADSRoles:ROLE_ID:3" ACTION_ID="ADSActions:ACTION_ID:13"/>
    <ADSRoleVsActions ROLE_ID="ADSRoles:ROLE_ID:3" ACTION_ID="ADSActions:ACTION_ID:51"/>
    <ADSRoleVsActions ROLE_ID="ADSRoles:ROLE_ID:3" ACTION_ID="ADSActions:ACTION_ID:52"/>
    <ADSRoleVsActions ROLE_ID="ADSRoles:ROLE_ID:3" ACTION_ID="ADSActions:ACTION_ID:53"/>
    <ADSRoleVsActions ROLE_ID="ADSRoles:ROLE_ID:3" ACTION_ID="ADSActions:ACTION_ID:54"/>
    <ADSRoleVsActions ROLE_ID="ADSRoles:ROLE_ID:3" ACTION_ID="ADSActions:ACTION_ID:55"/>
    <ADSRoleVsActions ROLE_ID="ADSRoles:ROLE_ID:3" ACTION_ID="ADSActions:ACTION_ID:73"/>
    <ADSRoleVsActions ROLE_ID="ADSRoles:ROLE_ID:3" ACTION_ID="ADSActions:ACTION_ID:74"/>
    <ADSRoleVsActions ROLE_ID="ADSRoles:ROLE_ID:3" ACTION_ID="ADSActions:ACTION_ID:75"/>
    <ADSRoleVsActions ROLE_ID="ADSRoles:ROLE_ID:3" ACTION_ID="ADSActions:ACTION_ID:76"/>
    <ADSRoleVsActions ROLE_ID="ADSRoles:ROLE_ID:3" ACTION_ID="ADSActions:ACTION_ID:79"/>
    <ADSRoleVsActions ROLE_ID="ADSRoles:ROLE_ID:3" ACTION_ID="ADSActions:ACTION_ID:80"/>
    <ADSRoleVsActions ROLE_ID="ADSRoles:ROLE_ID:3" ACTION_ID="ADSActions:ACTION_ID:81"/>
    <ADSRoleVsActions ROLE_ID="ADSRoles:ROLE_ID:3" ACTION_ID="ADSActions:ACTION_ID:82"/>
    <ADSRoleVsActions ROLE_ID="ADSRoles:ROLE_ID:3" ACTION_ID="ADSActions:ACTION_ID:83"/>
    <ADSRoleVsActions ROLE_ID="ADSRoles:ROLE_ID:3" ACTION_ID="ADSActions:ACTION_ID:84"/>
    <ADSRoleVsActions ROLE_ID="ADSRoles:ROLE_ID:3" ACTION_ID="ADSActions:ACTION_ID:85"/>
    <ADSRoleVsActions ROLE_ID="ADSRoles:ROLE_ID:3" ACTION_ID="ADSActions:ACTION_ID:119"/>
    <ADSRoleVsActions ROLE_ID="ADSRoles:ROLE_ID:3" ACTION_ID="ADSActions:ACTION_ID:118"/>


    <!-- Actions for Auditor ends here-->

</ADSRoleVsActions>
