<?xml version="1.0" encoding="UTF-8"?>

<RoboUpdateManager>
    
	<ADSRoboUpdateManager RUM_ID="ADSRoboUpdateManager:RUM_ID:1" UPDATE_MY_SELF="true" NOTIFY_AFTER_UPGRADE="true" />
   
	<ADSRUMServerDetails PRODUCT_ID="ManageEngine RecoveryManager Plus"  SERVER_URL="https://creator.zoho.com/api/json/testppm/view/Robo_Update_Manager_View?authtoken=247087a559a76d359a31af7ddb5cd6bb&amp;scope=creatorapi" UPDATE_URL="https://creator.zoho.com/api/zoho_rmp2/json/testppm/form/Robo_Update_Manager/record/update/authtoken=247087a559a76d359a31af7ddb5cd6bb&amp;scope=creatorapi"/>
	
	<Schedule SCHEDULE_ID="Schedule:SCHEDULE_ID:1" SCHEDULE_NAME="AutomaticDownloadSchedule" DESCRIPTION="Schedule for automatic downloads and updates">
        <Calendar REPEAT_FREQUENCY="Daily" TIME_OF_DAY="0" UNIT_OF_TIME="Hours"/>
		<ADSRUMScheduler RUM_ID="ADSRUMScheduler:RUM_ID:1" SCHEDULE_ID="Schedule:SCHEDULE_ID:1"/>
	</Schedule>   

	<TaskEngine_Task TASK_ID="TaskEngine_Task:TASK_ID:1" TASK_NAME="AutomaticDownloadTask" CLASS_NAME="com.manageengine.ads.fw.roboupdate.AutoDownload">
	
	  <Scheduled_Task SCHEDULE_ID="Schedule:SCHEDULE_ID:1">
			<Task_Input INSTANCE_ID="Task_Input:INSTANCE_ID:1" SCHEDULE_ID="Schedule:SCHEDULE_ID:1"   TASK_ID="TaskEngine_Task:TASK_ID:1"/>
			
      </Scheduled_Task>
    
	</TaskEngine_Task>
</RoboUpdateManager>
<!--$Id$-->