<?xml version="1.0" encoding="UTF-8"?>

<conf-files>

<ConfFile url="RMPADSyncObjects.xml"/>
<ConfFile url="RMPAttributeDetails.xml"/>
<ConfFile url="GPOSettingDetails.xml"/>
<ConfFile url="RMPGPOSettingDetails.xml"/>
<ConfFile url="TaskDetails.xml"/>
<ConfFile url="RMPWorkflowConfiguration.xml"/>
<ConfFile url="RMPProductConfig.xml"/>
<ConfFile url="MailerSettings.xml"/>
<ConfFile url="RMPService.xml"/>
<ConfFile url="RMPGPOSettingsData.xml" />
<ConfFile url="RMPVMwareHostEVCLevels.xml" />
<!--<ConfFile url="baseDNs.xml"/>-->
<ConfFile url="ADSRoboUpdateManager.xml"  populatorclass="com.adventnet.taskengine.TaskEngineConfigPopulator"/>
</conf-files>
<!--$Id$-->
