<!--$Id$-->
<dynamic-value-handlers>
    
    <DynamicValueHandler tablename="ADSRUMServerDetails" columnname="PRODUCT_ID" class="com.adventnet.persistence.xml.SQLDynamicValueHandler">
        <DVPHParameterList>
            <DVPHParameter name="criteria-column" value="PRODUCT_NAME"/>
            <DVPHParameter name="criteria-comparator" value="equals"/>
            <DVPHParameter name="referred-table" value="ADSProducts"/>
            <DVPHParameter name="referred-column" value="PRODUCT_ID"/>
        </DVPHParameterList>
    </DynamicValueHandler>

</dynamic-value-handlers>

