<?xml version="1.0" encoding="UTF-8"?>
<RMPADSyncSettings>
    <!-- $Id$ -->  
    <RMPADSyncObjects OBJECT_ID="1" OBJECT_TYPE="rangedAttr" SEARCH_STRING="(|(objectClass=user)(objectClass=group)(objectClass=computer)(objectClass=contact)(objectClass=organizationalUnit)(objectClass=msExchDynamicDistributionList))" IS_ENABLED="true" PRIORITY_ID="7" SEARCH_PREFERENCE="2147483648" /> 
    <RMPADSyncObjects OBJECT_ID="2" OBJECT_TYPE="bitlocker" SEARCH_STRING="(objectClass=msFVE-RecoveryInformation)" IS_ENABLED="true" PRIORITY_ID="16" SEARCH_PREFERENCE="0" />
    <RMPADSyncObjects OBJECT_ID="3" OBJECT_TYPE="user" SEARCH_STRING="(&amp;(objectClass=user)(!(objectClass=computer))(!(sAMAccountType=805306370)))" IS_ENABLED="true" PRIORITY_ID="2" SEARCH_PREFERENCE="0" />
    <RMPADSyncObjects OBJECT_ID="4" OBJECT_TYPE="computer" SEARCH_STRING="(objectClass=computer)" IS_ENABLED="true" PRIORITY_ID="3" SEARCH_PREFERENCE="0" />
    <RMPADSyncObjects OBJECT_ID="5" OBJECT_TYPE="contact" SEARCH_STRING="(objectClass=contact)" IS_ENABLED="true" PRIORITY_ID="4" SEARCH_PREFERENCE="0" />
    <RMPADSyncObjects OBJECT_ID="6" OBJECT_TYPE="group" SEARCH_STRING="(objectClass=group)" IS_ENABLED="true" PRIORITY_ID="5" SEARCH_PREFERENCE="0" />
    <RMPADSyncObjects OBJECT_ID="7" OBJECT_TYPE="organizationalunit" SEARCH_STRING="(&amp;(|(objectClass=organizationalUnit)(objectClass=container)(objectclass=builtIndomain)(objectClass=lostAndFound)(objectClass=domainDNS)(objectClass=domain))(!(objectClass=groupPolicyContainer)))" IS_ENABLED="true" PRIORITY_ID="1" SEARCH_PREFERENCE="2048" />
    <RMPADSyncObjects OBJECT_ID="8" OBJECT_TYPE="dnsNode" SEARCH_STRING="(objectClass=dnsNode)" IS_ENABLED="true" PRIORITY_ID="12" SEARCH_PREFERENCE="0" />
    <RMPADSyncObjects OBJECT_ID="9" OBJECT_TYPE="dnsNode" SEARCH_STRING="(objectClass=dnsNode)" IS_ENABLED="true" PRIORITY_ID="13" SEARCH_PREFERENCE="0" />
    <RMPADSyncObjects OBJECT_ID="10" OBJECT_TYPE="dnsZone" SEARCH_STRING="(objectClass=dnsZone)" IS_ENABLED="true" PRIORITY_ID="9" SEARCH_PREFERENCE="0" />
    <RMPADSyncObjects OBJECT_ID="11" OBJECT_TYPE="dnsZone" SEARCH_STRING="(objectClass=dnsZone)" IS_ENABLED="true" PRIORITY_ID="10" SEARCH_PREFERENCE="0" />
    <RMPADSyncObjects OBJECT_ID="12" OBJECT_TYPE="grouppolicy" SEARCH_STRING="(objectClass=groupPolicyContainer)" IS_ENABLED="true" PRIORITY_ID="15" SEARCH_PREFERENCE="0" />
    <RMPADSyncObjects OBJECT_ID="13" OBJECT_TYPE="site" SEARCH_STRING="(objectClass=site)" IS_ENABLED="true" PRIORITY_ID="17" SEARCH_PREFERENCE="0" />
    <RMPADSyncObjects OBJECT_ID="14" OBJECT_TYPE="ouGPLinksAttr" SEARCH_STRING="(&amp;(|(objectClass=organizationalUnit)(objectClass=container)(objectclass=builtIndomain)(objectClass=lostAndFound)(objectClass=domainDNS)(objectClass=domain))(!(objectClass=groupPolicyContainer)))" IS_ENABLED="true" PRIORITY_ID="18" SEARCH_PREFERENCE="0" />
    <RMPADSyncObjects OBJECT_ID="15" OBJECT_TYPE="siteGPLinksAttr" SEARCH_STRING="(objectClass=site)" IS_ENABLED="true" PRIORITY_ID="19" SEARCH_PREFERENCE="0" />
    <RMPADSyncObjects OBJECT_ID="16" OBJECT_TYPE="dynamicDistributionGroup" SEARCH_STRING="(objectClass=msExchDynamicDistributionList)" IS_ENABLED="true" PRIORITY_ID="6" SEARCH_PREFERENCE="0" />
    <RMPADSyncObjects OBJECT_ID="17" OBJECT_TYPE="primaryGroupAttr" SEARCH_STRING="(|(objectClass=user)(objectClass=computer))" IS_ENABLED="true" PRIORITY_ID="8" SEARCH_PREFERENCE="0" />
	 <RMPADSyncObjects OBJECT_ID="18" OBJECT_TYPE="dnsNode" SEARCH_STRING="(objectClass=dnsNode)" IS_ENABLED="true" PRIORITY_ID="14" SEARCH_PREFERENCE="0" />
    <RMPADSyncObjects OBJECT_ID="19" OBJECT_TYPE="dnsZone" SEARCH_STRING="(objectClass=dnsZone)" IS_ENABLED="true" PRIORITY_ID="11" SEARCH_PREFERENCE="0" />
    <!--
            UNIT of TIME should be in DAYS/HOURS/MINUTES/SECONDS
    -->
    <ADSADSyncSettings UNIQUE_ID="ADSyncSettings:UNIQUE_ID:1" FULL_REFRESH_INTERVAL="9223372036854775807" FULL_REFRESH_UNIT_OF_TIME="DAYS" OTHER_OBJ_REFRESH_INTERVAL="9223372036854775807" OTHER_OBJ_UNIT_OF_TIME="DAYS" LISTENER_IMPL_CLASS_NAME="com.manageengine.rmp.ad.backup.RmpBackupImpl" ENABLE_AUDIT="true" SYNC_RETRIEVAL_METHOD="COOKIE" SET_CONTENT_TYPE="text/html;UTF-8"/>

    <!-- Ranged Attributes-->
    <RMPADSyncObjAttributes OBJECT_ID="1" ATTRIB_LDAP_NAME="objectGUID" />
    <RMPADSyncObjAttributes OBJECT_ID="1" ATTRIB_LDAP_NAME="distinguishedName"/>
    <RMPADSyncObjAttributes OBJECT_ID="1" ATTRIB_LDAP_NAME="isDeleted"/>
    <RMPADSyncObjAttributes OBJECT_ID="1" ATTRIB_LDAP_NAME="isRecycled"/>
    <RMPADSyncObjAttributes OBJECT_ID="1" ATTRIB_LDAP_NAME="member;range=1-1" />
    <RMPADSyncObjAttributes OBJECT_ID="1" ATTRIB_LDAP_NAME="member;range=0-0" />
    <RMPADSyncObjAttributes OBJECT_ID="1" ATTRIB_LDAP_NAME="managedBy;range=1-1" />
    <RMPADSyncObjAttributes OBJECT_ID="1" ATTRIB_LDAP_NAME="managedBy;range=0-0" />
    <RMPADSyncObjAttributes OBJECT_ID="1" ATTRIB_LDAP_NAME="manager;range=1-1" />
    <RMPADSyncObjAttributes OBJECT_ID="1" ATTRIB_LDAP_NAME="manager;range=0-0" />
    <RMPADSyncObjAttributes OBJECT_ID="1" ATTRIB_LDAP_NAME="msExchModeratedByLink;range=1-1" />
    <RMPADSyncObjAttributes OBJECT_ID="1" ATTRIB_LDAP_NAME="msExchModeratedByLink;range=0-0" />
    <RMPADSyncObjAttributes OBJECT_ID="1" ATTRIB_LDAP_NAME="parentGUID" />
    
    
    <RMPADSyncObjAttributes OBJECT_ID="2" ATTRIB_LDAP_NAME="isDeleted"/>
    <RMPADSyncObjAttributes OBJECT_ID="2" ATTRIB_LDAP_NAME="isRecycled"/>
    <RMPADSyncObjAttributes OBJECT_ID="2" ATTRIB_LDAP_NAME="distinguishedName"/>
    <RMPADSyncObjAttributes OBJECT_ID="2" ATTRIB_LDAP_NAME="objectGUID"/>
    <RMPADSyncObjAttributes OBJECT_ID="2" ATTRIB_LDAP_NAME="msFVE-RecoveryPassword"/>
    <RMPADSyncObjAttributes OBJECT_ID="2" ATTRIB_LDAP_NAME="msFVE-RecoveryGuid"/>
    <RMPADSyncObjAttributes OBJECT_ID="2" ATTRIB_LDAP_NAME="msFVE-VolumeGuid"/>
    <RMPADSyncObjAttributes OBJECT_ID="2" ATTRIB_LDAP_NAME="msFVE-KeyPackage"/>
    <RMPADSyncObjAttributes OBJECT_ID="2" ATTRIB_LDAP_NAME="parentGUID" />
    <RMPADSyncObjAttributes OBJECT_ID="2" ATTRIB_LDAP_NAME="lastKnownParent"/>
    
    <!-- <RMPADSyncObjAttributes OBJECT_ID="1" ATTRIB_LDAP_NAME="IsPasswordPreserved"/>-->
    <RMPADSyncObjAttributes OBJECT_ID="3" ATTRIB_LDAP_NAME="name"/>
    <RMPADSyncObjAttributes OBJECT_ID="3" ATTRIB_LDAP_NAME="objectGUID"/>
    <RMPADSyncObjAttributes OBJECT_ID="3" ATTRIB_LDAP_NAME="ou"/>
    <RMPADSyncObjAttributes OBJECT_ID="3" ATTRIB_LDAP_NAME="distinguishedName"/>
    <RMPADSyncObjAttributes OBJECT_ID="3" ATTRIB_LDAP_NAME="objectSid"/>
    <RMPADSyncObjAttributes OBJECT_ID="3" ATTRIB_LDAP_NAME="lDAPDisplayName"/>
    <!-- <RMPADSyncObjAttributes OBJECT_ID="1" ATTRIB_LDAP_NAME="canonicalName"/>-->
    <RMPADSyncObjAttributes OBJECT_ID="3" ATTRIB_LDAP_NAME="isDeleted"/>
    <RMPADSyncObjAttributes OBJECT_ID="3" ATTRIB_LDAP_NAME="isRecycled"/>
    <RMPADSyncObjAttributes OBJECT_ID="3" ATTRIB_LDAP_NAME="lastKnownParent"/>
    <RMPADSyncObjAttributes OBJECT_ID="3" ATTRIB_LDAP_NAME="parentGUID" />
    <RMPADSyncObjAttributes OBJECT_ID="3" ATTRIB_LDAP_NAME="countryCode" />
    
 
    <RMPADSyncObjAttributes OBJECT_ID="4" ATTRIB_LDAP_NAME="name"/>
    <RMPADSyncObjAttributes OBJECT_ID="4" ATTRIB_LDAP_NAME="distinguishedName"/>
    <RMPADSyncObjAttributes OBJECT_ID="4" ATTRIB_LDAP_NAME="objectGUID"/>
    <RMPADSyncObjAttributes OBJECT_ID="4" ATTRIB_LDAP_NAME="lastKnownParent"/>
    <RMPADSyncObjAttributes OBJECT_ID="4" ATTRIB_LDAP_NAME="isDeleted"/>
    <RMPADSyncObjAttributes OBJECT_ID="4" ATTRIB_LDAP_NAME="isRecycled"/>
    <RMPADSyncObjAttributes OBJECT_ID="4" ATTRIB_LDAP_NAME="objectSid"/>   
    <RMPADSyncObjAttributes OBJECT_ID="4" ATTRIB_LDAP_NAME="parentGUID" />
    
    
    <RMPADSyncObjAttributes OBJECT_ID="5" ATTRIB_LDAP_NAME="name"/>
    <RMPADSyncObjAttributes OBJECT_ID="5" ATTRIB_LDAP_NAME="distinguishedName"/>
    <RMPADSyncObjAttributes OBJECT_ID="5" ATTRIB_LDAP_NAME="objectGUID"/>
    <RMPADSyncObjAttributes OBJECT_ID="5" ATTRIB_LDAP_NAME="lastKnownParent"/>
    <RMPADSyncObjAttributes OBJECT_ID="5" ATTRIB_LDAP_NAME="isDeleted"/>
    <RMPADSyncObjAttributes OBJECT_ID="5" ATTRIB_LDAP_NAME="isRecycled"/>
    <RMPADSyncObjAttributes OBJECT_ID="5" ATTRIB_LDAP_NAME="objectSid"/>
    <RMPADSyncObjAttributes OBJECT_ID="5" ATTRIB_LDAP_NAME="parentGUID" />
    <RMPADSyncObjAttributes OBJECT_ID="5" ATTRIB_LDAP_NAME="countryCode" />
        

    <!-- Group-->
    <RMPADSyncObjAttributes OBJECT_ID="6" ATTRIB_LDAP_NAME="name"/>
    <RMPADSyncObjAttributes OBJECT_ID="6" ATTRIB_LDAP_NAME="objectGUID" />
    <RMPADSyncObjAttributes OBJECT_ID="6" ATTRIB_LDAP_NAME="distinguishedName"/>
    <RMPADSyncObjAttributes OBJECT_ID="6" ATTRIB_LDAP_NAME="objectSid"/>
    <RMPADSyncObjAttributes OBJECT_ID="6" ATTRIB_LDAP_NAME="isDeleted"/>
    <RMPADSyncObjAttributes OBJECT_ID="6" ATTRIB_LDAP_NAME="isRecycled"/>
    <RMPADSyncObjAttributes OBJECT_ID="6" ATTRIB_LDAP_NAME="lastKnownParent"/>
    <RMPADSyncObjAttributes OBJECT_ID="6" ATTRIB_LDAP_NAME="parentGUID" />
    
    <!-- OU -->
    <RMPADSyncObjAttributes OBJECT_ID="7" ATTRIB_LDAP_NAME="name"/>
    <RMPADSyncObjAttributes OBJECT_ID="7" ATTRIB_LDAP_NAME="objectGUID"/>
    <RMPADSyncObjAttributes OBJECT_ID="7" ATTRIB_LDAP_NAME="distinguishedName"/>
    <RMPADSyncObjAttributes OBJECT_ID="7" ATTRIB_LDAP_NAME="isDeleted"/>
    <RMPADSyncObjAttributes OBJECT_ID="7" ATTRIB_LDAP_NAME="isRecycled"/>
    <RMPADSyncObjAttributes OBJECT_ID="7" ATTRIB_LDAP_NAME="lastKnownParent"/>
    <RMPADSyncObjAttributes OBJECT_ID="7" ATTRIB_LDAP_NAME="objectSid"/>
    <RMPADSyncObjAttributes OBJECT_ID="7" ATTRIB_LDAP_NAME="parentGUID" />
    <RMPADSyncObjAttributes OBJECT_ID="7" ATTRIB_LDAP_NAME="countryCode" />

    <!--DNS-->    
    <RMPADSyncObjAttributes OBJECT_ID="8" ATTRIB_LDAP_NAME="objectGUID" />
    <RMPADSyncObjAttributes OBJECT_ID="8" ATTRIB_LDAP_NAME="objectSid" />
    <RMPADSyncObjAttributes OBJECT_ID="8" ATTRIB_LDAP_NAME="distinguishedName" />
    <RMPADSyncObjAttributes OBJECT_ID="8" ATTRIB_LDAP_NAME="name" />
    <RMPADSyncObjAttributes OBJECT_ID="8" ATTRIB_LDAP_NAME="nTSecurityDescriptor" />
    <RMPADSyncObjAttributes OBJECT_ID="8" ATTRIB_LDAP_NAME="dNSProperty" />
    <RMPADSyncObjAttributes OBJECT_ID="8" ATTRIB_LDAP_NAME="dnsRecord" />
    <RMPADSyncObjAttributes OBJECT_ID="8" ATTRIB_LDAP_NAME="dNSTombstoned" />
    <RMPADSyncObjAttributes OBJECT_ID="8" ATTRIB_LDAP_NAME="lastKnownParent"/>
    <RMPADSyncObjAttributes OBJECT_ID="8" ATTRIB_LDAP_NAME="parentGUID" />

    <RMPADSyncObjAttributes OBJECT_ID="9" ATTRIB_LDAP_NAME="objectGUID" />
    <RMPADSyncObjAttributes OBJECT_ID="9" ATTRIB_LDAP_NAME="objectSid" />
    <RMPADSyncObjAttributes OBJECT_ID="9" ATTRIB_LDAP_NAME="distinguishedName" />
    <RMPADSyncObjAttributes OBJECT_ID="9" ATTRIB_LDAP_NAME="name" />
    <RMPADSyncObjAttributes OBJECT_ID="9" ATTRIB_LDAP_NAME="nTSecurityDescriptor" />
    <RMPADSyncObjAttributes OBJECT_ID="9" ATTRIB_LDAP_NAME="dNSProperty" />
    <RMPADSyncObjAttributes OBJECT_ID="9" ATTRIB_LDAP_NAME="dnsRecord" />
    <RMPADSyncObjAttributes OBJECT_ID="9" ATTRIB_LDAP_NAME="dNSTombstoned" />
    <RMPADSyncObjAttributes OBJECT_ID="9" ATTRIB_LDAP_NAME="lastKnownParent"/>
    <RMPADSyncObjAttributes OBJECT_ID="9" ATTRIB_LDAP_NAME="parentGUID" />
    
    <RMPADSyncObjAttributes OBJECT_ID="18" ATTRIB_LDAP_NAME="objectGUID" />
    <RMPADSyncObjAttributes OBJECT_ID="18" ATTRIB_LDAP_NAME="objectSid" />
    <RMPADSyncObjAttributes OBJECT_ID="18" ATTRIB_LDAP_NAME="distinguishedName" />
    <RMPADSyncObjAttributes OBJECT_ID="18" ATTRIB_LDAP_NAME="name" />
    <RMPADSyncObjAttributes OBJECT_ID="18" ATTRIB_LDAP_NAME="nTSecurityDescriptor" />
    <RMPADSyncObjAttributes OBJECT_ID="18" ATTRIB_LDAP_NAME="dNSProperty" />
    <RMPADSyncObjAttributes OBJECT_ID="18" ATTRIB_LDAP_NAME="dnsRecord" />
    <RMPADSyncObjAttributes OBJECT_ID="18" ATTRIB_LDAP_NAME="dNSTombstoned" />
    <RMPADSyncObjAttributes OBJECT_ID="18" ATTRIB_LDAP_NAME="lastKnownParent"/>
    <RMPADSyncObjAttributes OBJECT_ID="18" ATTRIB_LDAP_NAME="parentGUID" />

    <!-- DNS Zone -->
    <RMPADSyncObjAttributes OBJECT_ID="10" ATTRIB_LDAP_NAME="objectGUID" />
    <RMPADSyncObjAttributes OBJECT_ID="10" ATTRIB_LDAP_NAME="objectSid" />
    <RMPADSyncObjAttributes OBJECT_ID="10" ATTRIB_LDAP_NAME="distinguishedName" />
    <RMPADSyncObjAttributes OBJECT_ID="10" ATTRIB_LDAP_NAME="name" />
    <RMPADSyncObjAttributes OBJECT_ID="10" ATTRIB_LDAP_NAME="dNSProperty" />
    <RMPADSyncObjAttributes OBJECT_ID="10" ATTRIB_LDAP_NAME="lastKnownParent"/>
    <RMPADSyncObjAttributes OBJECT_ID="10" ATTRIB_LDAP_NAME="parentGUID" />
    <RMPADSyncObjAttributes OBJECT_ID="10" ATTRIB_LDAP_NAME="nTSecurityDescriptor" />

    <RMPADSyncObjAttributes OBJECT_ID="11" ATTRIB_LDAP_NAME="objectGUID" />
    <RMPADSyncObjAttributes OBJECT_ID="11" ATTRIB_LDAP_NAME="objectSid" />
    <RMPADSyncObjAttributes OBJECT_ID="11" ATTRIB_LDAP_NAME="distinguishedName" />
    <RMPADSyncObjAttributes OBJECT_ID="11" ATTRIB_LDAP_NAME="name" />
    <RMPADSyncObjAttributes OBJECT_ID="11" ATTRIB_LDAP_NAME="dNSProperty" />
    <RMPADSyncObjAttributes OBJECT_ID="11" ATTRIB_LDAP_NAME="lastKnownParent"/>
    <RMPADSyncObjAttributes OBJECT_ID="11" ATTRIB_LDAP_NAME="parentGUID" />
    <RMPADSyncObjAttributes OBJECT_ID="11" ATTRIB_LDAP_NAME="nTSecurityDescriptor" />
    
     <RMPADSyncObjAttributes OBJECT_ID="19" ATTRIB_LDAP_NAME="objectGUID" />
    <RMPADSyncObjAttributes OBJECT_ID="19" ATTRIB_LDAP_NAME="objectSid" />
    <RMPADSyncObjAttributes OBJECT_ID="19" ATTRIB_LDAP_NAME="distinguishedName" />
    <RMPADSyncObjAttributes OBJECT_ID="19" ATTRIB_LDAP_NAME="name" />
    <RMPADSyncObjAttributes OBJECT_ID="19" ATTRIB_LDAP_NAME="dNSProperty" />
    <RMPADSyncObjAttributes OBJECT_ID="19" ATTRIB_LDAP_NAME="lastKnownParent"/>
    <RMPADSyncObjAttributes OBJECT_ID="19" ATTRIB_LDAP_NAME="parentGUID" />
    <RMPADSyncObjAttributes OBJECT_ID="19" ATTRIB_LDAP_NAME="nTSecurityDescriptor" />
   
    <!-- GroupPolicy starts--> 
    <RMPADSyncObjAttributes OBJECT_ID="12" ATTRIB_LDAP_NAME="name"/>
    <RMPADSyncObjAttributes OBJECT_ID="12" ATTRIB_LDAP_NAME="objectGUID" />
    <RMPADSyncObjAttributes OBJECT_ID="12" ATTRIB_LDAP_NAME="distinguishedName"/>
    <RMPADSyncObjAttributes OBJECT_ID="12" ATTRIB_LDAP_NAME="objectSid" />
    <RMPADSyncObjAttributes OBJECT_ID="12" ATTRIB_LDAP_NAME="isDeleted"/>
    <RMPADSyncObjAttributes OBJECT_ID="12" ATTRIB_LDAP_NAME="lastKnownParent"/>
    <RMPADSyncObjAttributes OBJECT_ID="12" ATTRIB_LDAP_NAME="parentGUID" />
    <!-- GroupPolicy ends-->
    
    <!-- GroupPolicy starts--> 
    <RMPADSyncObjAttributes OBJECT_ID="13" ATTRIB_LDAP_NAME="name"/>
    <RMPADSyncObjAttributes OBJECT_ID="13" ATTRIB_LDAP_NAME="objectGUID" />
    <RMPADSyncObjAttributes OBJECT_ID="13" ATTRIB_LDAP_NAME="distinguishedName"/>
    <RMPADSyncObjAttributes OBJECT_ID="13" ATTRIB_LDAP_NAME="objectSid" />
    <RMPADSyncObjAttributes OBJECT_ID="13" ATTRIB_LDAP_NAME="isDeleted"/>
    <RMPADSyncObjAttributes OBJECT_ID="13" ATTRIB_LDAP_NAME="lastKnownParent"/>
    <RMPADSyncObjAttributes OBJECT_ID="13" ATTRIB_LDAP_NAME="parentGUID" />
    <!-- GroupPolicy ends-->
     
    <!-- OU gPLinks-->
    <RMPADSyncObjAttributes OBJECT_ID="14" ATTRIB_LDAP_NAME="objectGUID" />
    <RMPADSyncObjAttributes OBJECT_ID="14" ATTRIB_LDAP_NAME="distinguishedName"/>
    <RMPADSyncObjAttributes OBJECT_ID="14" ATTRIB_LDAP_NAME="isDeleted"/>
    <RMPADSyncObjAttributes OBJECT_ID="14" ATTRIB_LDAP_NAME="parentGUID" />
    <RMPADSyncObjAttributes OBJECT_ID="14" ATTRIB_LDAP_NAME="gPLink"/>
    
    <!-- site gPLinks-->
    <RMPADSyncObjAttributes OBJECT_ID="15" ATTRIB_LDAP_NAME="objectGUID" />
    <RMPADSyncObjAttributes OBJECT_ID="15" ATTRIB_LDAP_NAME="distinguishedName"/>
    <RMPADSyncObjAttributes OBJECT_ID="15" ATTRIB_LDAP_NAME="isDeleted"/>
    <RMPADSyncObjAttributes OBJECT_ID="15" ATTRIB_LDAP_NAME="parentGUID" />
    <RMPADSyncObjAttributes OBJECT_ID="15" ATTRIB_LDAP_NAME="gPLink"/>
    
    <!-- primaryGroupAttr starts-->	
	<RMPADSyncObjAttributes OBJECT_ID="17" ATTRIB_LDAP_NAME="objectGUID" />
    <RMPADSyncObjAttributes OBJECT_ID="17" ATTRIB_LDAP_NAME="distinguishedName"/>
    <RMPADSyncObjAttributes OBJECT_ID="17" ATTRIB_LDAP_NAME="isDeleted"/>
    <RMPADSyncObjAttributes OBJECT_ID="17" ATTRIB_LDAP_NAME="parentGUID" />
	<RMPADSyncObjAttributes OBJECT_ID="17" ATTRIB_LDAP_NAME="primaryGroupId"/>
	<!-- primaryGroupAttr ends-->	
   
    <!-- dynamicDistributionGroup-->
    <RMPADSyncObjAttributes OBJECT_ID="16" ATTRIB_LDAP_NAME="name"/>
    <RMPADSyncObjAttributes OBJECT_ID="16" ATTRIB_LDAP_NAME="objectGUID" />
    <RMPADSyncObjAttributes OBJECT_ID="16" ATTRIB_LDAP_NAME="distinguishedName"/>
    <RMPADSyncObjAttributes OBJECT_ID="16" ATTRIB_LDAP_NAME="parentGUID" />
    <RMPADSyncObjAttributes OBJECT_ID="16" ATTRIB_LDAP_NAME="lastKnownParent"/>
    <RMPADSyncObjAttributes OBJECT_ID="16" ATTRIB_LDAP_NAME="isDeleted"/>
    <RMPADSyncObjAttributes OBJECT_ID="16" ATTRIB_LDAP_NAME="isRecycled"/>

</RMPADSyncSettings>
<!--$Id$-->
