<?xml version="1.0" encoding="UTF-8"?>
<RMPAttributesSettings>
    <!-- $Id$ -->  
    <!-- Ranged Attributes  -->
    <RMPAttributeDetails ATTR_ID="ADSIAMADAttributes:ATTRIB_ID:1106" ATTRIB_MASK_INDEX="-1" TAB_NAME="General" BACKUP_DATATYPE="1" HAS_SPECIALCASE_ON_BACKUP="true" />
    <!-- Bitlocker  --> 
    <!-- <RMPAttributeDetails ATTR_ID="ADSIAMADAttributes:ATTRIB_ID:2120" ATTRIB_MASK_INDEX="-2" TAB_NAME="General" BACKUP_DATATYPE="1" HAS_SPECIALCASE_ON_BACKUP="true" /> -->
    <!-- User -->
    <RMPAttributeDetails ATTR_ID="ADSIAMADAttributes:ATTRIB_ID:0" ATTRIB_MASK_INDEX="0" TAB_NAME="General" BACKUP_DATATYPE="1"  /> 
    <RMPAttributeDetails ATTR_ID="ADSIAMADAttributes:ATTRIB_ID:1" ATTRIB_MASK_INDEX="1" TAB_NAME="General" BACKUP_DATATYPE="1" />
    <RMPAttributeDetails ATTR_ID="ADSIAMADAttributes:ATTRIB_ID:2" ATTRIB_MASK_INDEX="2" TAB_NAME="General" BACKUP_DATATYPE="1" />
    <RMPAttributeDetails ATTR_ID="ADSIAMADAttributes:ATTRIB_ID:3" ATTRIB_MASK_INDEX="3" TAB_NAME="General" BACKUP_DATATYPE="1" />
    <RMPAttributeDetails ATTR_ID="ADSIAMADAttributes:ATTRIB_ID:4" ATTRIB_MASK_INDEX="4" TAB_NAME="General" BACKUP_DATATYPE="1" />
    <RMPAttributeDetails ATTR_ID="ADSIAMADAttributes:ATTRIB_ID:5" ATTRIB_MASK_INDEX="5" TAB_NAME="General" BACKUP_DATATYPE="1" />
    <RMPAttributeDetails ATTR_ID="ADSIAMADAttributes:ATTRIB_ID:6" ATTRIB_MASK_INDEX="6" TAB_NAME="General" BACKUP_DATATYPE="1" />
    <RMPAttributeDetails ATTR_ID="ADSIAMADAttributes:ATTRIB_ID:7" ATTRIB_MASK_INDEX="7" TAB_NAME="General" BACKUP_DATATYPE="1" />
    <RMPAttributeDetails ATTR_ID="ADSIAMADAttributes:ATTRIB_ID:8" ATTRIB_MASK_INDEX="8" TAB_NAME="General" BACKUP_DATATYPE="1" />
    <RMPAttributeDetails ATTR_ID="ADSIAMADAttributes:ATTRIB_ID:9" ATTRIB_MASK_INDEX="9" TAB_NAME="General" BACKUP_DATATYPE="1" />
    <RMPAttributeDetails ATTR_ID="ADSIAMADAttributes:ATTRIB_ID:10" ATTRIB_MASK_INDEX="10" TAB_NAME="General" BACKUP_DATATYPE="1" />
    <RMPAttributeDetails ATTR_ID="ADSIAMADAttributes:ATTRIB_ID:11" ATTRIB_MASK_INDEX="11" TAB_NAME="General" BACKUP_DATATYPE="1" HAS_SPECIALCASE_ON_RECOVERY="true"/>
    <RMPAttributeDetails ATTR_ID="ADSIAMADAttributes:ATTRIB_ID:12" ATTRIB_MASK_INDEX="12" TAB_NAME="Membership" BACKUP_DATATYPE="1" TO_SYNC="false" HAS_SPECIALCASE_ON_BACKUP="true" />
    <RMPAttributeDetails ATTR_ID="ADSIAMADAttributes:ATTRIB_ID:49" ATTRIB_MASK_INDEX="49" TAB_NAME="Membership" BACKUP_DATATYPE="1" HAS_SPECIALCASE_ON_RECOVERY="true"/>
    <RMPAttributeDetails ATTR_ID="ADSIAMADAttributes:ATTRIB_ID:13" ATTRIB_MASK_INDEX="13" TAB_NAME="Managed_By" BACKUP_DATATYPE="1" TO_SYNC="false" HAS_SPECIALCASE_ON_BACKUP="true" />
    <RMPAttributeDetails ATTR_ID="ADSIAMADAttributes:ATTRIB_ID:14" ATTRIB_MASK_INDEX="14" TAB_NAME="Organization" BACKUP_DATATYPE="1" TO_SYNC="false" HAS_SPECIALCASE_ON_BACKUP="true" />
    <RMPAttributeDetails ATTR_ID="ADSIAMADAttributes:ATTRIB_ID:41" ATTRIB_MASK_INDEX="41" TAB_NAME="Organization" BACKUP_DATATYPE="1" />
    <RMPAttributeDetails ATTR_ID="ADSIAMADAttributes:ATTRIB_ID:42" ATTRIB_MASK_INDEX="42" TAB_NAME="Organization" BACKUP_DATATYPE="1" />
    <RMPAttributeDetails ATTR_ID="ADSIAMADAttributes:ATTRIB_ID:43" ATTRIB_MASK_INDEX="43" TAB_NAME="Organization" BACKUP_DATATYPE="1" />
    <RMPAttributeDetails ATTR_ID="ADSIAMADAttributes:ATTRIB_ID:44" ATTRIB_MASK_INDEX="44" TAB_NAME="Organization" BACKUP_DATATYPE="1" TO_SYNC="false"/>
    <RMPAttributeDetails ATTR_ID="ADSIAMADAttributes:ATTRIB_ID:16" ATTRIB_MASK_INDEX="16" TAB_NAME="Address" BACKUP_DATATYPE="1" />
    <RMPAttributeDetails ATTR_ID="ADSIAMADAttributes:ATTRIB_ID:17" ATTRIB_MASK_INDEX="17" TAB_NAME="Address" BACKUP_DATATYPE="1" />
    <RMPAttributeDetails ATTR_ID="ADSIAMADAttributes:ATTRIB_ID:18" ATTRIB_MASK_INDEX="18" TAB_NAME="Address" BACKUP_DATATYPE="1" />
    <RMPAttributeDetails ATTR_ID="ADSIAMADAttributes:ATTRIB_ID:19" ATTRIB_MASK_INDEX="19" TAB_NAME="Address" BACKUP_DATATYPE="1" />
    <RMPAttributeDetails ATTR_ID="ADSIAMADAttributes:ATTRIB_ID:20" ATTRIB_MASK_INDEX="20" TAB_NAME="Address" BACKUP_DATATYPE="1" />
    <RMPAttributeDetails ATTR_ID="ADSIAMADAttributes:ATTRIB_ID:21" ATTRIB_MASK_INDEX="21" TAB_NAME="Address" BACKUP_DATATYPE="1" HAS_SPECIALCASE_ON_BACKUP="true" HAS_SPECIALCASE_ON_RECOVERY="true" />
    <RMPAttributeDetails ATTR_ID="ADSIAMADAttributes:ATTRIB_ID:22" ATTRIB_MASK_INDEX="22" TAB_NAME="Account" BACKUP_DATATYPE="1" />
    <RMPAttributeDetails ATTR_ID="ADSIAMADAttributes:ATTRIB_ID:23" ATTRIB_MASK_INDEX="23" TAB_NAME="Account" BACKUP_DATATYPE="1" />
    <RMPAttributeDetails ATTR_ID="ADSIAMADAttributes:ATTRIB_ID:24" ATTRIB_MASK_INDEX="24" TAB_NAME="Account" BACKUP_DATATYPE="1" HAS_SPECIALCASE_ON_BACKUP="true" />
    <RMPAttributeDetails ATTR_ID="ADSIAMADAttributes:ATTRIB_ID:25" ATTRIB_MASK_INDEX="25" TAB_NAME="Account" BACKUP_DATATYPE="1" />
    <RMPAttributeDetails ATTR_ID="ADSIAMADAttributes:ATTRIB_ID:45" ATTRIB_MASK_INDEX="45" TAB_NAME="Account" BACKUP_DATATYPE="1" />
    <RMPAttributeDetails ATTR_ID="ADSIAMADAttributes:ATTRIB_ID:51" ATTRIB_MASK_INDEX="51" TAB_NAME="Account" BACKUP_DATATYPE="1" />
    <RMPAttributeDetails ATTR_ID="ADSIAMADAttributes:ATTRIB_ID:93" ATTRIB_MASK_INDEX="93" TAB_NAME="Account" BACKUP_DATATYPE="1" HAS_SPECIALCASE_ON_RECOVERY="true"/>
    <RMPAttributeDetails ATTR_ID="ADSIAMADAttributes:ATTRIB_ID:26" ATTRIB_MASK_INDEX="26" TAB_NAME="Profile" BACKUP_DATATYPE="1" />
    <RMPAttributeDetails ATTR_ID="ADSIAMADAttributes:ATTRIB_ID:27" ATTRIB_MASK_INDEX="27" TAB_NAME="Profile" BACKUP_DATATYPE="1" />
    <RMPAttributeDetails ATTR_ID="ADSIAMADAttributes:ATTRIB_ID:28" ATTRIB_MASK_INDEX="28" TAB_NAME="Profile" BACKUP_DATATYPE="1" />
    <RMPAttributeDetails ATTR_ID="ADSIAMADAttributes:ATTRIB_ID:29" ATTRIB_MASK_INDEX="29" TAB_NAME="Profile" BACKUP_DATATYPE="1" />
    <RMPAttributeDetails ATTR_ID="ADSIAMADAttributes:ATTRIB_ID:30" ATTRIB_MASK_INDEX="30" TAB_NAME="Telephones" BACKUP_DATATYPE="1" />
    <RMPAttributeDetails ATTR_ID="ADSIAMADAttributes:ATTRIB_ID:31" ATTRIB_MASK_INDEX="31" TAB_NAME="Telephones" BACKUP_DATATYPE="1" />
    <RMPAttributeDetails ATTR_ID="ADSIAMADAttributes:ATTRIB_ID:32" ATTRIB_MASK_INDEX="32" TAB_NAME="Telephones" BACKUP_DATATYPE="1" />
    <RMPAttributeDetails ATTR_ID="ADSIAMADAttributes:ATTRIB_ID:33" ATTRIB_MASK_INDEX="33" TAB_NAME="Telephones" BACKUP_DATATYPE="1" />
    <RMPAttributeDetails ATTR_ID="ADSIAMADAttributes:ATTRIB_ID:34" ATTRIB_MASK_INDEX="34" TAB_NAME="Telephones" BACKUP_DATATYPE="1" />
    <RMPAttributeDetails ATTR_ID="ADSIAMADAttributes:ATTRIB_ID:35" ATTRIB_MASK_INDEX="35" TAB_NAME="Telephones" BACKUP_DATATYPE="1" />
    <RMPAttributeDetails ATTR_ID="ADSIAMADAttributes:ATTRIB_ID:36" ATTRIB_MASK_INDEX="36" TAB_NAME="Telephones" BACKUP_DATATYPE="1" />
    <RMPAttributeDetails ATTR_ID="ADSIAMADAttributes:ATTRIB_ID:37" ATTRIB_MASK_INDEX="37" TAB_NAME="Telephones" BACKUP_DATATYPE="1" />
    <RMPAttributeDetails ATTR_ID="ADSIAMADAttributes:ATTRIB_ID:38" ATTRIB_MASK_INDEX="38" TAB_NAME="Telephones" BACKUP_DATATYPE="1" />
    <RMPAttributeDetails ATTR_ID="ADSIAMADAttributes:ATTRIB_ID:39" ATTRIB_MASK_INDEX="39" TAB_NAME="Telephones" BACKUP_DATATYPE="1" />
    <RMPAttributeDetails ATTR_ID="ADSIAMADAttributes:ATTRIB_ID:40" ATTRIB_MASK_INDEX="40" TAB_NAME="Telephones" BACKUP_DATATYPE="1" />
    <RMPAttributeDetails ATTR_ID="ADSIAMADAttributes:ATTRIB_ID:46" ATTRIB_MASK_INDEX="46" TAB_NAME="RemoteControl" BACKUP_DATATYPE="1" />
    <RMPAttributeDetails ATTR_ID="ADSIAMADAttributes:ATTRIB_ID:47" ATTRIB_MASK_INDEX="47" TAB_NAME="Security" BACKUP_DATATYPE="1" HAS_SPECIALCASE_ON_RECOVERY="true"/>
    <RMPAttributeDetails ATTR_ID="ADSIAMADAttributes:ATTRIB_ID:50" ATTRIB_MASK_INDEX="50" TAB_NAME="Security" BACKUP_DATATYPE="1" />
    <RMPAttributeDetails ATTR_ID="ADSIAMADAttributes:ATTRIB_ID:52" ATTRIB_MASK_INDEX="52" TAB_NAME="Object" BACKUP_DATATYPE="1" HAS_SPECIALCASE_ON_BACKUP="true" HAS_SPECIALCASE_ON_RECOVERY="true"/>
    <RMPAttributeDetails ATTR_ID="ADSIAMADAttributes:ATTRIB_ID:78" ATTRIB_MASK_INDEX="78" TAB_NAME="Dial_in" BACKUP_DATATYPE="1" />
    <RMPAttributeDetails ATTR_ID="ADSIAMADAttributes:ATTRIB_ID:79" ATTRIB_MASK_INDEX="79" TAB_NAME="Dial_in" BACKUP_DATATYPE="1" />
    <RMPAttributeDetails ATTR_ID="ADSIAMADAttributes:ATTRIB_ID:80" ATTRIB_MASK_INDEX="80" TAB_NAME="Dial_in" BACKUP_DATATYPE="1" />
    <RMPAttributeDetails ATTR_ID="ADSIAMADAttributes:ATTRIB_ID:81" ATTRIB_MASK_INDEX="81" TAB_NAME="Dial_in" BACKUP_DATATYPE="1" />
    <RMPAttributeDetails ATTR_ID="ADSIAMADAttributes:ATTRIB_ID:83" ATTRIB_MASK_INDEX="83" TAB_NAME="Dial_in" BACKUP_DATATYPE="1" />
    <RMPAttributeDetails ATTR_ID="ADSIAMADAttributes:ATTRIB_ID:85" ATTRIB_MASK_INDEX="85" TAB_NAME="Dial_in" BACKUP_DATATYPE="1" />
    <RMPAttributeDetails ATTR_ID="ADSIAMADAttributes:ATTRIB_ID:86" ATTRIB_MASK_INDEX="86" TAB_NAME="Dial_in" BACKUP_DATATYPE="1" />
    <RMPAttributeDetails ATTR_ID="ADSIAMADAttributes:ATTRIB_ID:88" ATTRIB_MASK_INDEX="88" TAB_NAME="Dial_in" BACKUP_DATATYPE="1" />
    <RMPAttributeDetails ATTR_ID="ADSIAMADAttributes:ATTRIB_ID:89" ATTRIB_MASK_INDEX="89" TAB_NAME="Dial_in" BACKUP_DATATYPE="1" />
    <RMPAttributeDetails ATTR_ID="ADSIAMADAttributes:ATTRIB_ID:123" ATTRIB_MASK_INDEX="123" TAB_NAME="Exchange_General" BACKUP_DATATYPE="1" />
    <RMPAttributeDetails ATTR_ID="ADSIAMADAttributes:ATTRIB_ID:140" ATTRIB_MASK_INDEX="140" TAB_NAME="Exchange_General" BACKUP_DATATYPE="1" HAS_SPECIALCASE_ON_RECOVERY="true"/>
    <RMPAttributeDetails ATTR_ID="ADSIAMADAttributes:ATTRIB_ID:141" ATTRIB_MASK_INDEX="141" TAB_NAME="Exchange_General" BACKUP_DATATYPE="1" HAS_SPECIALCASE_ON_RECOVERY="true"/>
    <RMPAttributeDetails ATTR_ID="ADSIAMADAttributes:ATTRIB_ID:151" ATTRIB_MASK_INDEX="151" TAB_NAME="Exchange_General" BACKUP_DATATYPE="1" />
    <RMPAttributeDetails ATTR_ID="ADSIAMADAttributes:ATTRIB_ID:122" ATTRIB_MASK_INDEX="122" TAB_NAME="Exchange_General" BACKUP_DATATYPE="1" />
    <RMPAttributeDetails ATTR_ID="ADSIAMADAttributes:ATTRIB_ID:125" ATTRIB_MASK_INDEX="125" TAB_NAME="Exchange_General" BACKUP_DATATYPE="1" />
    <RMPAttributeDetails ATTR_ID="ADSIAMADAttributes:ATTRIB_ID:124" ATTRIB_MASK_INDEX="124" TAB_NAME="Exchange_General" BACKUP_DATATYPE="1" />
    <RMPAttributeDetails ATTR_ID="ADSIAMADAttributes:ATTRIB_ID:99" ATTRIB_MASK_INDEX="99" TAB_NAME="Exchange_General" BACKUP_DATATYPE="1" />
    <RMPAttributeDetails ATTR_ID="ADSIAMADAttributes:ATTRIB_ID:175" ATTRIB_MASK_INDEX="175" TAB_NAME="Exchange_General" BACKUP_DATATYPE="1" />
    <RMPAttributeDetails ATTR_ID="ADSIAMADAttributes:ATTRIB_ID:106" ATTRIB_MASK_INDEX="106" TAB_NAME="Exchange_Custom_Attr" BACKUP_DATATYPE="1" />
    <RMPAttributeDetails ATTR_ID="ADSIAMADAttributes:ATTRIB_ID:107" ATTRIB_MASK_INDEX="107" TAB_NAME="Exchange_Custom_Attr" BACKUP_DATATYPE="1" />
    <RMPAttributeDetails ATTR_ID="ADSIAMADAttributes:ATTRIB_ID:108" ATTRIB_MASK_INDEX="108" TAB_NAME="Exchange_Custom_Attr" BACKUP_DATATYPE="1" />
    <RMPAttributeDetails ATTR_ID="ADSIAMADAttributes:ATTRIB_ID:109" ATTRIB_MASK_INDEX="109" TAB_NAME="Exchange_Custom_Attr" BACKUP_DATATYPE="1" />
    <RMPAttributeDetails ATTR_ID="ADSIAMADAttributes:ATTRIB_ID:110" ATTRIB_MASK_INDEX="110" TAB_NAME="Exchange_Custom_Attr" BACKUP_DATATYPE="1" />
    <RMPAttributeDetails ATTR_ID="ADSIAMADAttributes:ATTRIB_ID:111" ATTRIB_MASK_INDEX="111" TAB_NAME="Exchange_Custom_Attr" BACKUP_DATATYPE="1" />
    <RMPAttributeDetails ATTR_ID="ADSIAMADAttributes:ATTRIB_ID:112" ATTRIB_MASK_INDEX="112" TAB_NAME="Exchange_Custom_Attr" BACKUP_DATATYPE="1" />
    <RMPAttributeDetails ATTR_ID="ADSIAMADAttributes:ATTRIB_ID:113" ATTRIB_MASK_INDEX="113" TAB_NAME="Exchange_Custom_Attr" BACKUP_DATATYPE="1" />
    <RMPAttributeDetails ATTR_ID="ADSIAMADAttributes:ATTRIB_ID:114" ATTRIB_MASK_INDEX="114" TAB_NAME="Exchange_Custom_Attr" BACKUP_DATATYPE="1" />
    <RMPAttributeDetails ATTR_ID="ADSIAMADAttributes:ATTRIB_ID:115" ATTRIB_MASK_INDEX="115" TAB_NAME="Exchange_Custom_Attr" BACKUP_DATATYPE="1" />
    <RMPAttributeDetails ATTR_ID="ADSIAMADAttributes:ATTRIB_ID:116" ATTRIB_MASK_INDEX="116" TAB_NAME="Exchange_Custom_Attr" BACKUP_DATATYPE="1" />
    <RMPAttributeDetails ATTR_ID="ADSIAMADAttributes:ATTRIB_ID:117" ATTRIB_MASK_INDEX="117" TAB_NAME="Exchange_Custom_Attr" BACKUP_DATATYPE="1" />
    <RMPAttributeDetails ATTR_ID="ADSIAMADAttributes:ATTRIB_ID:118" ATTRIB_MASK_INDEX="118" TAB_NAME="Exchange_Custom_Attr" BACKUP_DATATYPE="1" />
    <RMPAttributeDetails ATTR_ID="ADSIAMADAttributes:ATTRIB_ID:119" ATTRIB_MASK_INDEX="119" TAB_NAME="Exchange_Custom_Attr" BACKUP_DATATYPE="1" />
    <RMPAttributeDetails ATTR_ID="ADSIAMADAttributes:ATTRIB_ID:120" ATTRIB_MASK_INDEX="120" TAB_NAME="Exchange_Custom_Attr" BACKUP_DATATYPE="1" />
    <!--<RMPAttributeDetails ATTR_ID="ADSIAMADAttributes:ATTRIB_ID:176" ATTRIB_MASK_INDEX="176" TAB_NAME="Mailbox_Settings_Message_Records_management" BACKUP_DATATYPE="1" />
    <RMPAttributeDetails ATTR_ID="ADSIAMADAttributes:ATTRIB_ID:177" ATTRIB_MASK_INDEX="177" TAB_NAME="Mailbox_Settings_Message_Records_management" BACKUP_DATATYPE="1" />-->
    <RMPAttributeDetails ATTR_ID="ADSIAMADAttributes:ATTRIB_ID:178" ATTRIB_MASK_INDEX="178" TAB_NAME="Mailbox_Settings_Message_Records_management" BACKUP_DATATYPE="1" />
    <RMPAttributeDetails ATTR_ID="ADSIAMADAttributes:ATTRIB_ID:179" ATTRIB_MASK_INDEX="179" TAB_NAME="Mailbox_Settings_Message_Records_management" BACKUP_DATATYPE="1" />
    <RMPAttributeDetails ATTR_ID="ADSIAMADAttributes:ATTRIB_ID:144" ATTRIB_MASK_INDEX="144" TAB_NAME="Mailbox_settings_Storage" BACKUP_DATATYPE="1" />
    <RMPAttributeDetails ATTR_ID="ADSIAMADAttributes:ATTRIB_ID:145" ATTRIB_MASK_INDEX="145" TAB_NAME="Mailbox_settings_Storage" BACKUP_DATATYPE="1" />
    <RMPAttributeDetails ATTR_ID="ADSIAMADAttributes:ATTRIB_ID:146" ATTRIB_MASK_INDEX="146" TAB_NAME="Mailbox_settings_Storage" BACKUP_DATATYPE="1" />
    <RMPAttributeDetails ATTR_ID="ADSIAMADAttributes:ATTRIB_ID:147" ATTRIB_MASK_INDEX="147" TAB_NAME="Mailbox_settings_Storage" BACKUP_DATATYPE="1" />
    <RMPAttributeDetails ATTR_ID="ADSIAMADAttributes:ATTRIB_ID:138" ATTRIB_MASK_INDEX="138" TAB_NAME="Mailbox_settings_Storage" BACKUP_DATATYPE="1" />
    <RMPAttributeDetails ATTR_ID="ADSIAMADAttributes:ATTRIB_ID:157" ATTRIB_MASK_INDEX="157" TAB_NAME="Mailbox_settings_Storage" BACKUP_DATATYPE="1" />
    <RMPAttributeDetails ATTR_ID="ADSIAMADAttributes:ATTRIB_ID:128" ATTRIB_MASK_INDEX="128" TAB_NAME="MailFlow_Settings_Delivery_Options" BACKUP_DATATYPE="1" />
    <RMPAttributeDetails ATTR_ID="ADSIAMADAttributes:ATTRIB_ID:139" ATTRIB_MASK_INDEX="139" TAB_NAME="MailFlow_Settings_Delivery_Options" BACKUP_DATATYPE="1" />
    <RMPAttributeDetails ATTR_ID="ADSIAMADAttributes:ATTRIB_ID:167" ATTRIB_MASK_INDEX="167" TAB_NAME="MailFlow_Settings_Delivery_Options" BACKUP_DATATYPE="1" />
    <RMPAttributeDetails ATTR_ID="ADSIAMADAttributes:ATTRIB_ID:171" ATTRIB_MASK_INDEX="171" TAB_NAME="Mailbox_features" BACKUP_DATATYPE="1" />
    <RMPAttributeDetails ATTR_ID="ADSIAMADAttributes:ATTRIB_ID:130" ATTRIB_MASK_INDEX="130" TAB_NAME="Email_Addresses" BACKUP_DATATYPE="1" HAS_SPECIALCASE_ON_RECOVERY="true" />
    <RMPAttributeDetails ATTR_ID="ADSIAMADAttributes:ATTRIB_ID:164" ATTRIB_MASK_INDEX="164" TAB_NAME="Email_Addresses" BACKUP_DATATYPE="1" />
    <RMPAttributeDetails ATTR_ID="ADSIAMADAttributes:ATTRIB_ID:127" ATTRIB_MASK_INDEX="127" TAB_NAME="Email_Addresses" BACKUP_DATATYPE="1" />
    <RMPAttributeDetails ATTR_ID="ADSIAMADAttributes:ATTRIB_ID:195" ATTRIB_MASK_INDEX="195" TAB_NAME="Email_Addresses" BACKUP_DATATYPE="1" />
    <RMPAttributeDetails ATTR_ID="ADSIAMADAttributes:ATTRIB_ID:121" ATTRIB_MASK_INDEX="121" TAB_NAME="Exchange_Advanced_Settings" BACKUP_DATATYPE="1" />
    <RMPAttributeDetails ATTR_ID="ADSIAMADAttributes:ATTRIB_ID:98" ATTRIB_MASK_INDEX="98" TAB_NAME="Exchange_Advanced_Settings" BACKUP_DATATYPE="1" />
    <RMPAttributeDetails ATTR_ID="ADSIAMADAttributes:ATTRIB_ID:97" ATTRIB_MASK_INDEX="97" TAB_NAME="Exchange_Advanced_Settings" BACKUP_DATATYPE="1" />
    <RMPAttributeDetails ATTR_ID="ADSIAMADAttributes:ATTRIB_ID:96" ATTRIB_MASK_INDEX="96" TAB_NAME="Exchange_Advanced_Settings" BACKUP_DATATYPE="1" />
    <RMPAttributeDetails ATTR_ID="ADSIAMADAttributes:ATTRIB_ID:95" ATTRIB_MASK_INDEX="95" TAB_NAME="Exchange_Advanced_Settings" BACKUP_DATATYPE="1" />
    <RMPAttributeDetails ATTR_ID="ADSIAMADAttributes:ATTRIB_ID:101" ATTRIB_MASK_INDEX="101" TAB_NAME="Exchange_Advanced_Settings" BACKUP_DATATYPE="1" />
    <RMPAttributeDetails ATTR_ID="ADSIAMADAttributes:ATTRIB_ID:133" ATTRIB_MASK_INDEX="133" TAB_NAME="Exchange_Advanced_Settings" BACKUP_DATATYPE="1" />
    <RMPAttributeDetails ATTR_ID="ADSIAMADAttributes:ATTRIB_ID:104" ATTRIB_MASK_INDEX="104" TAB_NAME="Exchange_Advanced_Settings" BACKUP_DATATYPE="1" />
    <RMPAttributeDetails ATTR_ID="ADSIAMADAttributes:ATTRIB_ID:105" ATTRIB_MASK_INDEX="105" TAB_NAME="Exchange_Advanced_Settings" BACKUP_DATATYPE="1" />
    <RMPAttributeDetails ATTR_ID="ADSIAMADAttributes:ATTRIB_ID:180" ATTRIB_MASK_INDEX="180" TAB_NAME="Exchange_Advanced_Settings" BACKUP_DATATYPE="1" />
    <RMPAttributeDetails ATTR_ID="ADSIAMADAttributes:ATTRIB_ID:181" ATTRIB_MASK_INDEX="181" TAB_NAME="Exchange_Advanced_Settings" BACKUP_DATATYPE="1" />
    <RMPAttributeDetails ATTR_ID="ADSIAMADAttributes:ATTRIB_ID:182" ATTRIB_MASK_INDEX="182" TAB_NAME="Exchange_Advanced_Settings" BACKUP_DATATYPE="1" />
    <RMPAttributeDetails ATTR_ID="ADSIAMADAttributes:ATTRIB_ID:129" ATTRIB_MASK_INDEX="129" TAB_NAME="Exchange_Advanced_Settings" BACKUP_DATATYPE="1" />
    <RMPAttributeDetails ATTR_ID="ADSIAMADAttributes:ATTRIB_ID:131" ATTRIB_MASK_INDEX="131" TAB_NAME="Exchange_Advanced_Settings" BACKUP_DATATYPE="1" />
    <RMPAttributeDetails ATTR_ID="ADSIAMADAttributes:ATTRIB_ID:150" ATTRIB_MASK_INDEX="150" TAB_NAME="Exchange_Advanced_Settings" BACKUP_DATATYPE="1" />
    <RMPAttributeDetails ATTR_ID="ADSIAMADAttributes:ATTRIB_ID:158" ATTRIB_MASK_INDEX="158" TAB_NAME="Other_Info" BACKUP_DATATYPE="1" />
    <RMPAttributeDetails ATTR_ID="ADSIAMADAttributes:ATTRIB_ID:159" ATTRIB_MASK_INDEX="159" TAB_NAME="Other_Info" BACKUP_DATATYPE="1" />
    <RMPAttributeDetails ATTR_ID="ADSIAMADAttributes:ATTRIB_ID:168" ATTRIB_MASK_INDEX="168" TAB_NAME="Other_Info" BACKUP_DATATYPE="1" />
    <RMPAttributeDetails ATTR_ID="ADSIAMADAttributes:ATTRIB_ID:162" ATTRIB_MASK_INDEX="162" TAB_NAME="Exchange_Advanced_Settings" BACKUP_DATATYPE="1" TO_SYNC="false" />
    <RMPAttributeDetails ATTR_ID="ADSIAMADAttributes:ATTRIB_ID:163" ATTRIB_MASK_INDEX="163" TAB_NAME="Exchange_Advanced_Settings" BACKUP_DATATYPE="1" TO_SYNC="false" HAS_SPECIALCASE_ON_BACKUP="true" />
    <!-- <RMPAttributeDetails ATTR_ID="ADSIAMADAttributes:ATTRIB_ID:201" ATTRIB_MASK_INDEX="201" TAB_NAME="Special" BACKUP_DATATYPE="1" HAS_SPECIALCASE_ON_BACKUP="true"/> -->

    <!-- Computer -->
    <RMPAttributeDetails ATTR_ID="ADSIAMADAttributes:ATTRIB_ID:259" ATTRIB_MASK_INDEX="259" TAB_NAME="General" BACKUP_DATATYPE="1" />
    <RMPAttributeDetails ATTR_ID="ADSIAMADAttributes:ATTRIB_ID:260" ATTRIB_MASK_INDEX="260" TAB_NAME="General" BACKUP_DATATYPE="1" />
    <RMPAttributeDetails ATTR_ID="ADSIAMADAttributes:ATTRIB_ID:267" ATTRIB_MASK_INDEX="267" TAB_NAME="General" BACKUP_DATATYPE="1" HAS_SPECIALCASE_ON_RECOVERY="true"/>
    <RMPAttributeDetails ATTR_ID="ADSIAMADAttributes:ATTRIB_ID:268" ATTRIB_MASK_INDEX="268" TAB_NAME="Membership" BACKUP_DATATYPE="1" TO_SYNC="false" HAS_SPECIALCASE_ON_BACKUP="true" />
    <RMPAttributeDetails ATTR_ID="ADSIAMADAttributes:ATTRIB_ID:280" ATTRIB_MASK_INDEX="280" TAB_NAME="Delegation" BACKUP_DATATYPE="1" HAS_SPECIALCASE_ON_BACKUP="true" />
    <RMPAttributeDetails ATTR_ID="ADSIAMADAttributes:ATTRIB_ID:296" ATTRIB_MASK_INDEX="296" TAB_NAME="Other" BACKUP_DATATYPE="1" />
    <RMPAttributeDetails ATTR_ID="ADSIAMADAttributes:ATTRIB_ID:303" ATTRIB_MASK_INDEX="303" TAB_NAME="Security" BACKUP_DATATYPE="1" HAS_SPECIALCASE_ON_RECOVERY="true"/>
    <RMPAttributeDetails ATTR_ID="ADSIAMADAttributes:ATTRIB_ID:305" ATTRIB_MASK_INDEX="305" TAB_NAME="Membership" BACKUP_DATATYPE="1" HAS_SPECIALCASE_ON_RECOVERY="true"/>
    <RMPAttributeDetails ATTR_ID="ADSIAMADAttributes:ATTRIB_ID:306" ATTRIB_MASK_INDEX="306" TAB_NAME="Security" BACKUP_DATATYPE="1" />
    <RMPAttributeDetails ATTR_ID="ADSIAMADAttributes:ATTRIB_ID:309" ATTRIB_MASK_INDEX="309" TAB_NAME="Computer" BACKUP_DATATYPE="1" />
    <RMPAttributeDetails ATTR_ID="ADSIAMADAttributes:ATTRIB_ID:310" ATTRIB_MASK_INDEX="310" TAB_NAME="Operating_System" BACKUP_DATATYPE="1" />
    <RMPAttributeDetails ATTR_ID="ADSIAMADAttributes:ATTRIB_ID:311" ATTRIB_MASK_INDEX="311" TAB_NAME="Operating_System" BACKUP_DATATYPE="1" />
    <RMPAttributeDetails ATTR_ID="ADSIAMADAttributes:ATTRIB_ID:312" ATTRIB_MASK_INDEX="312" TAB_NAME="Operating_System" BACKUP_DATATYPE="1" />
    <RMPAttributeDetails ATTR_ID="ADSIAMADAttributes:ATTRIB_ID:313" ATTRIB_MASK_INDEX="313" TAB_NAME="Operating_System" BACKUP_DATATYPE="1" />
    <RMPAttributeDetails ATTR_ID="ADSIAMADAttributes:ATTRIB_ID:314" ATTRIB_MASK_INDEX="314" TAB_NAME="Computer" BACKUP_DATATYPE="1" />
    <RMPAttributeDetails ATTR_ID="ADSIAMADAttributes:ATTRIB_ID:315" ATTRIB_MASK_INDEX="315" TAB_NAME="Location" BACKUP_DATATYPE="1" />
    <RMPAttributeDetails ATTR_ID="ADSIAMADAttributes:ATTRIB_ID:316" ATTRIB_MASK_INDEX="316" TAB_NAME="Other" BACKUP_DATATYPE="1" />
    <RMPAttributeDetails ATTR_ID="ADSIAMADAttributes:ATTRIB_ID:317" ATTRIB_MASK_INDEX="317" TAB_NAME="Managed_By" BACKUP_DATATYPE="1" TO_SYNC="false"/>
    <RMPAttributeDetails ATTR_ID="ADSIAMADAttributes:ATTRIB_ID:318" ATTRIB_MASK_INDEX="318" TAB_NAME="Other" BACKUP_DATATYPE="1" />
    <RMPAttributeDetails ATTR_ID="ADSIAMADAttributes:ATTRIB_ID:319" ATTRIB_MASK_INDEX="319" TAB_NAME="Other" BACKUP_DATATYPE="1" />
    <RMPAttributeDetails ATTR_ID="ADSIAMADAttributes:ATTRIB_ID:320" ATTRIB_MASK_INDEX="320" TAB_NAME="Other" BACKUP_DATATYPE="1" />
    <RMPAttributeDetails ATTR_ID="ADSIAMADAttributes:ATTRIB_ID:321" ATTRIB_MASK_INDEX="321" TAB_NAME="Computer" BACKUP_DATATYPE="1" />
    <RMPAttributeDetails ATTR_ID="ADSIAMADAttributes:ATTRIB_ID:322" ATTRIB_MASK_INDEX="322" TAB_NAME="Computer" BACKUP_DATATYPE="1" />
    <RMPAttributeDetails ATTR_ID="ADSIAMADAttributes:ATTRIB_ID:323" ATTRIB_MASK_INDEX="323" TAB_NAME="Other" BACKUP_DATATYPE="1" />
    <RMPAttributeDetails ATTR_ID="ADSIAMADAttributes:ATTRIB_ID:324" ATTRIB_MASK_INDEX="324" TAB_NAME="Other" BACKUP_DATATYPE="1" />
    <RMPAttributeDetails ATTR_ID="ADSIAMADAttributes:ATTRIB_ID:325" ATTRIB_MASK_INDEX="325" TAB_NAME="Other" BACKUP_DATATYPE="1" />
    <RMPAttributeDetails ATTR_ID="ADSIAMADAttributes:ATTRIB_ID:326" ATTRIB_MASK_INDEX="326" TAB_NAME="Other" BACKUP_DATATYPE="1" TO_SYNC="false" />
    <RMPAttributeDetails ATTR_ID="ADSIAMADAttributes:ATTRIB_ID:327" ATTRIB_MASK_INDEX="327" TAB_NAME="Other" BACKUP_DATATYPE="1" />
    <RMPAttributeDetails ATTR_ID="ADSIAMADAttributes:ATTRIB_ID:347" ATTRIB_MASK_INDEX="347" TAB_NAME="Other" BACKUP_DATATYPE="1" />
    <RMPAttributeDetails ATTR_ID="ADSIAMADAttributes:ATTRIB_ID:331" ATTRIB_MASK_INDEX="331" TAB_NAME="Delegation" BACKUP_DATATYPE="1" />
    <RMPAttributeDetails ATTR_ID="ADSIAMADAttributes:ATTRIB_ID:334" ATTRIB_MASK_INDEX="334" TAB_NAME="Dial_in" BACKUP_DATATYPE="1" />
    <RMPAttributeDetails ATTR_ID="ADSIAMADAttributes:ATTRIB_ID:335" ATTRIB_MASK_INDEX="335" TAB_NAME="Dial_in" BACKUP_DATATYPE="1" />
    <RMPAttributeDetails ATTR_ID="ADSIAMADAttributes:ATTRIB_ID:336" ATTRIB_MASK_INDEX="336" TAB_NAME="Dial_in" BACKUP_DATATYPE="1" />
    <RMPAttributeDetails ATTR_ID="ADSIAMADAttributes:ATTRIB_ID:337" ATTRIB_MASK_INDEX="337" TAB_NAME="Dial_in" BACKUP_DATATYPE="1" />
    <RMPAttributeDetails ATTR_ID="ADSIAMADAttributes:ATTRIB_ID:339" ATTRIB_MASK_INDEX="339" TAB_NAME="Dial_in" BACKUP_DATATYPE="1" />
    <RMPAttributeDetails ATTR_ID="ADSIAMADAttributes:ATTRIB_ID:341" ATTRIB_MASK_INDEX="341" TAB_NAME="Dial_in" BACKUP_DATATYPE="1" />
    <RMPAttributeDetails ATTR_ID="ADSIAMADAttributes:ATTRIB_ID:342" ATTRIB_MASK_INDEX="342" TAB_NAME="Dial_in" BACKUP_DATATYPE="1" />
    <RMPAttributeDetails ATTR_ID="ADSIAMADAttributes:ATTRIB_ID:344" ATTRIB_MASK_INDEX="344" TAB_NAME="Dial_in" BACKUP_DATATYPE="1" />
    <RMPAttributeDetails ATTR_ID="ADSIAMADAttributes:ATTRIB_ID:345" ATTRIB_MASK_INDEX="345" TAB_NAME="Dial_in" BACKUP_DATATYPE="1" />
    <RMPAttributeDetails ATTR_ID="ADSIAMADAttributes:ATTRIB_ID:357" ATTRIB_MASK_INDEX="357" TAB_NAME="Exchange_Advanced_Settings" BACKUP_DATATYPE="1" />
    <RMPAttributeDetails ATTR_ID="ADSIAMADAttributes:ATTRIB_ID:389" ATTRIB_MASK_INDEX="389" TAB_NAME="Exchange_Advanced_Settings" BACKUP_DATATYPE="1" />
    <RMPAttributeDetails ATTR_ID="ADSIAMADAttributes:ATTRIB_ID:360" ATTRIB_MASK_INDEX="360" TAB_NAME="Exchange_Advanced_Settings" BACKUP_DATATYPE="1" />
    <RMPAttributeDetails ATTR_ID="ADSIAMADAttributes:ATTRIB_ID:361" ATTRIB_MASK_INDEX="361" TAB_NAME="Exchange_Advanced_Settings" BACKUP_DATATYPE="1" />
    <RMPAttributeDetails ATTR_ID="ADSIAMADAttributes:ATTRIB_ID:308" ATTRIB_MASK_INDEX="308" TAB_NAME="Object" BACKUP_DATATYPE="1" HAS_SPECIALCASE_ON_BACKUP="true" HAS_SPECIALCASE_ON_RECOVERY="true"/>
    <RMPAttributeDetails ATTR_ID="ADSIAMADAttributes:ATTRIB_ID:418" ATTRIB_MASK_INDEX="418" TAB_NAME="Exchange_Advanced_Settings" BACKUP_DATATYPE="1" TO_SYNC="false" />
    <RMPAttributeDetails ATTR_ID="ADSIAMADAttributes:ATTRIB_ID:419" ATTRIB_MASK_INDEX="419" TAB_NAME="Exchange_Advanced_Settings" BACKUP_DATATYPE="1" TO_SYNC="false" HAS_SPECIALCASE_ON_BACKUP="true" />

    
    <!-- Contact -->

    <RMPAttributeDetails ATTR_ID="ADSIAMADAttributes:ATTRIB_ID:512" ATTRIB_MASK_INDEX="512" TAB_NAME="General" BACKUP_DATATYPE="1" />
    <RMPAttributeDetails ATTR_ID="ADSIAMADAttributes:ATTRIB_ID:513" ATTRIB_MASK_INDEX="513" TAB_NAME="General" BACKUP_DATATYPE="1" />
    <RMPAttributeDetails ATTR_ID="ADSIAMADAttributes:ATTRIB_ID:514" ATTRIB_MASK_INDEX="514" TAB_NAME="General" BACKUP_DATATYPE="1" />
    <RMPAttributeDetails ATTR_ID="ADSIAMADAttributes:ATTRIB_ID:515" ATTRIB_MASK_INDEX="515" TAB_NAME="General" BACKUP_DATATYPE="1" />
    <RMPAttributeDetails ATTR_ID="ADSIAMADAttributes:ATTRIB_ID:516" ATTRIB_MASK_INDEX="516" TAB_NAME="General" BACKUP_DATATYPE="1" />
    <RMPAttributeDetails ATTR_ID="ADSIAMADAttributes:ATTRIB_ID:517" ATTRIB_MASK_INDEX="517" TAB_NAME="General" BACKUP_DATATYPE="1" />
    <RMPAttributeDetails ATTR_ID="ADSIAMADAttributes:ATTRIB_ID:518" ATTRIB_MASK_INDEX="518" TAB_NAME="General" BACKUP_DATATYPE="1" />
    <RMPAttributeDetails ATTR_ID="ADSIAMADAttributes:ATTRIB_ID:519" ATTRIB_MASK_INDEX="519" TAB_NAME="General" BACKUP_DATATYPE="1" />
    <RMPAttributeDetails ATTR_ID="ADSIAMADAttributes:ATTRIB_ID:520" ATTRIB_MASK_INDEX="520" TAB_NAME="General" BACKUP_DATATYPE="1" />
    <RMPAttributeDetails ATTR_ID="ADSIAMADAttributes:ATTRIB_ID:521" ATTRIB_MASK_INDEX="521" TAB_NAME="General" BACKUP_DATATYPE="1" />
    <RMPAttributeDetails ATTR_ID="ADSIAMADAttributes:ATTRIB_ID:522" ATTRIB_MASK_INDEX="522" TAB_NAME="General" BACKUP_DATATYPE="1" />
    <RMPAttributeDetails ATTR_ID="ADSIAMADAttributes:ATTRIB_ID:523" ATTRIB_MASK_INDEX="523" TAB_NAME="General" BACKUP_DATATYPE="1" HAS_SPECIALCASE_ON_RECOVERY="true"/>
    <RMPAttributeDetails ATTR_ID="ADSIAMADAttributes:ATTRIB_ID:524" ATTRIB_MASK_INDEX="524" TAB_NAME="Membership" BACKUP_DATATYPE="1" TO_SYNC="false" HAS_SPECIALCASE_ON_BACKUP="true" />
    <RMPAttributeDetails ATTR_ID="ADSIAMADAttributes:ATTRIB_ID:525" ATTRIB_MASK_INDEX="525" TAB_NAME="Managed_By" BACKUP_DATATYPE="1" TO_SYNC="false" HAS_SPECIALCASE_ON_BACKUP="true" />
    <RMPAttributeDetails ATTR_ID="ADSIAMADAttributes:ATTRIB_ID:526" ATTRIB_MASK_INDEX="526" TAB_NAME="Organization" BACKUP_DATATYPE="1" TO_SYNC="false" HAS_SPECIALCASE_ON_BACKUP="true" />
    <RMPAttributeDetails ATTR_ID="ADSIAMADAttributes:ATTRIB_ID:528" ATTRIB_MASK_INDEX="528" TAB_NAME="Address" BACKUP_DATATYPE="1" />
    <RMPAttributeDetails ATTR_ID="ADSIAMADAttributes:ATTRIB_ID:529" ATTRIB_MASK_INDEX="529" TAB_NAME="Address" BACKUP_DATATYPE="1" />
    <RMPAttributeDetails ATTR_ID="ADSIAMADAttributes:ATTRIB_ID:530" ATTRIB_MASK_INDEX="530" TAB_NAME="Address" BACKUP_DATATYPE="1" />
    <RMPAttributeDetails ATTR_ID="ADSIAMADAttributes:ATTRIB_ID:531" ATTRIB_MASK_INDEX="531" TAB_NAME="Address" BACKUP_DATATYPE="1" />
    <RMPAttributeDetails ATTR_ID="ADSIAMADAttributes:ATTRIB_ID:532" ATTRIB_MASK_INDEX="532" TAB_NAME="Address" BACKUP_DATATYPE="1" />
    <RMPAttributeDetails ATTR_ID="ADSIAMADAttributes:ATTRIB_ID:533" ATTRIB_MASK_INDEX="533" TAB_NAME="Address" BACKUP_DATATYPE="1" HAS_SPECIALCASE_ON_BACKUP="true" HAS_SPECIALCASE_ON_RECOVERY="true"/>
    <RMPAttributeDetails ATTR_ID="ADSIAMADAttributes:ATTRIB_ID:542" ATTRIB_MASK_INDEX="542" TAB_NAME="Telephones" BACKUP_DATATYPE="1" />
    <RMPAttributeDetails ATTR_ID="ADSIAMADAttributes:ATTRIB_ID:543" ATTRIB_MASK_INDEX="543" TAB_NAME="Telephones" BACKUP_DATATYPE="1" />
    <RMPAttributeDetails ATTR_ID="ADSIAMADAttributes:ATTRIB_ID:544" ATTRIB_MASK_INDEX="544" TAB_NAME="Telephones" BACKUP_DATATYPE="1" />
    <RMPAttributeDetails ATTR_ID="ADSIAMADAttributes:ATTRIB_ID:545" ATTRIB_MASK_INDEX="545" TAB_NAME="Telephones" BACKUP_DATATYPE="1" />
    <RMPAttributeDetails ATTR_ID="ADSIAMADAttributes:ATTRIB_ID:546" ATTRIB_MASK_INDEX="546" TAB_NAME="Telephones" BACKUP_DATATYPE="1" />
    <RMPAttributeDetails ATTR_ID="ADSIAMADAttributes:ATTRIB_ID:547" ATTRIB_MASK_INDEX="547" TAB_NAME="Telephones" BACKUP_DATATYPE="1" />
    <RMPAttributeDetails ATTR_ID="ADSIAMADAttributes:ATTRIB_ID:548" ATTRIB_MASK_INDEX="548" TAB_NAME="Telephones" BACKUP_DATATYPE="1" />
    <RMPAttributeDetails ATTR_ID="ADSIAMADAttributes:ATTRIB_ID:549" ATTRIB_MASK_INDEX="549" TAB_NAME="Telephones" BACKUP_DATATYPE="1" />
    <RMPAttributeDetails ATTR_ID="ADSIAMADAttributes:ATTRIB_ID:550" ATTRIB_MASK_INDEX="550" TAB_NAME="Telephones" BACKUP_DATATYPE="1" />
    <RMPAttributeDetails ATTR_ID="ADSIAMADAttributes:ATTRIB_ID:551" ATTRIB_MASK_INDEX="551" TAB_NAME="Telephones" BACKUP_DATATYPE="1" />
    <RMPAttributeDetails ATTR_ID="ADSIAMADAttributes:ATTRIB_ID:552" ATTRIB_MASK_INDEX="552" TAB_NAME="Telephones" BACKUP_DATATYPE="1" />
    <RMPAttributeDetails ATTR_ID="ADSIAMADAttributes:ATTRIB_ID:553" ATTRIB_MASK_INDEX="553" TAB_NAME="Organization" BACKUP_DATATYPE="1" />
    <RMPAttributeDetails ATTR_ID="ADSIAMADAttributes:ATTRIB_ID:554" ATTRIB_MASK_INDEX="554" TAB_NAME="Organization" BACKUP_DATATYPE="1" />
    <RMPAttributeDetails ATTR_ID="ADSIAMADAttributes:ATTRIB_ID:555" ATTRIB_MASK_INDEX="555" TAB_NAME="Organization" BACKUP_DATATYPE="1" />
    <RMPAttributeDetails ATTR_ID="ADSIAMADAttributes:ATTRIB_ID:556" ATTRIB_MASK_INDEX="556" TAB_NAME="Organization" BACKUP_DATATYPE="1" TO_SYNC="false"/>
    <RMPAttributeDetails ATTR_ID="ADSIAMADAttributes:ATTRIB_ID:559" ATTRIB_MASK_INDEX="559" TAB_NAME="Security" BACKUP_DATATYPE="1" HAS_SPECIALCASE_ON_RECOVERY="true"/>
    <RMPAttributeDetails ATTR_ID="ADSIAMADAttributes:ATTRIB_ID:564" ATTRIB_MASK_INDEX="564" TAB_NAME="Object" BACKUP_DATATYPE="1" HAS_SPECIALCASE_ON_BACKUP="true" HAS_SPECIALCASE_ON_RECOVERY="true"/>
    <RMPAttributeDetails ATTR_ID="ADSIAMADAttributes:ATTRIB_ID:635" ATTRIB_MASK_INDEX="635" TAB_NAME="Exchange_General" BACKUP_DATATYPE="1" />
    <RMPAttributeDetails ATTR_ID="ADSIAMADAttributes:ATTRIB_ID:611" ATTRIB_MASK_INDEX="611" TAB_NAME="Exchange_General" BACKUP_DATATYPE="1" />
    <RMPAttributeDetails ATTR_ID="ADSIAMADAttributes:ATTRIB_ID:634" ATTRIB_MASK_INDEX="634" TAB_NAME="Exchange_General" BACKUP_DATATYPE="1" />
    <RMPAttributeDetails ATTR_ID="ADSIAMADAttributes:ATTRIB_ID:636" ATTRIB_MASK_INDEX="636" TAB_NAME="Exchange_General" BACKUP_DATATYPE="1" />
    <RMPAttributeDetails ATTR_ID="ADSIAMADAttributes:ATTRIB_ID:637" ATTRIB_MASK_INDEX="637" TAB_NAME="Exchange_General" BACKUP_DATATYPE="1" />
    <RMPAttributeDetails ATTR_ID="ADSIAMADAttributes:ATTRIB_ID:706" ATTRIB_MASK_INDEX="706" TAB_NAME="Exchange_General" BACKUP_DATATYPE="1" />
    <RMPAttributeDetails ATTR_ID="ADSIAMADAttributes:ATTRIB_ID:613" ATTRIB_MASK_INDEX="613" TAB_NAME="Exchange_Advanced_Settings" BACKUP_DATATYPE="1" />
    <RMPAttributeDetails ATTR_ID="ADSIAMADAttributes:ATTRIB_ID:645" ATTRIB_MASK_INDEX="645" TAB_NAME="Exchange_Advanced_Settings" BACKUP_DATATYPE="1" />
    <RMPAttributeDetails ATTR_ID="ADSIAMADAttributes:ATTRIB_ID:616" ATTRIB_MASK_INDEX="616" TAB_NAME="Exchange_Advanced_Settings" BACKUP_DATATYPE="1" />
    <RMPAttributeDetails ATTR_ID="ADSIAMADAttributes:ATTRIB_ID:617" ATTRIB_MASK_INDEX="617" TAB_NAME="Exchange_Advanced_Settings" BACKUP_DATATYPE="1" />
    <RMPAttributeDetails ATTR_ID="ADSIAMADAttributes:ATTRIB_ID:687" ATTRIB_MASK_INDEX="687" TAB_NAME="Exchange_General" BACKUP_DATATYPE="1" />
    <RMPAttributeDetails ATTR_ID="ADSIAMADAttributes:ATTRIB_ID:618" ATTRIB_MASK_INDEX="618" TAB_NAME="Exchange_Custom_Attr" BACKUP_DATATYPE="1" />
    <RMPAttributeDetails ATTR_ID="ADSIAMADAttributes:ATTRIB_ID:619" ATTRIB_MASK_INDEX="619" TAB_NAME="Exchange_Custom_Attr" BACKUP_DATATYPE="1" />
    <RMPAttributeDetails ATTR_ID="ADSIAMADAttributes:ATTRIB_ID:620" ATTRIB_MASK_INDEX="620" TAB_NAME="Exchange_Custom_Attr" BACKUP_DATATYPE="1" />
    <RMPAttributeDetails ATTR_ID="ADSIAMADAttributes:ATTRIB_ID:621" ATTRIB_MASK_INDEX="621" TAB_NAME="Exchange_Custom_Attr" BACKUP_DATATYPE="1" />
    <RMPAttributeDetails ATTR_ID="ADSIAMADAttributes:ATTRIB_ID:622" ATTRIB_MASK_INDEX="622" TAB_NAME="Exchange_Custom_Attr" BACKUP_DATATYPE="1" />
    <RMPAttributeDetails ATTR_ID="ADSIAMADAttributes:ATTRIB_ID:623" ATTRIB_MASK_INDEX="623" TAB_NAME="Exchange_Custom_Attr" BACKUP_DATATYPE="1" />
    <RMPAttributeDetails ATTR_ID="ADSIAMADAttributes:ATTRIB_ID:624" ATTRIB_MASK_INDEX="624" TAB_NAME="Exchange_Custom_Attr" BACKUP_DATATYPE="1" />
    <RMPAttributeDetails ATTR_ID="ADSIAMADAttributes:ATTRIB_ID:625" ATTRIB_MASK_INDEX="625" TAB_NAME="Exchange_Custom_Attr" BACKUP_DATATYPE="1" />
    <RMPAttributeDetails ATTR_ID="ADSIAMADAttributes:ATTRIB_ID:626" ATTRIB_MASK_INDEX="626" TAB_NAME="Exchange_Custom_Attr" BACKUP_DATATYPE="1" />
    <RMPAttributeDetails ATTR_ID="ADSIAMADAttributes:ATTRIB_ID:627" ATTRIB_MASK_INDEX="627" TAB_NAME="Exchange_Custom_Attr" BACKUP_DATATYPE="1" />
    <RMPAttributeDetails ATTR_ID="ADSIAMADAttributes:ATTRIB_ID:628" ATTRIB_MASK_INDEX="628" TAB_NAME="Exchange_Custom_Attr" BACKUP_DATATYPE="1" />
    <RMPAttributeDetails ATTR_ID="ADSIAMADAttributes:ATTRIB_ID:629" ATTRIB_MASK_INDEX="629" TAB_NAME="Exchange_Custom_Attr" BACKUP_DATATYPE="1" />
    <RMPAttributeDetails ATTR_ID="ADSIAMADAttributes:ATTRIB_ID:630" ATTRIB_MASK_INDEX="630" TAB_NAME="Exchange_Custom_Attr" BACKUP_DATATYPE="1" />
    <RMPAttributeDetails ATTR_ID="ADSIAMADAttributes:ATTRIB_ID:631" ATTRIB_MASK_INDEX="631" TAB_NAME="Exchange_Custom_Attr" BACKUP_DATATYPE="1" />
    <RMPAttributeDetails ATTR_ID="ADSIAMADAttributes:ATTRIB_ID:632" ATTRIB_MASK_INDEX="632" TAB_NAME="Exchange_Custom_Attr" BACKUP_DATATYPE="1" />
    <RMPAttributeDetails ATTR_ID="ADSIAMADAttributes:ATTRIB_ID:640" ATTRIB_MASK_INDEX="640" TAB_NAME="Mail_Flow_Settings_Delivery_Restrictions" BACKUP_DATATYPE="1" />
    <RMPAttributeDetails ATTR_ID="ADSIAMADAttributes:ATTRIB_ID:642" ATTRIB_MASK_INDEX="642" TAB_NAME="Email_Addresses" BACKUP_DATATYPE="1" HAS_SPECIALCASE_ON_RECOVERY="true" />
    <RMPAttributeDetails ATTR_ID="ADSIAMADAttributes:ATTRIB_ID:676" ATTRIB_MASK_INDEX="676" TAB_NAME="Email_Addresses" BACKUP_DATATYPE="1" />
    <RMPAttributeDetails ATTR_ID="ADSIAMADAttributes:ATTRIB_ID:639" ATTRIB_MASK_INDEX="639" TAB_NAME="Email_Addresses" BACKUP_DATATYPE="1" />
    <RMPAttributeDetails ATTR_ID="ADSIAMADAttributes:ATTRIB_ID:707" ATTRIB_MASK_INDEX="707" TAB_NAME="Email_Addresses" BACKUP_DATATYPE="1" />
    <RMPAttributeDetails ATTR_ID="ADSIAMADAttributes:ATTRIB_ID:615" ATTRIB_MASK_INDEX="615" TAB_NAME="MailFlow_Settings_Message_Size_Restrictions" BACKUP_DATATYPE="1" />
    <RMPAttributeDetails ATTR_ID="ADSIAMADAttributes:ATTRIB_ID:633" ATTRIB_MASK_INDEX="633" TAB_NAME="Exchange_Advanced_Settings" BACKUP_DATATYPE="1" />
    <RMPAttributeDetails ATTR_ID="ADSIAMADAttributes:ATTRIB_ID:610" ATTRIB_MASK_INDEX="610" TAB_NAME="Exchange_Advanced_Settings" BACKUP_DATATYPE="1" />
    <RMPAttributeDetails ATTR_ID="ADSIAMADAttributes:ATTRIB_ID:609" ATTRIB_MASK_INDEX="609" TAB_NAME="Exchange_Advanced_Settings" BACKUP_DATATYPE="1" />
    <RMPAttributeDetails ATTR_ID="ADSIAMADAttributes:ATTRIB_ID:608" ATTRIB_MASK_INDEX="608" TAB_NAME="Exchange_Advanced_Settings" BACKUP_DATATYPE="1" />
    <RMPAttributeDetails ATTR_ID="ADSIAMADAttributes:ATTRIB_ID:607" ATTRIB_MASK_INDEX="607" TAB_NAME="Exchange_Advanced_Settings" BACKUP_DATATYPE="1" />
    <RMPAttributeDetails ATTR_ID="ADSIAMADAttributes:ATTRIB_ID:692" ATTRIB_MASK_INDEX="692" TAB_NAME="Exchange_Advanced_Settings" BACKUP_DATATYPE="1" />
    <RMPAttributeDetails ATTR_ID="ADSIAMADAttributes:ATTRIB_ID:693" ATTRIB_MASK_INDEX="693" TAB_NAME="Exchange_Advanced_Settings" BACKUP_DATATYPE="1" />
    <RMPAttributeDetails ATTR_ID="ADSIAMADAttributes:ATTRIB_ID:643" ATTRIB_MASK_INDEX="643" TAB_NAME="Exchange_Advanced_Settings" BACKUP_DATATYPE="1" />
    <RMPAttributeDetails ATTR_ID="ADSIAMADAttributes:ATTRIB_ID:674" ATTRIB_MASK_INDEX="674" TAB_NAME="Exchange_Advanced_Settings" BACKUP_DATATYPE="1" TO_SYNC="false" />
    <RMPAttributeDetails ATTR_ID="ADSIAMADAttributes:ATTRIB_ID:675" ATTRIB_MASK_INDEX="675" TAB_NAME="Exchange_Advanced_Settings" BACKUP_DATATYPE="1" TO_SYNC="false" HAS_SPECIALCASE_ON_BACKUP="true" />
    <!-- <RMPAttributeDetails ATTR_ID="ADSIAMADAttributes:ATTRIB_ID:713" ATTRIB_MASK_INDEX="713" TAB_NAME="Special" BACKUP_DATATYPE="1" H622SPECIALCASE_ON_BACKUP="true"/> -->

    <!-- Group -->
    <RMPAttributeDetails ATTR_ID="ADSIAMADAttributes:ATTRIB_ID:771" ATTRIB_MASK_INDEX="771" TAB_NAME="General" BACKUP_DATATYPE="1" />
    <RMPAttributeDetails ATTR_ID="ADSIAMADAttributes:ATTRIB_ID:772" ATTRIB_MASK_INDEX="772" TAB_NAME="General" BACKUP_DATATYPE="1" />
    <RMPAttributeDetails ATTR_ID="ADSIAMADAttributes:ATTRIB_ID:779" ATTRIB_MASK_INDEX="779" TAB_NAME="General" BACKUP_DATATYPE="1" HAS_SPECIALCASE_ON_RECOVERY="true"/>
    <RMPAttributeDetails ATTR_ID="ADSIAMADAttributes:ATTRIB_ID:780" ATTRIB_MASK_INDEX="780" TAB_NAME="Membership" BACKUP_DATATYPE="1" TO_SYNC="false" HAS_SPECIALCASE_ON_BACKUP="true" />
    <RMPAttributeDetails ATTR_ID="ADSIAMADAttributes:ATTRIB_ID:781" ATTRIB_MASK_INDEX="781" TAB_NAME="Managed_By" BACKUP_DATATYPE="1" TO_SYNC="false" HAS_SPECIALCASE_ON_BACKUP="true" />
    <RMPAttributeDetails ATTR_ID="ADSIAMADAttributes:ATTRIB_ID:791" ATTRIB_MASK_INDEX="791" TAB_NAME="Account" BACKUP_DATATYPE="1" />
    <RMPAttributeDetails ATTR_ID="ADSIAMADAttributes:ATTRIB_ID:808" ATTRIB_MASK_INDEX="808" TAB_NAME="General" BACKUP_DATATYPE="1" />
    <RMPAttributeDetails ATTR_ID="ADSIAMADAttributes:ATTRIB_ID:815" ATTRIB_MASK_INDEX="815" TAB_NAME="Security" BACKUP_DATATYPE="1" HAS_SPECIALCASE_ON_RECOVERY="true"/>
    <RMPAttributeDetails ATTR_ID="ADSIAMADAttributes:ATTRIB_ID:829" ATTRIB_MASK_INDEX="829" TAB_NAME="Managed_By" BACKUP_DATATYPE="1" TO_SYNC="false"/>
    <RMPAttributeDetails ATTR_ID="ADSIAMADAttributes:ATTRIB_ID:840" ATTRIB_MASK_INDEX="840" TAB_NAME="General" BACKUP_DATATYPE="1" />
    <RMPAttributeDetails ATTR_ID="ADSIAMADAttributes:ATTRIB_ID:841" ATTRIB_MASK_INDEX="841" TAB_NAME="General" BACKUP_DATATYPE="1" />
    <RMPAttributeDetails ATTR_ID="ADSIAMADAttributes:ATTRIB_ID:842" ATTRIB_MASK_INDEX="842" TAB_NAME="Membership" BACKUP_DATATYPE="1" TO_SYNC="false"/>
    <RMPAttributeDetails ATTR_ID="ADSIAMADAttributes:ATTRIB_ID:891" ATTRIB_MASK_INDEX="891" TAB_NAME="Exchange_General" BACKUP_DATATYPE="1" />
    <RMPAttributeDetails ATTR_ID="ADSIAMADAttributes:ATTRIB_ID:890" ATTRIB_MASK_INDEX="890" TAB_NAME="Exchange_General" BACKUP_DATATYPE="1" />
    <RMPAttributeDetails ATTR_ID="ADSIAMADAttributes:ATTRIB_ID:892" ATTRIB_MASK_INDEX="892" TAB_NAME="Exchange_General" BACKUP_DATATYPE="1" />
    <RMPAttributeDetails ATTR_ID="ADSIAMADAttributes:ATTRIB_ID:869" ATTRIB_MASK_INDEX="869" TAB_NAME="Exchange_Advanced_Settings" BACKUP_DATATYPE="1" />
    <RMPAttributeDetails ATTR_ID="ADSIAMADAttributes:ATTRIB_ID:901" ATTRIB_MASK_INDEX="901" TAB_NAME="Exchange_Advanced_Settings" BACKUP_DATATYPE="1" />
    <RMPAttributeDetails ATTR_ID="ADSIAMADAttributes:ATTRIB_ID:872" ATTRIB_MASK_INDEX="872" TAB_NAME="Exchange_Advanced_Settings" BACKUP_DATATYPE="1" />
    <RMPAttributeDetails ATTR_ID="ADSIAMADAttributes:ATTRIB_ID:873" ATTRIB_MASK_INDEX="873" TAB_NAME="Exchange_Advanced_Settings" BACKUP_DATATYPE="1" />
    <RMPAttributeDetails ATTR_ID="ADSIAMADAttributes:ATTRIB_ID:874" ATTRIB_MASK_INDEX="874" TAB_NAME="Exchange_Custom_Attr" BACKUP_DATATYPE="1" />
    <RMPAttributeDetails ATTR_ID="ADSIAMADAttributes:ATTRIB_ID:875" ATTRIB_MASK_INDEX="875" TAB_NAME="Exchange_Custom_Attr" BACKUP_DATATYPE="1" />
    <RMPAttributeDetails ATTR_ID="ADSIAMADAttributes:ATTRIB_ID:876" ATTRIB_MASK_INDEX="876" TAB_NAME="Exchange_Custom_Attr" BACKUP_DATATYPE="1" />
    <RMPAttributeDetails ATTR_ID="ADSIAMADAttributes:ATTRIB_ID:877" ATTRIB_MASK_INDEX="877" TAB_NAME="Exchange_Custom_Attr" BACKUP_DATATYPE="1" />
    <RMPAttributeDetails ATTR_ID="ADSIAMADAttributes:ATTRIB_ID:878" ATTRIB_MASK_INDEX="878" TAB_NAME="Exchange_Custom_Attr" BACKUP_DATATYPE="1" />
    <RMPAttributeDetails ATTR_ID="ADSIAMADAttributes:ATTRIB_ID:879" ATTRIB_MASK_INDEX="879" TAB_NAME="Exchange_Custom_Attr" BACKUP_DATATYPE="1" />
    <RMPAttributeDetails ATTR_ID="ADSIAMADAttributes:ATTRIB_ID:880" ATTRIB_MASK_INDEX="880" TAB_NAME="Exchange_Custom_Attr" BACKUP_DATATYPE="1" />
    <RMPAttributeDetails ATTR_ID="ADSIAMADAttributes:ATTRIB_ID:881" ATTRIB_MASK_INDEX="881" TAB_NAME="Exchange_Custom_Attr" BACKUP_DATATYPE="1" />
    <RMPAttributeDetails ATTR_ID="ADSIAMADAttributes:ATTRIB_ID:882" ATTRIB_MASK_INDEX="882" TAB_NAME="Exchange_Custom_Attr" BACKUP_DATATYPE="1" />
    <RMPAttributeDetails ATTR_ID="ADSIAMADAttributes:ATTRIB_ID:883" ATTRIB_MASK_INDEX="883" TAB_NAME="Exchange_Custom_Attr" BACKUP_DATATYPE="1" />
    <RMPAttributeDetails ATTR_ID="ADSIAMADAttributes:ATTRIB_ID:884" ATTRIB_MASK_INDEX="884" TAB_NAME="Exchange_Custom_Attr" BACKUP_DATATYPE="1" />
    <RMPAttributeDetails ATTR_ID="ADSIAMADAttributes:ATTRIB_ID:885" ATTRIB_MASK_INDEX="885" TAB_NAME="Exchange_Custom_Attr" BACKUP_DATATYPE="1" />
    <RMPAttributeDetails ATTR_ID="ADSIAMADAttributes:ATTRIB_ID:886" ATTRIB_MASK_INDEX="886" TAB_NAME="Exchange_Custom_Attr" BACKUP_DATATYPE="1" />
    <RMPAttributeDetails ATTR_ID="ADSIAMADAttributes:ATTRIB_ID:887" ATTRIB_MASK_INDEX="887" TAB_NAME="Exchange_Custom_Attr" BACKUP_DATATYPE="1" />
    <RMPAttributeDetails ATTR_ID="ADSIAMADAttributes:ATTRIB_ID:888" ATTRIB_MASK_INDEX="888" TAB_NAME="Exchange_Custom_Attr" BACKUP_DATATYPE="1" />
    <RMPAttributeDetails ATTR_ID="ADSIAMADAttributes:ATTRIB_ID:898" ATTRIB_MASK_INDEX="898" TAB_NAME="Email_Addresses" BACKUP_DATATYPE="1" HAS_SPECIALCASE_ON_RECOVERY="true" />
    <RMPAttributeDetails ATTR_ID="ADSIAMADAttributes:ATTRIB_ID:932" ATTRIB_MASK_INDEX="932" TAB_NAME="Email_Addresses" BACKUP_DATATYPE="1" />
    <RMPAttributeDetails ATTR_ID="ADSIAMADAttributes:ATTRIB_ID:895" ATTRIB_MASK_INDEX="895" TAB_NAME="Email_Addresses" BACKUP_DATATYPE="1" />
    <RMPAttributeDetails ATTR_ID="ADSIAMADAttributes:ATTRIB_ID:958" ATTRIB_MASK_INDEX="958" TAB_NAME="Exchange_Advanced" BACKUP_DATATYPE="1" />
    <RMPAttributeDetails ATTR_ID="ADSIAMADAttributes:ATTRIB_ID:959" ATTRIB_MASK_INDEX="959" TAB_NAME="Exchange_Advanced" BACKUP_DATATYPE="1" />
    <RMPAttributeDetails ATTR_ID="ADSIAMADAttributes:ATTRIB_ID:960" ATTRIB_MASK_INDEX="960" TAB_NAME="Exchange_Advanced" BACKUP_DATATYPE="1" />
    <RMPAttributeDetails ATTR_ID="ADSIAMADAttributes:ATTRIB_ID:961" ATTRIB_MASK_INDEX="961" TAB_NAME="Exchange_Advanced" BACKUP_DATATYPE="1" />
    <RMPAttributeDetails ATTR_ID="ADSIAMADAttributes:ATTRIB_ID:893" ATTRIB_MASK_INDEX="893" TAB_NAME="Exchange_Advanced" BACKUP_DATATYPE="1" />
    <RMPAttributeDetails ATTR_ID="ADSIAMADAttributes:ATTRIB_ID:867" ATTRIB_MASK_INDEX="867" TAB_NAME="Exchange_Advanced" BACKUP_DATATYPE="1" />
    <RMPAttributeDetails ATTR_ID="ADSIAMADAttributes:ATTRIB_ID:871" ATTRIB_MASK_INDEX="871" TAB_NAME="MailFlow_Settings_Message_Size_Restrictions" BACKUP_DATATYPE="1" />
    <RMPAttributeDetails ATTR_ID="ADSIAMADAttributes:ATTRIB_ID:964" ATTRIB_MASK_INDEX="964" TAB_NAME="Membership_Approval" BACKUP_DATATYPE="1" />
    <RMPAttributeDetails ATTR_ID="ADSIAMADAttributes:ATTRIB_ID:965" ATTRIB_MASK_INDEX="965" TAB_NAME="Membership_Approval" BACKUP_DATATYPE="1" />
    <RMPAttributeDetails ATTR_ID="ADSIAMADAttributes:ATTRIB_ID:889" ATTRIB_MASK_INDEX="889" TAB_NAME="Exchange_Advanced_Settings" BACKUP_DATATYPE="1" />
    <RMPAttributeDetails ATTR_ID="ADSIAMADAttributes:ATTRIB_ID:866" ATTRIB_MASK_INDEX="866" TAB_NAME="Exchange_Advanced_Settings" BACKUP_DATATYPE="1" />
    <RMPAttributeDetails ATTR_ID="ADSIAMADAttributes:ATTRIB_ID:865" ATTRIB_MASK_INDEX="865" TAB_NAME="Exchange_Advanced_Settings" BACKUP_DATATYPE="1" />
    <RMPAttributeDetails ATTR_ID="ADSIAMADAttributes:ATTRIB_ID:864" ATTRIB_MASK_INDEX="864" TAB_NAME="Exchange_Advanced_Settings" BACKUP_DATATYPE="1" />
    <RMPAttributeDetails ATTR_ID="ADSIAMADAttributes:ATTRIB_ID:863" ATTRIB_MASK_INDEX="863" TAB_NAME="Exchange_Advanced_Settings" BACKUP_DATATYPE="1" />
    <RMPAttributeDetails ATTR_ID="ADSIAMADAttributes:ATTRIB_ID:948" ATTRIB_MASK_INDEX="948" TAB_NAME="Exchange_Advanced_Settings" BACKUP_DATATYPE="1" />
    <RMPAttributeDetails ATTR_ID="ADSIAMADAttributes:ATTRIB_ID:949" ATTRIB_MASK_INDEX="949" TAB_NAME="Exchange_Advanced_Settings" BACKUP_DATATYPE="1" />
    <RMPAttributeDetails ATTR_ID="ADSIAMADAttributes:ATTRIB_ID:899" ATTRIB_MASK_INDEX="899" TAB_NAME="Exchange_Advanced_Settings" BACKUP_DATATYPE="1" />
    <RMPAttributeDetails ATTR_ID="ADSIAMADAttributes:ATTRIB_ID:957" ATTRIB_MASK_INDEX="957" TAB_NAME="Exchange_Advanced_Settings" BACKUP_DATATYPE="1" />
    <RMPAttributeDetails ATTR_ID="ADSIAMADAttributes:ATTRIB_ID:820" ATTRIB_MASK_INDEX="820" TAB_NAME="Object" BACKUP_DATATYPE="1" HAS_SPECIALCASE_ON_BACKUP="true" HAS_SPECIALCASE_ON_RECOVERY="true"/>
    <RMPAttributeDetails ATTR_ID="ADSIAMADAttributes:ATTRIB_ID:930" ATTRIB_MASK_INDEX="930" TAB_NAME="Exchange_Advanced_Settings" BACKUP_DATATYPE="1" TO_SYNC="false" />
    <RMPAttributeDetails ATTR_ID="ADSIAMADAttributes:ATTRIB_ID:931" ATTRIB_MASK_INDEX="931" TAB_NAME="Exchange_Advanced_Settings" BACKUP_DATATYPE="1" TO_SYNC="false" HAS_SPECIALCASE_ON_BACKUP="true" />

    <!-- OU -->
    <RMPAttributeDetails ATTR_ID="ADSIAMADAttributes:ATTRIB_ID:1027" ATTRIB_MASK_INDEX="1027" TAB_NAME="General" BACKUP_DATATYPE="1" />
    <RMPAttributeDetails ATTR_ID="ADSIAMADAttributes:ATTRIB_ID:1028" ATTRIB_MASK_INDEX="1028" TAB_NAME="General" BACKUP_DATATYPE="1" />
    <RMPAttributeDetails ATTR_ID="ADSIAMADAttributes:ATTRIB_ID:1029" ATTRIB_MASK_INDEX="1029" TAB_NAME="General" BACKUP_DATATYPE="1" />
    <RMPAttributeDetails ATTR_ID="ADSIAMADAttributes:ATTRIB_ID:1030" ATTRIB_MASK_INDEX="1030" TAB_NAME="General" BACKUP_DATATYPE="1" />
    <RMPAttributeDetails ATTR_ID="ADSIAMADAttributes:ATTRIB_ID:1033" ATTRIB_MASK_INDEX="1033" TAB_NAME="General" BACKUP_DATATYPE="1" />
    <RMPAttributeDetails ATTR_ID="ADSIAMADAttributes:ATTRIB_ID:1035" ATTRIB_MASK_INDEX="1035" TAB_NAME="General" BACKUP_DATATYPE="1" HAS_SPECIALCASE_ON_RECOVERY="true"/>
    <RMPAttributeDetails ATTR_ID="ADSIAMADAttributes:ATTRIB_ID:1040" ATTRIB_MASK_INDEX="1040" TAB_NAME="Address" BACKUP_DATATYPE="1" />
    <RMPAttributeDetails ATTR_ID="ADSIAMADAttributes:ATTRIB_ID:1041" ATTRIB_MASK_INDEX="1041" TAB_NAME="Address" BACKUP_DATATYPE="1" />
    <RMPAttributeDetails ATTR_ID="ADSIAMADAttributes:ATTRIB_ID:1042" ATTRIB_MASK_INDEX="1042" TAB_NAME="Address" BACKUP_DATATYPE="1" />
    <RMPAttributeDetails ATTR_ID="ADSIAMADAttributes:ATTRIB_ID:1043" ATTRIB_MASK_INDEX="1043" TAB_NAME="Address" BACKUP_DATATYPE="1" />
    <RMPAttributeDetails ATTR_ID="ADSIAMADAttributes:ATTRIB_ID:1044" ATTRIB_MASK_INDEX="1044" TAB_NAME="Address" BACKUP_DATATYPE="1" />
    <RMPAttributeDetails ATTR_ID="ADSIAMADAttributes:ATTRIB_ID:1045" ATTRIB_MASK_INDEX="1045" TAB_NAME="Address" BACKUP_DATATYPE="1" HAS_SPECIALCASE_ON_BACKUP="true" HAS_SPECIALCASE_ON_RECOVERY="true"/>
    <RMPAttributeDetails ATTR_ID="ADSIAMADAttributes:ATTRIB_ID:1071" ATTRIB_MASK_INDEX="1071" TAB_NAME="Security" BACKUP_DATATYPE="1" HAS_SPECIALCASE_ON_RECOVERY="true"/>
    <RMPAttributeDetails ATTR_ID="ADSIAMADAttributes:ATTRIB_ID:1085" ATTRIB_MASK_INDEX="1085" TAB_NAME="Managed_By" BACKUP_DATATYPE="1" TO_SYNC="false"/>
    <RMPAttributeDetails ATTR_ID="ADSIAMADAttributes:ATTRIB_ID:1101" ATTRIB_MASK_INDEX="1101" TAB_NAME="GpLink" BACKUP_DATATYPE="1"  TO_SYNC="false" />
    <RMPAttributeDetails ATTR_ID="ADSIAMADAttributes:ATTRIB_ID:1076" ATTRIB_MASK_INDEX="1076" TAB_NAME="Object" BACKUP_DATATYPE="1" HAS_SPECIALCASE_ON_BACKUP="true" HAS_SPECIALCASE_ON_RECOVERY="true"/>

    <RMPAttributeDetails ATTR_ID="ADSIAMADAttributes:ATTRIB_ID:1327" ATTRIB_MASK_INDEX="1327" TAB_NAME="General" BACKUP_DATATYPE="1" HAS_SPECIALCASE_ON_RECOVERY="true"/>
    <RMPAttributeDetails ATTR_ID="ADSIAMADAttributes:ATTRIB_ID:1332" ATTRIB_MASK_INDEX="1332" TAB_NAME="General" BACKUP_DATATYPE="1" HAS_SPECIALCASE_ON_BACKUP="true" HAS_SPECIALCASE_ON_RECOVERY="true"/>
    <RMPAttributeDetails ATTR_ID="ADSIAMADAttributes:ATTRIB_ID:1362" ATTRIB_MASK_INDEX="1362" TAB_NAME="DNS" BACKUP_DATATYPE="1" />
    <RMPAttributeDetails ATTR_ID="ADSIAMADAttributes:ATTRIB_ID:1364" ATTRIB_MASK_INDEX="1364" TAB_NAME="DNS" BACKUP_DATATYPE="1" HAS_SPECIALCASE_ON_RECOVERY="true"/>

    <RMPAttributeDetails ATTR_ID="ADSIAMADAttributes:ATTRIB_ID:1583" ATTRIB_MASK_INDEX="1583" TAB_NAME="General" BACKUP_DATATYPE="1" HAS_SPECIALCASE_ON_RECOVERY="true"/>
    <RMPAttributeDetails ATTR_ID="ADSIAMADAttributes:ATTRIB_ID:1588" ATTRIB_MASK_INDEX="1588" TAB_NAME="General" BACKUP_DATATYPE="1" HAS_SPECIALCASE_ON_BACKUP="true" HAS_SPECIALCASE_ON_RECOVERY="true"/>
    <RMPAttributeDetails ATTR_ID="ADSIAMADAttributes:ATTRIB_ID:1618" ATTRIB_MASK_INDEX="1618" TAB_NAME="DNS" BACKUP_DATATYPE="1" />
    <RMPAttributeDetails ATTR_ID="ADSIAMADAttributes:ATTRIB_ID:1623" ATTRIB_MASK_INDEX="1623" TAB_NAME="DNS" BACKUP_DATATYPE="1" TO_SYNC="false"/>
    
    <!-- GPO AD Attributes Start Here (From 1792) -->
    <RMPAttributeDetails ATTR_ID="ADSIAMADAttributes:ATTRIB_ID:1794" ATTRIB_MASK_INDEX="1794" TAB_NAME="General" BACKUP_DATATYPE="1" />
    <RMPAttributeDetails ATTR_ID="ADSIAMADAttributes:ATTRIB_ID:1803" ATTRIB_MASK_INDEX="1803" TAB_NAME="General" BACKUP_DATATYPE="1" />
    <RMPAttributeDetails ATTR_ID="ADSIAMADAttributes:ATTRIB_ID:1796" ATTRIB_MASK_INDEX="1796" TAB_NAME="General" BACKUP_DATATYPE="1" />
    <RMPAttributeDetails ATTR_ID="ADSIAMADAttributes:ATTRIB_ID:1801" ATTRIB_MASK_INDEX="1801" TAB_NAME="General" BACKUP_DATATYPE="1" />
    <RMPAttributeDetails ATTR_ID="ADSIAMADAttributes:ATTRIB_ID:1802" ATTRIB_MASK_INDEX="1802" TAB_NAME="General" BACKUP_DATATYPE="1" />
    <RMPAttributeDetails ATTR_ID="ADSIAMADAttributes:ATTRIB_ID:1839" ATTRIB_MASK_INDEX="1839" TAB_NAME="General" BACKUP_DATATYPE="1" HAS_SPECIALCASE_ON_RECOVERY="true"/>
    <RMPAttributeDetails ATTR_ID="ADSIAMADAttributes:ATTRIB_ID:1844" ATTRIB_MASK_INDEX="1844" TAB_NAME="Object" BACKUP_DATATYPE="1" HAS_SPECIALCASE_ON_BACKUP="true" HAS_SPECIALCASE_ON_RECOVERY="true" />
    <RMPAttributeDetails ATTR_ID="ADSIAMADAttributes:ATTRIB_ID:1885" ATTRIB_MASK_INDEX="1885" TAB_NAME="PolicySetting" BACKUP_DATATYPE="1" HAS_SPECIALCASE_ON_BACKUP="true" />
    <RMPAttributeDetails ATTR_ID="ADSIAMADAttributes:ATTRIB_ID:1892" ATTRIB_MASK_INDEX="1892" TAB_NAME="General" BACKUP_DATATYPE="1" TO_SYNC="false" HAS_SPECIALCASE_ON_BACKUP="true" />
    <!-- GPO AD Attributes Ends Here -->
    
    <RMPAttributeDetails ATTR_ID="ADSIAMADAttributes:ATTRIB_ID:2059" ATTRIB_MASK_INDEX="2059" TAB_NAME="General" BACKUP_DATATYPE="1" />
    <RMPAttributeDetails ATTR_ID="ADSIAMADAttributes:ATTRIB_ID:2100" ATTRIB_MASK_INDEX="2100" TAB_NAME="General" BACKUP_DATATYPE="1" />
    <RMPAttributeDetails ATTR_ID="ADSIAMADAttributes:ATTRIB_ID:2125" ATTRIB_MASK_INDEX="2125" TAB_NAME="GpLink" BACKUP_DATATYPE="1" TO_SYNC="false" />

    <!-- Dynamic DL Group -->
    <RMPAttributeDetails ATTR_ID="ADSIAMADAttributes:ATTRIB_ID:2307" ATTRIB_MASK_INDEX="2307" TAB_NAME="General" BACKUP_DATATYPE="1" />
    <RMPAttributeDetails ATTR_ID="ADSIAMADAttributes:ATTRIB_ID:2308" ATTRIB_MASK_INDEX="2308" TAB_NAME="General" BACKUP_DATATYPE="1" />
    <RMPAttributeDetails ATTR_ID="ADSIAMADAttributes:ATTRIB_ID:2310" ATTRIB_MASK_INDEX="2310" TAB_NAME="Exchange_Advanced" BACKUP_DATATYPE="1" />
    <RMPAttributeDetails ATTR_ID="ADSIAMADAttributes:ATTRIB_ID:2312" ATTRIB_MASK_INDEX="2312" TAB_NAME="General" BACKUP_DATATYPE="1" />
    <RMPAttributeDetails ATTR_ID="ADSIAMADAttributes:ATTRIB_ID:2315" ATTRIB_MASK_INDEX="2315" TAB_NAME="General" BACKUP_DATATYPE="1" HAS_SPECIALCASE_ON_RECOVERY="true"/>
    <RMPAttributeDetails ATTR_ID="ADSIAMADAttributes:ATTRIB_ID:2316" ATTRIB_MASK_INDEX="2316" TAB_NAME="Membership" BACKUP_DATATYPE="1" TO_SYNC="false" HAS_SPECIALCASE_ON_BACKUP="true" />
    <RMPAttributeDetails ATTR_ID="ADSIAMADAttributes:ATTRIB_ID:2317" ATTRIB_MASK_INDEX="2317" TAB_NAME="Managed_By" BACKUP_DATATYPE="1" TO_SYNC="false" HAS_SPECIALCASE_ON_BACKUP="true" />
    <RMPAttributeDetails ATTR_ID="ADSIAMADAttributes:ATTRIB_ID:2318" ATTRIB_MASK_INDEX="2318" TAB_NAME="Organization" BACKUP_DATATYPE="1" TO_SYNC="false" HAS_SPECIALCASE_ON_BACKUP="true" />
    <RMPAttributeDetails ATTR_ID="ADSIAMADAttributes:ATTRIB_ID:2319" ATTRIB_MASK_INDEX="2319" TAB_NAME="General" BACKUP_DATATYPE="1" />
    <RMPAttributeDetails ATTR_ID="ADSIAMADAttributes:ATTRIB_ID:2344" ATTRIB_MASK_INDEX="2344" TAB_NAME="General" BACKUP_DATATYPE="1" />
    <RMPAttributeDetails ATTR_ID="ADSIAMADAttributes:ATTRIB_ID:2351" ATTRIB_MASK_INDEX="2351" TAB_NAME="Security" BACKUP_DATATYPE="1" HAS_SPECIALCASE_ON_RECOVERY="true"/>
    <RMPAttributeDetails ATTR_ID="ADSIAMADAttributes:ATTRIB_ID:2352" ATTRIB_MASK_INDEX="2352" TAB_NAME="Exchange_Advanced" BACKUP_DATATYPE="1" />
    <RMPAttributeDetails ATTR_ID="ADSIAMADAttributes:ATTRIB_ID:2356" ATTRIB_MASK_INDEX="2356" TAB_NAME="General" BACKUP_DATATYPE="1" HAS_SPECIALCASE_ON_BACKUP="true" HAS_SPECIALCASE_ON_RECOVERY="true"/>
    <RMPAttributeDetails ATTR_ID="ADSIAMADAttributes:ATTRIB_ID:2365" ATTRIB_MASK_INDEX="2365" TAB_NAME="Managed_By" BACKUP_DATATYPE="1" TO_SYNC="false"/>
    <RMPAttributeDetails ATTR_ID="ADSIAMADAttributes:ATTRIB_ID:2394" ATTRIB_MASK_INDEX="2394" TAB_NAME="Message_Approval" BACKUP_DATATYPE="1" />
    <RMPAttributeDetails ATTR_ID="ADSIAMADAttributes:ATTRIB_ID:2396" ATTRIB_MASK_INDEX="2396" TAB_NAME="Message_Approval" BACKUP_DATATYPE="1" />
    <RMPAttributeDetails ATTR_ID="ADSIAMADAttributes:ATTRIB_ID:2399" ATTRIB_MASK_INDEX="2399" TAB_NAME="Exchange_Advanced" BACKUP_DATATYPE="1" />
    <RMPAttributeDetails ATTR_ID="ADSIAMADAttributes:ATTRIB_ID:2400" ATTRIB_MASK_INDEX="2400" TAB_NAME="Message_Approval" BACKUP_DATATYPE="1" />
    <RMPAttributeDetails ATTR_ID="ADSIAMADAttributes:ATTRIB_ID:2401" ATTRIB_MASK_INDEX="2401" TAB_NAME="Exchange_Advanced" BACKUP_DATATYPE="1" />
    <RMPAttributeDetails ATTR_ID="ADSIAMADAttributes:ATTRIB_ID:2402" ATTRIB_MASK_INDEX="2402" TAB_NAME="Exchange_Advanced" BACKUP_DATATYPE="1" />
    <RMPAttributeDetails ATTR_ID="ADSIAMADAttributes:ATTRIB_ID:2403" ATTRIB_MASK_INDEX="2403" TAB_NAME="General" BACKUP_DATATYPE="1" />
    <RMPAttributeDetails ATTR_ID="ADSIAMADAttributes:ATTRIB_ID:2405" ATTRIB_MASK_INDEX="2405" TAB_NAME="Delivery_Management" BACKUP_DATATYPE="1" />
    <RMPAttributeDetails ATTR_ID="ADSIAMADAttributes:ATTRIB_ID:2407" ATTRIB_MASK_INDEX="2407" TAB_NAME="Exchange_Advanced" BACKUP_DATATYPE="1" />
    <RMPAttributeDetails ATTR_ID="ADSIAMADAttributes:ATTRIB_ID:2408" ATTRIB_MASK_INDEX="2408" TAB_NAME="Delivery_Management" BACKUP_DATATYPE="1" />
    <RMPAttributeDetails ATTR_ID="ADSIAMADAttributes:ATTRIB_ID:2409" ATTRIB_MASK_INDEX="2409" TAB_NAME="Delivery_Management" BACKUP_DATATYPE="1" />
    <RMPAttributeDetails ATTR_ID="ADSIAMADAttributes:ATTRIB_ID:2410" ATTRIB_MASK_INDEX="2410" TAB_NAME="Exchange_Custom_Attr" BACKUP_DATATYPE="1" />
    <RMPAttributeDetails ATTR_ID="ADSIAMADAttributes:ATTRIB_ID:2411" ATTRIB_MASK_INDEX="2411" TAB_NAME="Exchange_Custom_Attr" BACKUP_DATATYPE="1" />
    <RMPAttributeDetails ATTR_ID="ADSIAMADAttributes:ATTRIB_ID:2412" ATTRIB_MASK_INDEX="2412" TAB_NAME="Exchange_Custom_Attr" BACKUP_DATATYPE="1" />
    <RMPAttributeDetails ATTR_ID="ADSIAMADAttributes:ATTRIB_ID:2413" ATTRIB_MASK_INDEX="2413" TAB_NAME="Exchange_Custom_Attr" BACKUP_DATATYPE="1" />
    <RMPAttributeDetails ATTR_ID="ADSIAMADAttributes:ATTRIB_ID:2414" ATTRIB_MASK_INDEX="2414" TAB_NAME="Exchange_Custom_Attr" BACKUP_DATATYPE="1" />
    <RMPAttributeDetails ATTR_ID="ADSIAMADAttributes:ATTRIB_ID:2415" ATTRIB_MASK_INDEX="2415" TAB_NAME="Exchange_Custom_Attr" BACKUP_DATATYPE="1" />
    <RMPAttributeDetails ATTR_ID="ADSIAMADAttributes:ATTRIB_ID:2416" ATTRIB_MASK_INDEX="2416" TAB_NAME="Exchange_Custom_Attr" BACKUP_DATATYPE="1" />
    <RMPAttributeDetails ATTR_ID="ADSIAMADAttributes:ATTRIB_ID:2417" ATTRIB_MASK_INDEX="2417" TAB_NAME="Exchange_Custom_Attr" BACKUP_DATATYPE="1" />
    <RMPAttributeDetails ATTR_ID="ADSIAMADAttributes:ATTRIB_ID:2418" ATTRIB_MASK_INDEX="2418" TAB_NAME="Exchange_Custom_Attr" BACKUP_DATATYPE="1" />
    <RMPAttributeDetails ATTR_ID="ADSIAMADAttributes:ATTRIB_ID:2419" ATTRIB_MASK_INDEX="2419" TAB_NAME="Exchange_Custom_Attr" BACKUP_DATATYPE="1" />
    <RMPAttributeDetails ATTR_ID="ADSIAMADAttributes:ATTRIB_ID:2420" ATTRIB_MASK_INDEX="2420" TAB_NAME="Exchange_Custom_Attr" BACKUP_DATATYPE="1" />
    <RMPAttributeDetails ATTR_ID="ADSIAMADAttributes:ATTRIB_ID:2421" ATTRIB_MASK_INDEX="2421" TAB_NAME="Exchange_Custom_Attr" BACKUP_DATATYPE="1" />
    <RMPAttributeDetails ATTR_ID="ADSIAMADAttributes:ATTRIB_ID:2422" ATTRIB_MASK_INDEX="2422" TAB_NAME="Exchange_Custom_Attr" BACKUP_DATATYPE="1" />
    <RMPAttributeDetails ATTR_ID="ADSIAMADAttributes:ATTRIB_ID:2423" ATTRIB_MASK_INDEX="2423" TAB_NAME="Exchange_Custom_Attr" BACKUP_DATATYPE="1" />
    <RMPAttributeDetails ATTR_ID="ADSIAMADAttributes:ATTRIB_ID:2424" ATTRIB_MASK_INDEX="2424" TAB_NAME="Exchange_Custom_Attr" BACKUP_DATATYPE="1" />
    <RMPAttributeDetails ATTR_ID="ADSIAMADAttributes:ATTRIB_ID:2425" ATTRIB_MASK_INDEX="2425" TAB_NAME="Exchange_Advanced" BACKUP_DATATYPE="1" />
    <RMPAttributeDetails ATTR_ID="ADSIAMADAttributes:ATTRIB_ID:2426" ATTRIB_MASK_INDEX="2426" TAB_NAME="General" BACKUP_DATATYPE="1" />
    <RMPAttributeDetails ATTR_ID="ADSIAMADAttributes:ATTRIB_ID:2427" ATTRIB_MASK_INDEX="2427" TAB_NAME="General" BACKUP_DATATYPE="1" />
    <RMPAttributeDetails ATTR_ID="ADSIAMADAttributes:ATTRIB_ID:2428" ATTRIB_MASK_INDEX="2428" TAB_NAME="General" BACKUP_DATATYPE="1" />
    <RMPAttributeDetails ATTR_ID="ADSIAMADAttributes:ATTRIB_ID:2429" ATTRIB_MASK_INDEX="2429" TAB_NAME="General" BACKUP_DATATYPE="1" />
    <RMPAttributeDetails ATTR_ID="ADSIAMADAttributes:ATTRIB_ID:2431" ATTRIB_MASK_INDEX="2431" TAB_NAME="Email_Addresses" BACKUP_DATATYPE="1" />
    <RMPAttributeDetails ATTR_ID="ADSIAMADAttributes:ATTRIB_ID:2432" ATTRIB_MASK_INDEX="2432" TAB_NAME="Delivery_Management" BACKUP_DATATYPE="1" />
    <RMPAttributeDetails ATTR_ID="ADSIAMADAttributes:ATTRIB_ID:2434" ATTRIB_MASK_INDEX="2434" TAB_NAME="Email_Addresses" BACKUP_DATATYPE="1" HAS_SPECIALCASE_ON_RECOVERY="true" />
    <RMPAttributeDetails ATTR_ID="ADSIAMADAttributes:ATTRIB_ID:2435" ATTRIB_MASK_INDEX="2435" TAB_NAME="Exchange_Advanced" BACKUP_DATATYPE="1" />
    <RMPAttributeDetails ATTR_ID="ADSIAMADAttributes:ATTRIB_ID:2437" ATTRIB_MASK_INDEX="2437" TAB_NAME="Delivery_Management" BACKUP_DATATYPE="1" />
    <RMPAttributeDetails ATTR_ID="ADSIAMADAttributes:ATTRIB_ID:2439" ATTRIB_MASK_INDEX="2439" TAB_NAME="Exchange_Advanced" BACKUP_DATATYPE="1" />
    <RMPAttributeDetails ATTR_ID="ADSIAMADAttributes:ATTRIB_ID:2464" ATTRIB_MASK_INDEX="2464" TAB_NAME="Membership" BACKUP_DATATYPE="1" />
    <RMPAttributeDetails ATTR_ID="ADSIAMADAttributes:ATTRIB_ID:2465" ATTRIB_MASK_INDEX="2465" TAB_NAME="Membership" BACKUP_DATATYPE="1" />
    <RMPAttributeDetails ATTR_ID="ADSIAMADAttributes:ATTRIB_ID:2466" ATTRIB_MASK_INDEX="2466" TAB_NAME="Message_Approval" BACKUP_DATATYPE="1" TO_SYNC="false" />
    <RMPAttributeDetails ATTR_ID="ADSIAMADAttributes:ATTRIB_ID:2467" ATTRIB_MASK_INDEX="2467" TAB_NAME="Message_Approval" BACKUP_DATATYPE="1" TO_SYNC="false" HAS_SPECIALCASE_ON_BACKUP="true" />
    <RMPAttributeDetails ATTR_ID="ADSIAMADAttributes:ATTRIB_ID:2468" ATTRIB_MASK_INDEX="2468" TAB_NAME="Email_Addresses" BACKUP_DATATYPE="1" />
    <RMPAttributeDetails ATTR_ID="ADSIAMADAttributes:ATTRIB_ID:2469" ATTRIB_MASK_INDEX="2469" TAB_NAME="MailTip" BACKUP_DATATYPE="1" />
    <RMPAttributeDetails ATTR_ID="ADSIAMADAttributes:ATTRIB_ID:2470" ATTRIB_MASK_INDEX="2470" TAB_NAME="Membership" BACKUP_DATATYPE="1" />
    <RMPAttributeDetails ATTR_ID="ADSIAMADAttributes:ATTRIB_ID:2472" ATTRIB_MASK_INDEX="2472" TAB_NAME="Other_Info" BACKUP_DATATYPE="1" />
    <RMPAttributeDetails ATTR_ID="ADSIAMADAttributes:ATTRIB_ID:2474" ATTRIB_MASK_INDEX="2474" TAB_NAME="Exchange_Advanced" BACKUP_DATATYPE="1" />
    <RMPAttributeDetails ATTR_ID="ADSIAMADAttributes:ATTRIB_ID:2476" ATTRIB_MASK_INDEX="2476" TAB_NAME="Exchange_Advanced" BACKUP_DATATYPE="1" />
    <RMPAttributeDetails ATTR_ID="ADSIAMADAttributes:ATTRIB_ID:2484" ATTRIB_MASK_INDEX="2484" TAB_NAME="Exchange_Advanced" BACKUP_DATATYPE="1" />
    <RMPAttributeDetails ATTR_ID="ADSIAMADAttributes:ATTRIB_ID:2485" ATTRIB_MASK_INDEX="2485" TAB_NAME="Exchange_Advanced" BACKUP_DATATYPE="1" />
    <RMPAttributeDetails ATTR_ID="ADSIAMADAttributes:ATTRIB_ID:2487" ATTRIB_MASK_INDEX="2487" TAB_NAME="Exchange_Advanced" BACKUP_DATATYPE="1" />
    <RMPAttributeDetails ATTR_ID="ADSIAMADAttributes:ATTRIB_ID:2493" ATTRIB_MASK_INDEX="2493" TAB_NAME="Exchange_Advanced" BACKUP_DATATYPE="1" />
    <RMPAttributeDetails ATTR_ID="ADSIAMADAttributes:ATTRIB_ID:2494" ATTRIB_MASK_INDEX="2494" TAB_NAME="Exchange_Advanced" BACKUP_DATATYPE="1" />
    <RMPAttributeDetails ATTR_ID="ADSIAMADAttributes:ATTRIB_ID:2495" ATTRIB_MASK_INDEX="2495" TAB_NAME="Exchange_Advanced" BACKUP_DATATYPE="1" />
    <RMPAttributeDetails ATTR_ID="ADSIAMADAttributes:ATTRIB_ID:2496" ATTRIB_MASK_INDEX="2496" TAB_NAME="Exchange_Advanced" BACKUP_DATATYPE="1" />
    <RMPAttributeDetails ATTR_ID="ADSIAMADAttributes:ATTRIB_ID:2497" ATTRIB_MASK_INDEX="2497" TAB_NAME="Exchange_Advanced" BACKUP_DATATYPE="1" />
    <RMPAttributeDetails ATTR_ID="ADSIAMADAttributes:ATTRIB_ID:2502" ATTRIB_MASK_INDEX="2502" TAB_NAME="Group_Delegation" BACKUP_DATATYPE="1" />
    <RMPAttributeDetails ATTR_ID="ADSIAMADAttributes:ATTRIB_ID:2503" ATTRIB_MASK_INDEX="2503" TAB_NAME="Membership" BACKUP_DATATYPE="1" />
	

</RMPAttributesSettings>
<!--$Id$-->
