<?xml version="1.0" encoding="UTF-8"?>
<RmpProductConfiguration>
<RMPProductConfig DOMAIN_DISCOVERY_STATUS="1"/>
<RmpProductConfigurations SETTING_NAME="Domain_wise_Split" SETTING_VALUE="RMPObjMetaVerInfo" PRIORITY="1" />
<RmpProductConfigurations SETTING_NAME="Domain_wise_Split" SETTING_VALUE="RMPObjCurrentInfo" PRIORITY="2" />
<RmpProductConfigurations SETTING_NAME="Domain_wise_Split" SETTING_VALUE="RMPObjVerInfo" PRIORITY="3" />
<RmpProductConfigurations SETTING_NAME="Domain_wise_Split" SETTING_VALUE="RMPAttributesBackupInfo" PRIORITY="4" />
<RmpProductConfigurations SETTING_NAME="Domain_wise_Split" SETTING_VALUE="RMPRangedAttributes" PRIORITY="5" />
<RmpProductConfigurations SETTING_NAME="Domain_wise_Split" SETTING_VALUE="RMPGPOLinkAttributes" PRIORITY="6" />

<TaskEngine_Task task_id="TaskEngine_Task:task_id:retention" task_name="Retention" class_name="com.manageengine.rmp.dashboard.ScheduleRetention"/>

<Schedule schedule_id="Schedule:schedule_id:retention" schedule_name="retention_schedule" description="daily schedule for backup retention">
    <calendar repeat_frequency="Daily" time_of_day="19" unit_of_time="Hours" schedule_id="Schedule:schedule_id:retention" />
    <Scheduled_Task task_id="TaskEngine_Task:task_id:retention">
        <Task_Input instance_id="Task_Input:instance_id:retention1" task_id="TaskEngine_Task:task_id:retention">
        </Task_Input>
    </Scheduled_Task>
</Schedule>

<TaskEngine_Task TASK_ID="TaskEngine_Task:TASK_ID:bmrdcdiscoverytask" TASK_NAME="BMRDCDiscoveryTask" CLASS_NAME="com.manageengine.rmp.bmr.schedule.BMRNewDc"/>
    
<Schedule SCHEDULE_ID="Schedule:SCHEDULE_ID:bmrdcdiscoverytask" SCHEDULE_NAME="BMRDCDiscoverySchedule" DESCRIPTION="Schedule to discover any new DCs">
        <Calendar REPEAT_FREQUENCY="Daily" TIME_OF_DAY="23" UNIT_OF_TIME="Hours" SCHEDULE_ID="Schedule:SCHEDULE_ID:bmrdcdiscoverytask" />
	
	  <Scheduled_Task TASK_ID="TaskEngine_Task:TASK_ID:bmrdcdiscoverytask">
			<Task_Input INSTANCE_ID="Task_Input:INSTANCE_ID:bmrdcdiscoverytask1" TASK_ID="TaskEngine_Task:TASK_ID:bmrdcdiscoverytask">
			</Task_Input>
      </Scheduled_Task>
    </Schedule>
    
    <TaskEngine_Task task_id="TaskEngine_Task:TASK_ID:virtualconfigurationrefresh" task_name="RefreshConfiguration" class_name="com.manageengine.rmp.virtual.RefreshTask"/>
<Schedule schedule_id="Schedule:SCHEDULE_ID:virtualconfigurationrefresh" schedule_name="RefreshConfiguration_schedule" description="daily schedule for Refreshing Virtual Configuration">
    <calendar repeat_frequency="Daily" time_of_day="23" unit_of_time="Hours" schedule_id="Schedule:SCHEDULE_ID:virtualconfigurationrefresh" />
    <Scheduled_Task task_id="TaskEngine_Task:TASK_ID:virtualconfigurationrefresh">
        <Task_Input instance_id="Task_Input:INSTANCE_ID:virtualconfigurationrefresh1" task_id="TaskEngine_Task:TASK_ID:virtualconfigurationrefresh">
        </Task_Input>
    </Scheduled_Task>
</Schedule>

<!-- Custom Attributes Full backup schedule 
    <task>
        <Schedule schedule_id="Schedule:schedule_id:CustomAttr" schedule_name="Schedule1" >
            <Periodic start_date="2010-01-01 00:00:00" time_period="3" unit_of_time="hours" />
        </Schedule>

           <TaskEngine_Task task_id="TaskEngine_Task:task_id:CustomAttr" task_name="CustomAttrBackupTask" class_name="com.manageengine.rmp.settings.customattributes.CustomAttributesBackup" >
               <Scheduled_Task schedule_id="Schedule:schedule_id:CustomAttr" >
                   <Task_Input instance_id="Task_Input:instance_id:CustomAttr1" />
               </Scheduled_Task>
           </TaskEngine_Task>
       </task>
    Custom Attributes Full backup schedule end -->

</RmpProductConfiguration>


<!--$Id$-->
