<?xml version="1.0" encoding="UTF-8"?>
<RMPWorkflowConfigurations>

<RMPWorkflowConfiguration WORKFLOW_ID="1" WORKFLOW_NAME="DEFAULT_ROLLBACK" TASK_ID="1" EXECUTION_ORDER="1"/>
<RMPWorkflowConfiguration WORKFLOW_ID="1" WORKFLOW_NAME="DEFAULT_ROLLBACK" TASK_ID="2" EXECUTION_ORDER="2"/>
<RMPWorkflowConfiguration WORKFLOW_ID="1" WORKFLOW_NAME="DEFAULT_ROLLBACK" TASK_ID="3" EXECUTION_ORDER="3" TO_WAIT="true"/>

<!--<RMPWorkflowConfiguration WORKFLOW_ID="2" WORKFLOW_NAME="DEFAULT_RESTORE" TASK_ID="1" EXECUTION_ORDER="1"/>
<RMPWorkflowConfiguration WORKFLOW_ID="2" WORKFLOW_NAME="DEFAULT_RESTORE" TASK_ID="4" EXECUTION_ORDER="2"/>

<RMPWorkflowConfiguration WORKFLOW_ID="3" WORKFLOW_NAME="DEFAULT_REVERT" TASK_ID="1" EXECUTION_ORDER="1"/>
<RMPWorkflowConfiguration WORKFLOW_ID="3" WORKFLOW_NAME="DEFAULT_REVERT" TASK_ID="5" EXECUTION_ORDER="2"/>

<RMPWorkflowConfiguration WORKFLOW_ID="4" WORKFLOW_NAME="DEFAULT_REVERT_ALL" TASK_ID="1" EXECUTION_ORDER="1"/>
<RMPWorkflowConfiguration WORKFLOW_ID="4" WORKFLOW_NAME="DEFAULT_REVERT_ALL" TASK_ID="5" EXECUTION_ORDER="2"/>

<RMPWorkflowConfiguration WORKFLOW_ID="5" WORKFLOW_NAME="DEFAULT_RECYCLE" TASK_ID="1" EXECUTION_ORDER="1"/>
<RMPWorkflowConfiguration WORKFLOW_ID="5" WORKFLOW_NAME="DEFAULT_RECYCLE" TASK_ID="6" EXECUTION_ORDER="2"/>-->

</RMPWorkflowConfigurations>
<!--$Id$-->