<?xml version="1.0" encoding="UTF-8"?>
<License>
   <!--Please do not edit this license file. Editing this file will make the license invalid.-->
   <Users>
      <UserInfo Name="Evaluation User" CompanyName="Zoho Corp" EmailID="support@recoverymanagerplus.com" ACNTRL="NO" LicenseType="Free" Key="fPJ3fNTnJNPy7SxudJJDuzKSnPf7yfb7KJV7a7xnlcyXfySuJRpXGSKPdJ7XKaSDdJPVAaSSJcb9KbDcfpa7SNDndNKSAPlTnuP7xPJV">
         <ID>ID</ID>
      </UserInfo>
   </Users>
   <LicenseeDetails ID="ID">
      <Product Name="ManageEngine RecoveryManager Plus" Version="4.1.0.0" Type="Standard" Category="Standard"/>
      <Component Name="Objects">
         <Properties Name="NumberOfObjects" Value="unlimited"/>
      </Component>
      <Component Name="VSPHEREHOSTS">
         <Properties Name="NumberOfHosts" Value="0"/>
      </Component>
      <Component Name="WINDOWSSERVERS">
         <Properties Name="NumberOfServers" Value="0"/>
      </Component>
   </LicenseeDetails>
   <LicenseKey>0sRv3RvoFORvQmKnorgergooaOdnja0s4sjhFORvQmKnotoOhgrghpoeGv48m8LNKs4YvJQOFORvQmKns4YvJQOGRXGNX4oGRXGNX4o0I0I1ITsKLpsRviXNXMkRv3jYvrsvN8iNgviXNXMdjdj</LicenseKey>
</License>