<?xml version="1.0" encoding="UTF-8"?>
<License>
   <!--Please do not edit this license file. Editing this file will make the license invalid.-->
   <Users>
      <UserInfo Name="Evaluation User" CompanyName="Zoho Corporation" EmailID="support@recoverymanagerplus.com" ACNTRL="NO" NoOfDays="30" LicenseType="Evaluation" Key="f1PVQTxllAaDQaSnGAP71TbTJd99QaSSGRQV9NSPduPXfyTldVf917DJnPJ9QTxlnd9VSaTdnVV9GaTTKcVp9SDKKJfDunDKJPb9KbDcfpa7SNDndNKSAPlTnuzGxPJV">
         <ID>ID</ID>
      </UserInfo>
   </Users>
   <LicenseeDetails ID="ID">
      <Product Name="ManageEngine RecoveryManager Plus" Version="4.1.0.0" Type="Standard" Category="Standard"/>
      <Component Name="Objects">
         <Properties Name="NumberOfObjects" Value="unlimited"/>
      </Component>
      <Component Name="VSPHEREHOSTS">
         <Properties Name="NumberOfHosts" Value="unlimited"/>
      </Component>
      <Component Name="WINDOWSSERVERS">
         <Properties Name="NumberOfServers" Value="unlimited"/>
      </Component>
   </LicenseeDetails>
   <LicenseKey>Gv48m8LNKsRv3RvoFORvQmKnorgergooaOdnjaGv48m8LNKs4sjhFORvQmKnotoOhgrghpoeGv48m8LNKs4YvJQOFORvQmKns4YvJQOGRXGNX4oGRXGNX4o0I0I1ITsKLpsRviXNXMkRv3jYvrsvN8iNgviXNXMdjdj</LicenseKey>
</License>